Wavelength,220,222,224,226,228,230,232,234,236,238,240,242,244,246,248,250,252,254,256,258,260,262,264,266,268,270,272,274,276,278,280,282,284,286,288,290,292,294,296,298,300,302,304,306,308,310,312,314,316,318,320,322,324,326,328,330,332,334,336,338,340,342,344,346,348,350,352,354,356,358,360,362,364,366,368,370,372,374,376,378,380,382,384,386,388,390,392,394,396,398,400,402,404,406,408,410,412,414,416,418,420,422,424,426,428,430,432,434,436,438,440,442,444,446,448,450,452,454,456,458,460,462,464,466,468,470,472,474,476,478,480,482,484,486,488,490,492,494,496,498,500,502,504,506,508,510,512,514,516,518,520,522,524,526,528,530,532,534,536,538,540,542,544,546,548,550,552,554,556,558,560,562,564,566,568,570,572,574,576,578,580,582,584,586,588,590,592,594,596,598,600,602,604,606,608,610,612,614,616,618,620,622,624,626,628,630,632,634,636,638,640,642,644,646,648,650,652,654,656,658,660,662,664,666,668,670,672,674,676,678,680,682,684,686,688,690,692,694,696,698,700,702,704,706,708,710,712,714,716,718,720,722,724,726,728,730,732,734,736,738,740,742,744,746,748,750,752,754,756,758,760,762,764,766,768,770,772,774,776,778,780,782,784,786,788,790,792,794,796,798,800
Rohini,2.539,2.539,2.539,2.539,2.539,2.539,2.539,2.539,2.539,2.539,2.539,2.539,2.539,2.539,2.539,2.539,2.539,2.539,2.539,2.539,2.539,2.539,2.539,2.539,2.539,2.539,2.539,2.539,2.539,2.539,2.539,2.539,2.539,2.539,2.539,2.539,2.539,2.539,2.539,2.539,2.539,2.539,2.539,2.539,2.539,2.539,2.539,2.539,2.539,2.539,2.539,2.539,2.539,2.539,2.539,2.539,2.539,2.539,2.539,2.539,2.539,2.539,2.539,2.539,2.539,2.539,2.539,2.539,2.539,2.539,2.539,2.539,2.539,2.539,2.539,2.539,2.539,2.539,2.539,2.539,2.539,2.539,2.539,2.539,2.539,2.539,2.539,2.539,2.539,2.539,2.539,2.539,2.539,2.539,2.539,2.539,2.539,2.539,2.539,2.539,2.539,2.539,2.539,2.539,2.539,2.539,2.539,2.539,2.539,2.539,2.539,2.539,2.539,2.539,2.539,2.539,2.539,2.539,2.539,2.539,2.539,2.539,2.539,2.539,2.539,2.539,2.539,2.539,2.539,2.539,2.539,2.539,2.539,2.539,2.539,2.539,2.539,2.539,2.539,2.539,2.539,2.539,2.539,2.539,2.539,2.539,2.539,2.539,2.539,2.539,2.539,2.539,2.539,2.539,2.539,2.539,2.539,2.539,2.539,2.539,2.539,2.539,2.539,2.539,2.539,2.539,2.539,2.539,2.539,2.539,2.539,2.539,2.539,2.539,2.539,2.539,2.539,2.539,2.539,2.539,2.539,2.539,2.539,2.539,2.539,2.539,2.539,2.539,2.539,2.539,2.539,2.539,2.539,2.539,2.539,2.539,2.539,2.539,2.539,2.539,2.539,2.539,2.539,2.539,2.539,2.539,2.539,2.539,2.539,2.539,2.539,2.539,2.539,2.539,2.539,2.539,2.539,2.539,2.539,2.539,2.539,2.539,2.539,2.539,2.539,2.539,2.539,2.539,2.539,2.539,2.539,2.539,2.539,2.539,2.539,2.539,2.539,2.539,2.539,2.539,2.539,2.539,2.539,2.539,2.539,2.539,2.539,2.539,2.539,2.539,2.539,2.539,2.539,2.539,2.539,2.539,2.539,2.539,2.539,2.539,2.539,2.539,2.539,2.539,2.539,2.539,2.539,2.539,2.539,2.539,2.539,2.539,2.539,2.539,2.539,2.539,2.539,2.539,2.539,2.539,2.539,2.539,2.539,2.539,2.539,2.539,2.539,2.539,2.539,2.539,2.539
Rohini,2.471,2.471,2.471,2.471,2.471,2.471,2.471,2.471,2.471,2.471,2.471,2.471,2.471,2.471,2.471,2.471,2.471,2.471,2.471,2.471,2.471,2.471,2.471,2.471,2.471,2.471,2.471,2.471,2.471,2.471,2.471,2.471,2.471,2.471,2.471,2.471,2.471,2.471,2.471,2.471,2.471,2.471,2.471,2.471,2.471,2.471,2.471,2.471,2.471,2.471,2.471,2.471,2.471,2.471,2.471,2.471,2.471,2.471,2.471,2.471,2.471,2.471,2.471,2.471,2.471,2.471,2.471,2.471,2.471,2.471,2.471,2.471,2.471,2.471,2.471,2.471,2.471,2.471,2.471,2.471,2.471,2.471,2.471,2.471,2.471,2.471,2.471,2.471,2.471,2.471,2.471,2.471,2.471,2.471,2.471,2.471,2.471,2.471,2.471,2.471,2.471,2.471,2.471,2.471,2.471,2.471,2.471,2.471,2.471,2.471,2.471,2.471,2.471,2.471,2.471,2.471,2.471,2.471,2.471,2.471,2.471,2.471,2.471,2.471,2.471,2.471,2.471,2.471,2.471,2.471,2.471,2.471,2.471,2.471,2.471,2.471,2.471,2.471,2.471,2.471,2.471,2.471,2.471,2.471,2.471,2.471,2.471,2.471,2.471,2.471,2.471,2.471,2.471,2.471,2.471,2.471,2.471,2.471,2.471,2.471,2.471,2.471,2.471,2.471,2.471,2.471,2.471,2.471,2.471,2.471,2.471,2.471,2.471,2.471,2.471,2.471,2.471,2.471,2.471,2.471,2.471,2.471,2.471,2.471,2.471,2.471,2.471,2.471,2.471,2.471,2.471,2.471,2.471,2.471,2.471,2.471,2.471,2.471,2.471,2.471,2.471,2.471,2.471,2.471,2.471,2.471,2.471,2.471,2.471,2.471,2.471,2.471,2.471,2.471,2.471,2.471,2.471,2.471,2.471,2.471,2.471,2.471,2.471,2.471,2.471,2.471,2.471,2.471,2.471,2.471,2.471,2.471,2.471,2.471,2.471,2.471,2.471,2.471,2.471,2.471,2.471,2.471,2.471,2.471,2.471,2.471,2.471,2.471,2.471,2.471,2.471,2.471,2.471,2.471,2.471,2.471,2.471,2.471,2.471,2.471,2.471,2.471,2.471,2.471,2.471,2.471,2.471,2.471,2.471,2.471,2.471,2.471,2.471,2.471,2.471,2.471,2.471,2.471,2.471,2.471,2.471,2.471,2.471,2.471,2.471,2.471,2.471,2.471,2.471,2.471,2.471
Rohini,2.452,2.452,2.452,2.452,2.452,2.452,2.452,2.452,2.452,2.452,2.452,2.452,2.452,2.452,2.452,2.452,2.452,2.452,2.452,2.452,2.452,2.452,2.452,2.452,2.452,2.452,2.452,2.452,2.452,2.452,2.452,2.452,2.452,2.452,2.452,2.452,2.452,2.452,2.452,2.452,2.452,2.452,2.452,2.452,2.452,2.452,2.452,2.452,2.452,2.452,2.452,2.452,2.452,2.452,2.452,2.452,2.452,2.452,2.452,2.452,2.452,2.452,2.452,2.452,2.452,2.452,2.452,2.452,2.452,2.452,2.452,2.452,2.452,2.452,2.452,2.452,2.452,2.452,2.452,2.452,2.452,2.452,2.452,2.452,2.452,2.452,2.452,2.452,2.452,2.452,2.452,2.452,2.452,2.452,2.452,2.452,2.452,2.452,2.452,2.452,2.452,2.452,2.452,2.452,2.452,2.452,2.452,2.452,2.452,2.452,2.452,2.452,2.452,2.452,2.452,2.452,2.452,2.452,2.452,2.452,2.452,2.452,2.452,2.452,2.452,2.452,2.452,2.452,2.452,2.452,2.452,2.452,2.452,2.452,2.452,2.452,2.452,2.452,2.452,2.452,2.452,2.452,2.452,2.452,2.452,2.452,2.452,2.452,2.452,2.452,2.452,2.452,2.452,2.452,2.452,2.452,2.452,2.452,2.452,2.452,2.452,2.452,2.452,2.452,2.452,2.452,2.452,2.452,2.452,2.452,2.452,2.452,2.452,2.452,2.452,2.452,2.452,2.452,2.452,2.452,2.452,2.452,2.452,2.452,2.452,2.452,2.452,2.452,2.452,2.452,2.452,2.452,2.452,2.452,2.452,2.452,2.452,2.452,2.452,2.452,2.452,2.452,2.452,2.452,2.452,2.452,2.452,2.452,2.452,2.452,2.452,2.452,2.452,2.452,2.452,2.452,2.452,2.452,2.452,2.452,2.452,2.452,2.452,2.452,2.452,2.452,2.452,2.452,2.452,2.452,2.452,2.452,2.452,2.452,2.452,2.452,2.452,2.452,2.452,2.452,2.452,2.452,2.452,2.452,2.452,2.452,2.452,2.452,2.452,2.452,2.452,2.452,2.452,2.452,2.452,2.452,2.452,2.452,2.452,2.452,2.452,2.452,2.452,2.452,2.452,2.452,2.452,2.452,2.452,2.452,2.452,2.452,2.452,2.452,2.452,2.452,2.452,2.452,2.452,2.452,2.452,2.452,2.452,2.452,2.452,2.452,2.452,2.452,2.452,2.452,2.452
Rohini,2.424,2.424,2.424,2.424,2.424,2.424,2.424,2.424,2.424,2.424,2.424,2.424,2.424,2.424,2.424,2.424,2.424,2.424,2.424,2.424,2.424,2.424,2.424,2.424,2.424,2.424,2.424,2.424,2.424,2.424,2.424,2.424,2.424,2.424,2.424,2.424,2.424,2.424,2.424,2.424,2.424,2.424,2.424,2.424,2.424,2.424,2.424,2.424,2.424,2.424,2.424,2.424,2.424,2.424,2.424,2.424,2.424,2.424,2.424,2.424,2.424,2.424,2.424,2.424,2.424,2.424,2.424,2.424,2.424,2.424,2.424,2.424,2.424,2.424,2.424,2.424,2.424,2.424,2.424,2.424,2.424,2.424,2.424,2.424,2.424,2.424,2.424,2.424,2.424,2.424,2.424,2.424,2.424,2.424,2.424,2.424,2.424,2.424,2.424,2.424,2.424,2.424,2.424,2.424,2.424,2.424,2.424,2.424,2.424,2.424,2.424,2.424,2.424,2.424,2.424,2.424,2.424,2.424,2.424,2.424,2.424,2.424,2.424,2.424,2.424,2.424,2.424,2.424,2.424,2.424,2.424,2.424,2.424,2.424,2.424,2.424,2.424,2.424,2.424,2.424,2.424,2.424,2.424,2.424,2.424,2.424,2.424,2.424,2.424,2.424,2.424,2.424,2.424,2.424,2.424,2.424,2.424,2.424,2.424,2.424,2.424,2.424,2.424,2.424,2.424,2.424,2.424,2.424,2.424,2.424,2.424,2.424,2.424,2.424,2.424,2.424,2.424,2.424,2.424,2.424,2.424,2.424,2.424,2.424,2.424,2.424,2.424,2.424,2.424,2.424,2.424,2.424,2.424,2.424,2.424,2.424,2.424,2.424,2.424,2.424,2.424,2.424,2.424,2.424,2.424,2.424,2.424,2.424,2.424,2.424,2.424,2.424,2.424,2.424,2.424,2.424,2.424,2.424,2.424,2.424,2.424,2.424,2.424,2.424,2.424,2.424,2.424,2.424,2.424,2.424,2.424,2.424,2.424,2.424,2.424,2.424,2.424,2.424,2.424,2.424,2.424,2.424,2.424,2.424,2.424,2.424,2.424,2.424,2.424,2.424,2.424,2.424,2.424,2.424,2.424,2.424,2.424,2.424,2.424,2.424,2.424,2.424,2.424,2.424,2.424,2.424,2.424,2.424,2.424,2.424,2.424,2.424,2.424,2.424,2.424,2.424,2.424,2.424,2.424,2.424,2.424,2.424,2.424,2.424,2.424,2.424,2.424,2.424,2.424,2.424,2.424
Rohini,2.422,2.422,2.422,2.422,2.422,2.422,2.422,2.422,2.422,2.422,2.422,2.422,2.422,2.422,2.422,2.422,2.422,2.422,2.422,2.422,2.422,2.422,2.422,2.422,2.422,2.422,2.422,2.422,2.422,2.422,2.422,2.422,2.422,2.422,2.422,2.422,2.422,2.422,2.422,2.422,2.422,2.422,2.422,2.422,2.422,2.422,2.422,2.422,2.422,2.422,2.422,2.422,2.422,2.422,2.422,2.422,2.422,2.422,2.422,2.422,2.422,2.422,2.422,2.422,2.422,2.422,2.422,2.422,2.422,2.422,2.422,2.422,2.422,2.422,2.422,2.422,2.422,2.422,2.422,2.422,2.422,2.422,2.422,2.422,2.422,2.422,2.422,2.422,2.422,2.422,2.422,2.422,2.422,2.422,2.422,2.422,2.422,2.422,2.422,2.422,2.422,2.422,2.422,2.422,2.422,2.422,2.422,2.422,2.422,2.422,2.422,2.422,2.422,2.422,2.422,2.422,2.422,2.422,2.422,2.422,2.422,2.422,2.422,2.422,2.422,2.422,2.422,2.422,2.422,2.422,2.422,2.422,2.422,2.422,2.422,2.422,2.422,2.422,2.422,2.422,2.422,2.422,2.422,2.422,2.422,2.422,2.422,2.422,2.422,2.422,2.422,2.422,2.422,2.422,2.422,2.422,2.422,2.422,2.422,2.422,2.422,2.422,2.422,2.422,2.422,2.422,2.422,2.422,2.422,2.422,2.422,2.422,2.422,2.422,2.422,2.422,2.422,2.422,2.422,2.422,2.422,2.422,2.422,2.422,2.422,2.422,2.422,2.422,2.422,2.422,2.422,2.422,2.422,2.422,2.422,2.422,2.422,2.422,2.422,2.422,2.422,2.422,2.422,2.422,2.422,2.422,2.422,2.422,2.422,2.422,2.422,2.422,2.422,2.422,2.422,2.422,2.422,2.422,2.422,2.422,2.422,2.422,2.422,2.422,2.422,2.422,2.422,2.422,2.422,2.422,2.422,2.422,2.422,2.422,2.422,2.422,2.422,2.422,2.422,2.422,2.422,2.422,2.422,2.422,2.422,2.422,2.422,2.422,2.422,2.422,2.422,2.422,2.422,2.422,2.422,2.422,2.422,2.422,2.422,2.422,2.422,2.422,2.422,2.422,2.422,2.422,2.422,2.422,2.422,2.422,2.422,2.422,2.422,2.422,2.422,2.422,2.422,2.422,2.422,2.422,2.422,2.422,2.422,2.422,2.422,2.422,2.422,2.422,2.422,2.422,2.422
Rohini,2.779,3.571,3.457,3.106,3.590,3.621,3.290,3.372,3.534,3.512,3.448,3.519,3.514,3.556,3.534,3.521,3.506,3.481,3.544,3.606,3.616,3.493,3.594,3.603,3.636,3.440,3.564,3.599,3.502,3.491,3.392,3.379,3.609,3.518,3.375,3.553,3.518,3.585,3.606,3.533,3.598,3.545,3.506,3.541,3.618,3.628,3.616,3.513,3.533,3.524,3.535,3.503,3.407,3.403,3.574,3.537,3.544,3.574,3.502,3.487,3.272,3.578,3.539,3.551,3.481,3.520,3.530,3.607,3.454,3.530,3.503,3.329,3.534,3.556,3.275,3.124,3.590,3.560,3.511,3.504,3.520,3.371,3.628,3.568,3.526,3.573,3.575,3.635,3.100,3.195,3.604,3.619,3.602,3.511,3.581,3.549,3.419,3.528,3.613,3.504,3.517,3.580,3.571,3.556,3.544,3.294,3.318,3.247,3.246,3.188,3.136,3.115,3.058,3.044,2.977,3.002,2.881,2.979,2.862,2.922,2.812,2.837,2.806,2.764,2.854,2.841,2.764,2.809,2.661,2.533,2.645,2.494,2.615,2.520,2.435,2.333,2.297,2.338,2.211,2.277,2.166,2.304,2.148,2.200,2.192,2.136,2.164,2.061,2.030,2.063,2.100,2.010,2.021,1.912,1.922,1.950,1.949,1.887,1.872,1.916,1.962,1.882,1.963,1.866,1.881,1.823,1.906,1.805,1.850,1.863,1.853,1.836,1.758,1.853,1.867,1.748,1.725,1.724,1.829,1.794,1.770,1.809,1.735,1.797,1.780,1.704,1.703,1.747,1.678,1.715,1.644,1.664,1.678,1.726,1.670,1.709,1.770,1.634,1.657,1.700,1.736,1.721,1.720,1.720,1.645,1.709,1.636,1.706,1.617,1.668,1.625,1.575,1.628,1.692,1.631,1.595,1.655,1.667,1.576,1.704,1.632,1.631,1.609,1.556,1.663,1.610,1.583,1.621,1.622,1.631,1.587,1.662,1.621,1.582,1.644,1.632,1.633,1.584,1.652,1.626,1.611,1.651,1.642,1.551,1.526,1.644,1.546,1.545,1.638,1.614,1.511,1.552,1.601,1.571,1.590,1.623,1.574,1.518,1.506,1.555,1.631,1.526,1.604,1.542,1.489,1.507,1.567,1.572,1.532,1.615,1.568,1.506,1.599,1.631,1.487,1.543,1.520,1.512,1.527,1.599,1.533,1.514,1.571,1.556,1.490,1.566,1.553,1.586,1.552,1.571,1.512
Rohini,2.869,3.598,3.523,3.127,3.524,3.579,3.285,3.377,3.604,3.623,3.495,3.633,3.531,3.567,3.510,3.545,3.626,3.376,3.542,3.523,3.556,3.528,3.561,3.620,3.513,3.515,3.533,3.593,3.538,3.471,3.478,3.440,3.531,3.539,3.435,3.467,3.572,3.543,3.561,3.606,3.534,3.520,3.593,3.553,3.533,3.563,3.521,3.559,3.569,3.539,3.556,3.562,3.373,3.451,3.617,3.582,3.533,3.505,3.566,3.527,3.358,3.598,3.585,3.528,3.423,3.520,3.503,3.568,3.407,3.551,3.496,3.424,3.621,3.573,3.292,3.024,3.515,3.551,3.510,3.462,3.413,3.471,3.541,3.596,3.529,3.586,3.608,3.561,3.031,3.298,3.613,3.604,3.539,3.482,3.628,3.594,3.470,3.517,3.553,3.521,3.548,3.624,3.627,3.496,3.501,3.282,3.275,3.196,3.183,3.136,3.129,3.076,3.019,2.979,3.055,2.909,2.822,2.929,2.884,2.911,2.935,2.887,2.831,2.777,2.732,2.799,2.742,2.780,2.611,2.615,2.706,2.586,2.696,2.559,2.549,2.398,2.372,2.376,2.277,2.261,2.224,2.268,2.171,2.137,2.190,2.073,2.110,2.087,2.005,2.071,2.054,2.004,2.000,1.946,2.016,1.939,1.936,1.899,1.937,1.864,1.941,1.960,1.928,1.834,1.814,1.827,1.798,1.913,1.892,1.779,1.862,1.784,1.867,1.799,1.853,1.783,1.739,1.800,1.710,1.807,1.801,1.733,1.746,1.785,1.707,1.668,1.721,1.785,1.750,1.706,1.650,1.670,1.685,1.753,1.686,1.641,1.691,1.639,1.688,1.714,1.673,1.735,1.716,1.679,1.664,1.632,1.698,1.593,1.694,1.585,1.572,1.665,1.578,1.645,1.636,1.708,1.591,1.650,1.667,1.644,1.688,1.667,1.577,1.598,1.637,1.565,1.637,1.671,1.655,1.562,1.613,1.589,1.644,1.543,1.531,1.657,1.612,1.615,1.533,1.603,1.660,1.608,1.536,1.605,1.628,1.538,1.525,1.551,1.645,1.554,1.536,1.539,1.531,1.510,1.525,1.579,1.521,1.591,1.566,1.500,1.540,1.569,1.558,1.619,1.542,1.568,1.524,1.562,1.492,1.543,1.527,1.544,1.536,1.586,1.616,1.488,1.599,1.604,1.534,1.579,1.531,1.482,1.495,1.524,1.493,1.494,1.527,1.482,1.504,1.573,1.550
Rohini,2.854,3.593,3.582,3.143,3.581,3.574,3.256,3.408,3.606,3.572,3.505,3.622,3.545,3.523,3.515,3.510,3.572,3.476,3.536,3.528,3.633,3.467,3.529,3.571,3.608,3.438,3.500,3.616,3.589,3.520,3.464,3.453,3.516,3.577,3.431,3.464,3.555,3.582,3.536,3.587,3.531,3.539,3.526,3.619,3.515,3.596,3.551,3.611,3.546,3.558,3.638,3.586,3.444,3.461,3.629,3.588,3.591,3.557,3.551,3.472,3.327,3.621,3.478,3.525,3.485,3.442,3.636,3.587,3.458,3.558,3.502,3.379,3.596,3.594,3.309,3.043,3.511,3.549,3.543,3.508,3.485,3.502,3.581,3.621,3.540,3.613,3.630,3.582,3.068,3.301,3.638,3.560,3.638,3.451,3.596,3.623,3.483,3.528,3.581,3.534,3.519,3.596,3.563,3.557,3.566,3.248,3.273,3.202,3.187,3.239,3.144,3.190,3.060,3.072,3.081,2.919,2.931,2.930,2.868,2.868,2.851,2.794,2.844,2.786,2.834,2.719,2.766,2.712,2.618,2.623,2.744,2.539,2.703,2.517,2.453,2.389,2.306,2.367,2.342,2.283,2.164,2.199,2.131,2.148,2.064,2.167,2.182,2.114,2.035,2.080,1.989,2.007,2.023,1.988,1.991,2.025,1.984,1.973,1.876,1.981,1.917,1.871,1.838,1.936,1.872,1.869,1.837,1.903,1.792,1.848,1.862,1.879,1.829,1.832,1.805,1.858,1.827,1.826,1.828,1.759,1.826,1.827,1.808,1.733,1.687,1.775,1.770,1.703,1.709,1.709,1.642,1.658,1.754,1.698,1.712,1.755,1.639,1.672,1.703,1.682,1.704,1.667,1.710,1.604,1.662,1.668,1.664,1.621,1.695,1.704,1.578,1.643,1.676,1.698,1.687,1.574,1.611,1.604,1.600,1.633,1.687,1.590,1.588,1.686,1.669,1.687,1.584,1.651,1.558,1.575,1.651,1.638,1.579,1.584,1.591,1.632,1.553,1.539,1.614,1.617,1.585,1.587,1.540,1.571,1.552,1.644,1.517,1.614,1.547,1.509,1.639,1.579,1.625,1.627,1.592,1.586,1.620,1.627,1.630,1.586,1.585,1.522,1.526,1.487,1.526,1.520,1.585,1.545,1.570,1.558,1.535,1.522,1.541,1.553,1.512,1.502,1.467,1.563,1.516,1.491,1.547,1.491,1.590,1.488,1.472,1.559,1.539,1.580,1.532,1.525,1.493
Rohini,2.772,3.632,3.472,3.109,3.546,3.604,3.228,3.446,3.559,3.603,3.489,3.606,3.632,3.536,3.634,3.453,3.605,3.491,3.632,3.527,3.580,3.462,3.514,3.611,3.562,3.498,3.585,3.520,3.525,3.473,3.428,3.389,3.623,3.544,3.505,3.506,3.599,3.623,3.555,3.530,3.550,3.566,3.543,3.529,3.563,3.556,3.529,3.559,3.591,3.586,3.623,3.634,3.424,3.363,3.513,3.631,3.588,3.521,3.617,3.589,3.383,3.607,3.526,3.533,3.446,3.431,3.625,3.534,3.468,3.636,3.483,3.414,3.558,3.583,3.370,3.056,3.594,3.522,3.576,3.475,3.435,3.438,3.614,3.595,3.515,3.571,3.624,3.570,3.028,3.280,3.616,3.493,3.636,3.521,3.541,3.599,3.526,3.513,3.558,3.623,3.605,3.511,3.561,3.541,3.517,3.380,3.283,3.247,3.138,3.175,3.136,3.061,3.051,3.058,3.053,3.026,2.881,2.942,2.903,2.929,2.938,2.783,2.780,2.873,2.820,2.818,2.680,2.806,2.661,2.538,2.697,2.539,2.585,2.450,2.478,2.417,2.299,2.305,2.286,2.247,2.207,2.298,2.178,2.142,2.135,2.133,2.118,2.047,2.032,2.051,1.969,1.987,2.028,1.906,1.996,2.019,1.874,1.924,1.861,1.913,1.852,1.937,1.946,1.914,1.927,1.906,1.874,1.876,1.857,1.770,1.761,1.775,1.793,1.739,1.867,1.822,1.807,1.773,1.807,1.780,1.710,1.733,1.796,1.796,1.804,1.789,1.687,1.762,1.674,1.754,1.726,1.717,1.716,1.711,1.742,1.757,1.743,1.713,1.625,1.679,1.641,1.626,1.674,1.710,1.679,1.667,1.579,1.693,1.702,1.597,1.683,1.666,1.610,1.694,1.596,1.669,1.702,1.619,1.657,1.653,1.650,1.690,1.636,1.652,1.685,1.597,1.640,1.542,1.545,1.676,1.599,1.539,1.609,1.538,1.582,1.528,1.540,1.613,1.633,1.574,1.576,1.559,1.552,1.629,1.572,1.616,1.626,1.604,1.554,1.635,1.533,1.529,1.588,1.585,1.620,1.566,1.585,1.520,1.516,1.504,1.549,1.551,1.550,1.529,1.542,1.583,1.551,1.523,1.508,1.549,1.508,1.488,1.516,1.589,1.585,1.558,1.480,1.476,1.515,1.591,1.522,1.608,1.484,1.587,1.586,1.572,1.579,1.572,1.510,1.520,1.483
Rohini,2.807,3.525,3.493,3.154,3.626,3.609,3.329,3.454,3.625,3.511,3.449,3.623,3.585,3.621,3.576,3.492,3.638,3.481,3.606,3.611,3.570,3.521,3.570,3.509,3.534,3.460,3.520,3.572,3.516,3.485,3.431,3.349,3.622,3.582,3.440,3.502,3.611,3.538,3.589,3.594,3.571,3.550,3.629,3.544,3.539,3.601,3.633,3.508,3.503,3.554,3.606,3.622,3.457,3.363,3.503,3.544,3.530,3.622,3.579,3.504,3.330,3.567,3.592,3.599,3.430,3.492,3.546,3.634,3.466,3.556,3.427,3.408,3.617,3.605,3.269,3.017,3.591,3.478,3.576,3.529,3.474,3.418,3.586,3.551,3.566,3.549,3.544,3.544,3.071,3.308,3.637,3.530,3.568,3.464,3.593,3.512,3.525,3.534,3.632,3.606,3.541,3.596,3.569,3.529,3.606,3.266,3.346,3.220,3.245,3.269,3.056,3.150,3.123,3.064,3.000,3.009,2.869,2.984,2.896,2.947,2.869,2.839,2.797,2.794,2.757,2.749,2.696,2.809,2.637,2.528,2.744,2.585,2.617,2.465,2.478,2.362,2.335,2.375,2.322,2.246,2.258,2.248,2.249,2.225,2.112,2.164,2.127,2.118,2.037,2.023,2.000,2.055,2.003,2.028,1.913,2.012,1.949,1.969,1.982,1.869,1.884,1.924,1.955,1.813,1.852,1.828,1.864,1.858,1.858,1.789,1.833,1.821,1.874,1.785,1.868,1.751,1.844,1.845,1.740,1.741,1.774,1.735,1.751,1.688,1.717,1.698,1.678,1.743,1.664,1.681,1.695,1.712,1.684,1.669,1.659,1.738,1.747,1.627,1.738,1.625,1.720,1.701,1.685,1.719,1.708,1.621,1.637,1.645,1.700,1.620,1.595,1.613,1.676,1.575,1.586,1.604,1.649,1.703,1.656,1.650,1.666,1.600,1.671,1.649,1.555,1.675,1.671,1.590,1.588,1.568,1.591,1.616,1.616,1.610,1.645,1.628,1.628,1.646,1.599,1.614,1.609,1.527,1.545,1.572,1.580,1.568,1.583,1.514,1.627,1.629,1.550,1.578,1.567,1.580,1.603,1.584,1.588,1.597,1.545,1.565,1.586,1.561,1.559,1.529,1.575,1.523,1.592,1.522,1.515,1.535,1.562,1.514,1.505,1.631,1.545,1.512,1.482,1.506,1.525,1.533,1.563,1.473,1.524,1.522,1.498,1.551,1.570,1.496,1.462,1.466,1.498
Rohini,2.534,3.359,3.516,2.594,3.177,3.545,3.262,3.388,3.260,3.586,3.425,3.594,3.510,3.521,3.621,3.509,3.396,3.366,3.522,3.643,3.604,3.534,3.360,3.546,3.481,3.548,3.587,3.617,3.517,3.446,3.500,3.381,3.311,3.585,3.543,3.275,3.621,3.550,3.559,3.422,3.512,3.513,3.540,3.552,3.622,3.563,3.365,3.583,3.571,3.564,3.317,3.537,2.793,3.123,3.252,3.013,3.457,3.487,3.440,2.661,2.827,3.418,3.405,3.102,3.625,3.534,3.539,3.621,3.577,3.564,3.128,3.040,3.276,3.535,3.343,3.215,3.583,3.390,3.461,3.496,3.310,3.585,3.550,3.359,3.638,3.317,3.394,3.514,3.405,3.364,3.464,3.546,3.521,3.630,3.599,3.544,3.526,3.579,3.618,3.570,3.548,3.591,3.510,3.391,3.205,2.968,2.823,2.717,2.541,2.464,2.361,2.165,2.105,2.039,2.063,1.892,1.806,1.757,1.742,1.632,1.600,1.522,1.514,1.494,1.376,1.371,1.335,1.322,1.267,1.259,1.268,1.190,1.186,1.207,1.175,1.152,1.096,1.043,1.015,1.008,0.990,1.009,0.973,1.072,0.947,1.039,0.932,0.943,1.024,0.945,0.868,0.988,0.850,0.901,0.872,0.890,0.820,0.793,0.798,0.850,0.831,0.853,0.872,0.792,0.789,0.777,0.869,0.822,0.861,0.813,0.772,0.743,0.822,0.827,0.777,0.724,0.816,0.799,0.760,0.651,0.762,0.789,0.686,0.677,0.745,0.711,0.761,0.634,0.760,0.741,0.668,0.746,0.674,0.634,0.740,0.727,0.625,0.693,0.664,0.646,0.711,0.651,0.701,0.557,0.697,0.700,0.624,0.549,0.662,0.613,0.555,0.648,0.614,0.569,0.676,0.531,0.654,0.587,0.635,0.654,0.549,0.641,0.599,0.550,0.596,0.559,0.547,0.518,0.582,0.532,0.544,0.622,0.509,0.593,0.605,0.599,0.617,0.600,0.507,0.616,0.514,0.481,0.556,0.473,0.594,0.537,0.586,0.571,0.533,0.460,0.544,0.501,0.453,0.482,0.585,0.504,0.459,0.569,0.498,0.519,0.502,0.502,0.479,0.440,0.462,0.543,0.524,0.483,0.569,0.567,0.410,0.461,0.558,0.510,0.533,0.520,0.531,0.497,0.468,0.401,0.498,0.482,0.431,0.403,0.538,0.398,0.465,0.465,0.409,0.391,0.391
Rohini,2.449,3.483,3.576,2.609,3.156,3.618,3.319,3.366,3.222,3.563,3.546,3.603,3.582,3.525,3.621,3.486,3.391,3.347,3.560,3.576,3.639,3.635,3.448,3.562,3.584,3.506,3.547,3.553,3.561,3.493,3.586,3.426,3.397,3.561,3.478,3.410,3.575,3.515,3.631,3.444,3.601,3.554,3.508,3.609,3.509,3.537,3.325,3.511,3.546,3.616,3.372,3.652,2.791,3.121,3.320,3.094,3.464,3.459,3.399,2.666,2.807,3.417,3.412,3.095,3.506,3.572,3.588,3.528,3.544,3.650,3.168,3.063,3.169,3.433,3.342,3.168,3.574,3.356,3.428,3.489,3.295,3.622,3.574,3.453,3.509,3.347,3.417,3.543,3.531,3.261,3.434,3.599,3.559,3.612,3.629,3.553,3.568,3.593,3.516,3.591,3.643,3.597,3.560,3.328,3.343,2.867,2.827,2.704,2.531,2.441,2.374,2.272,2.110,2.032,2.071,1.982,1.910,1.733,1.713,1.678,1.581,1.534,1.454,1.434,1.467,1.378,1.358,1.335,1.374,1.286,1.251,1.206,1.172,1.210,1.125,1.106,1.074,1.071,1.016,1.121,1.095,1.108,1.027,0.968,0.998,0.938,1.025,0.968,0.944,0.944,0.943,0.977,0.911,0.968,0.954,0.964,0.907,0.896,0.805,0.833,0.827,0.788,0.902,0.809,0.811,0.872,0.734,0.877,0.862,0.845,0.820,0.755,0.710,0.735,0.827,0.814,0.797,0.693,0.758,0.705,0.778,0.756,0.696,0.642,0.732,0.681,0.688,0.634,0.635,0.763,0.605,0.643,0.728,0.652,0.713,0.638,0.734,0.609,0.623,0.644,0.665,0.690,0.638,0.707,0.611,0.577,0.622,0.542,0.594,0.610,0.534,0.533,0.576,0.568,0.631,0.675,0.675,0.604,0.576,0.649,0.602,0.515,0.547,0.552,0.595,0.629,0.555,0.603,0.503,0.629,0.607,0.620,0.511,0.554,0.524,0.525,0.484,0.494,0.477,0.488,0.480,0.464,0.561,0.573,0.564,0.593,0.591,0.489,0.498,0.506,0.459,0.465,0.531,0.559,0.544,0.577,0.497,0.506,0.466,0.547,0.524,0.563,0.515,0.435,0.562,0.488,0.522,0.526,0.503,0.544,0.478,0.436,0.430,0.517,0.407,0.447,0.421,0.475,0.527,0.508,0.546,0.511,0.400,0.436,0.428,0.481,0.478,0.497,0.417,0.475,0.400
Rohini,2.443,3.470,3.652,2.616,3.137,3.656,3.362,3.401,3.279,3.647,3.449,3.593,3.509,3.431,3.649,3.480,3.439,3.316,3.559,3.595,3.593,3.502,3.453,3.643,3.546,3.501,3.555,3.646,3.632,3.377,3.484,3.351,3.441,3.656,3.504,3.354,3.532,3.628,3.558,3.527,3.508,3.590,3.578,3.652,3.544,3.546,3.331,3.568,3.532,3.603,3.260,3.531,2.773,3.052,3.349,2.986,3.443,3.428,3.421,2.685,2.813,3.409,3.494,3.139,3.626,3.623,3.502,3.646,3.506,3.579,3.161,3.102,3.285,3.440,3.280,3.209,3.616,3.271,3.466,3.464,3.425,3.608,3.514,3.319,3.625,3.407,3.394,3.651,3.469,3.344,3.454,3.613,3.643,3.542,3.594,3.539,3.654,3.622,3.583,3.563,3.528,3.522,3.528,3.385,3.296,2.958,2.788,2.594,2.444,2.403,2.289,2.260,2.119,2.103,2.031,1.962,1.905,1.828,1.770,1.643,1.686,1.498,1.448,1.519,1.477,1.449,1.311,1.362,1.279,1.259,1.196,1.210,1.183,1.240,1.124,1.065,1.133,1.032,1.030,1.105,1.069,1.048,1.072,0.963,1.048,0.942,0.949,1.012,0.907,0.916,0.981,0.927,0.923,0.885,0.846,0.815,0.868,0.874,0.784,0.883,0.899,0.890,0.885,0.847,0.861,0.757,0.841,0.743,0.736,0.771,0.786,0.761,0.704,0.714,0.698,0.771,0.758,0.775,0.704,0.699,0.778,0.661,0.697,0.655,0.644,0.709,0.697,0.689,0.657,0.664,0.621,0.746,0.640,0.642,0.691,0.588,0.595,0.611,0.654,0.702,0.613,0.628,0.664,0.613,0.612,0.625,0.621,0.645,0.614,0.655,0.687,0.571,0.589,0.533,0.633,0.584,0.519,0.538,0.555,0.562,0.534,0.605,0.565,0.582,0.653,0.573,0.626,0.510,0.505,0.528,0.629,0.566,0.557,0.577,0.535,0.599,0.621,0.559,0.472,0.575,0.541,0.515,0.488,0.455,0.571,0.561,0.576,0.523,0.457,0.584,0.579,0.456,0.458,0.505,0.588,0.521,0.475,0.538,0.555,0.475,0.490,0.458,0.445,0.553,0.440,0.558,0.465,0.501,0.477,0.543,0.539,0.530,0.487,0.411,0.481,0.437,0.427,0.493,0.534,0.499,0.496,0.443,0.498,0.537,0.477,0.421,0.425,0.498,0.459,0.417,0.405
Rohini,2.426,3.370,3.612,2.533,3.224,3.531,3.287,3.361,3.276,3.602,3.560,3.608,3.594,3.416,3.593,3.468,3.439,3.265,3.601,3.636,3.526,3.649,3.460,3.534,3.564,3.489,3.452,3.598,3.566,3.498,3.516,3.447,3.341,3.534,3.548,3.364,3.624,3.509,3.621,3.422,3.589,3.548,3.509,3.510,3.535,3.588,3.301,3.577,3.574,3.593,3.366,3.509,2.871,3.027,3.307,2.988,3.360,3.526,3.441,2.640,2.727,3.484,3.453,3.180,3.517,3.606,3.594,3.569,3.615,3.627,3.208,3.042,3.227,3.544,3.295,3.238,3.586,3.323,3.393,3.442,3.399,3.578,3.616,3.421,3.533,3.419,3.353,3.589,3.479,3.299,3.358,3.543,3.604,3.625,3.613,3.589,3.563,3.624,3.577,3.561,3.558,3.509,3.566,3.420,3.340,2.919,2.868,2.721,2.514,2.467,2.346,2.252,2.153,2.137,1.964,2.002,1.774,1.857,1.693,1.652,1.684,1.612,1.509,1.551,1.473,1.441,1.406,1.308,1.279,1.296,1.288,1.212,1.237,1.153,1.232,1.163,1.169,1.140,1.018,1.065,1.053,1.069,1.098,0.957,1.034,0.922,0.953,0.938,0.986,0.867,0.937,0.972,0.882,0.884,0.969,0.953,0.897,0.901,0.821,0.793,0.852,0.787,0.785,0.746,0.893,0.773,0.840,0.743,0.746,0.738,0.748,0.822,0.791,0.705,0.797,0.816,0.765,0.736,0.764,0.804,0.674,0.693,0.669,0.767,0.689,0.654,0.752,0.756,0.760,0.703,0.630,0.748,0.669,0.700,0.738,0.689,0.682,0.686,0.604,0.698,0.667,0.637,0.621,0.674,0.686,0.691,0.614,0.562,0.627,0.538,0.663,0.568,0.564,0.531,0.529,0.648,0.557,0.668,0.582,0.587,0.654,0.547,0.512,0.579,0.550,0.571,0.498,0.618,0.557,0.619,0.597,0.556,0.564,0.630,0.477,0.538,0.547,0.589,0.554,0.592,0.524,0.562,0.578,0.465,0.523,0.589,0.548,0.600,0.456,0.476,0.487,0.451,0.572,0.462,0.573,0.524,0.543,0.565,0.457,0.498,0.564,0.572,0.534,0.541,0.459,0.507,0.470,0.530,0.455,0.434,0.468,0.408,0.543,0.509,0.471,0.415,0.427,0.552,0.481,0.516,0.522,0.417,0.413,0.545,0.392,0.471,0.395,0.446,0.402,0.413,0.421
Rohini,2.523,3.496,3.552,2.537,3.178,3.528,3.402,3.336,3.261,3.524,3.428,3.618,3.589,3.477,3.594,3.532,3.433,3.349,3.619,3.511,3.538,3.616,3.318,3.649,3.531,3.574,3.443,3.548,3.572,3.423,3.583,3.395,3.446,3.605,3.543,3.332,3.611,3.623,3.614,3.426,3.547,3.506,3.554,3.635,3.649,3.568,3.351,3.511,3.584,3.509,3.262,3.553,2.908,3.048,3.336,3.044,3.447,3.444,3.366,2.602,2.716,3.475,3.452,3.152,3.609,3.541,3.629,3.543,3.647,3.614,3.173,3.082,3.166,3.427,3.355,3.131,3.564,3.257,3.439,3.561,3.308,3.560,3.562,3.398,3.504,3.306,3.355,3.649,3.465,3.300,3.460,3.549,3.637,3.533,3.517,3.574,3.560,3.653,3.588,3.564,3.626,3.528,3.473,3.326,3.281,3.006,2.861,2.631,2.425,2.523,2.269,2.169,2.149,2.057,2.017,1.952,1.881,1.841,1.813,1.649,1.590,1.520,1.594,1.428,1.386,1.399,1.425,1.296,1.266,1.331,1.291,1.260,1.127,1.121,1.115,1.165,1.087,1.131,1.148,1.107,1.032,0.963,1.040,1.046,1.050,1.011,0.956,0.941,1.018,0.897,0.929,0.910,0.982,0.851,0.863,0.900,0.917,0.841,0.809,0.900,0.780,0.777,0.884,0.832,0.758,0.865,0.789,0.854,0.756,0.790,0.784,0.800,0.770,0.696,0.823,0.685,0.721,0.683,0.687,0.679,0.653,0.781,0.731,0.686,0.740,0.654,0.672,0.676,0.749,0.746,0.666,0.725,0.728,0.658,0.588,0.698,0.694,0.666,0.619,0.690,0.693,0.609,0.674,0.677,0.691,0.626,0.581,0.564,0.584,0.561,0.650,0.622,0.602,0.567,0.625,0.546,0.595,0.667,0.543,0.587,0.540,0.522,0.599,0.633,0.595,0.572,0.544,0.640,0.599,0.643,0.517,0.636,0.533,0.562,0.585,0.552,0.574,0.590,0.494,0.527,0.572,0.525,0.583,0.515,0.545,0.478,0.593,0.458,0.593,0.596,0.518,0.557,0.448,0.589,0.450,0.512,0.474,0.489,0.435,0.554,0.570,0.566,0.540,0.420,0.539,0.570,0.534,0.443,0.431,0.464,0.506,0.461,0.520,0.541,0.444,0.492,0.401,0.459,0.481,0.462,0.410,0.497,0.436,0.423,0.514,0.448,0.430,0.474,0.502,0.501,0.489
Rohini,2.387,3.571,3.427,2.613,3.227,3.621,3.231,3.426,3.286,3.400,3.422,3.498,3.514,3.556,3.517,3.612,3.506,3.479,3.544,3.606,3.616,3.559,3.594,3.575,3.636,3.448,3.548,3.599,3.502,3.374,3.461,3.410,3.542,3.353,3.334,3.397,3.518,3.585,3.606,3.533,3.440,3.233,3.506,3.541,3.618,3.628,3.477,3.513,3.533,3.524,3.535,3.503,3.127,3.429,3.399,3.537,3.544,3.474,3.502,3.392,3.167,3.290,3.574,3.235,3.312,3.407,3.123,3.607,3.580,3.530,3.158,3.187,3.141,3.364,3.292,2.997,3.590,3.457,3.361,3.402,3.363,3.300,3.387,3.568,3.526,3.573,3.564,3.635,3.405,3.030,3.431,3.629,3.490,3.547,3.581,3.549,3.530,3.460,3.613,3.504,3.517,3.580,3.571,3.578,3.544,3.547,3.470,3.517,3.543,3.553,3.600,3.542,3.566,3.473,3.407,3.440,3.157,3.326,3.263,3.258,3.234,3.006,2.965,2.956,2.925,3.072,2.877,2.859,2.722,2.742,2.733,2.719,2.725,2.709,2.633,2.592,2.585,2.602,2.505,2.595,2.513,2.621,2.494,2.514,2.506,2.517,2.544,2.463,2.414,2.442,2.479,2.380,2.427,2.316,2.321,2.380,2.387,2.293,2.299,2.347,2.398,2.328,2.394,2.313,2.308,2.265,2.384,2.280,2.312,2.312,2.304,2.288,2.237,2.322,2.333,2.204,2.188,2.197,2.282,2.245,2.224,2.276,2.214,2.299,2.257,2.162,2.149,2.216,2.138,2.163,2.088,2.101,2.113,2.180,2.112,2.159,2.230,2.082,2.105,2.144,2.174,2.172,2.180,2.164,2.084,2.163,2.065,2.146,2.070,2.103,2.059,2.003,2.061,2.137,2.074,2.023,2.088,2.099,2.021,2.140,2.057,2.052,2.045,1.981,2.077,2.037,2.009,2.030,2.038,2.050,2.011,2.077,2.020,1.988,2.052,2.041,2.023,1.979,2.050,2.027,2.012,2.053,2.048,1.960,1.924,2.023,1.938,1.936,2.018,1.992,1.913,1.936,1.975,1.957,1.981,2.016,1.963,1.889,1.870,1.910,2.005,1.897,1.955,1.912,1.855,1.866,1.910,1.930,1.896,1.965,1.913,1.861,1.948,1.980,1.844,1.905,1.872,1.858,1.860,1.936,1.884,1.845,1.920,1.898,1.826,1.901,1.899,1.916,1.872,1.899,1.844
Rohini,2.477,3.598,3.493,2.634,3.161,3.579,3.226,3.431,3.356,3.511,3.469,3.612,3.531,3.567,3.493,3.636,3.626,3.374,3.542,3.523,3.556,3.594,3.561,3.592,3.513,3.523,3.517,3.593,3.538,3.354,3.547,3.471,3.464,3.374,3.394,3.311,3.572,3.543,3.561,3.606,3.376,3.208,3.593,3.553,3.533,3.563,3.382,3.559,3.569,3.539,3.556,3.562,3.093,3.477,3.442,3.582,3.533,3.405,3.566,3.432,3.253,3.310,3.620,3.212,3.254,3.407,3.096,3.568,3.533,3.551,3.151,3.282,3.228,3.381,3.309,2.897,3.515,3.448,3.360,3.360,3.256,3.400,3.300,3.596,3.529,3.586,3.597,3.561,3.336,3.133,3.440,3.614,3.427,3.518,3.628,3.594,3.581,3.449,3.553,3.521,3.548,3.624,3.627,3.518,3.501,3.535,3.427,3.466,3.480,3.501,3.593,3.503,3.527,3.408,3.485,3.347,3.098,3.276,3.285,3.247,3.357,3.056,2.990,2.969,2.803,3.030,2.855,2.830,2.672,2.824,2.794,2.811,2.806,2.748,2.747,2.657,2.660,2.640,2.571,2.579,2.571,2.585,2.517,2.451,2.504,2.454,2.490,2.489,2.389,2.450,2.433,2.374,2.406,2.350,2.415,2.369,2.374,2.305,2.364,2.295,2.377,2.406,2.359,2.281,2.241,2.269,2.276,2.388,2.354,2.228,2.313,2.236,2.346,2.268,2.319,2.239,2.202,2.273,2.163,2.258,2.255,2.200,2.225,2.287,2.184,2.126,2.167,2.254,2.210,2.154,2.094,2.107,2.120,2.207,2.128,2.091,2.151,2.087,2.136,2.158,2.111,2.186,2.176,2.123,2.103,2.086,2.127,2.033,2.147,2.020,2.006,2.093,2.011,2.090,2.079,2.136,2.024,2.082,2.112,2.080,2.113,2.088,2.013,2.023,2.051,1.992,2.063,2.080,2.071,1.981,2.037,2.004,2.043,1.949,1.939,2.066,2.002,2.010,1.931,2.004,2.061,2.010,1.942,2.014,2.026,1.917,1.917,1.942,2.025,1.932,1.938,1.923,1.905,1.896,1.916,1.972,1.910,1.962,1.930,1.855,1.914,1.940,1.909,1.989,1.908,1.927,1.867,1.920,1.856,1.893,1.872,1.899,1.885,1.935,1.973,1.850,1.951,1.950,1.867,1.916,1.882,1.813,1.844,1.866,1.829,1.829,1.873,1.812,1.824,1.901,1.882
Rohini,2.462,3.593,3.552,2.650,3.218,3.574,3.197,3.462,3.358,3.460,3.479,3.601,3.545,3.523,3.498,3.601,3.572,3.474,3.536,3.528,3.633,3.533,3.529,3.543,3.608,3.446,3.484,3.616,3.589,3.403,3.533,3.484,3.449,3.412,3.390,3.308,3.555,3.582,3.536,3.587,3.373,3.227,3.526,3.619,3.515,3.596,3.412,3.611,3.546,3.558,3.638,3.586,3.164,3.487,3.454,3.588,3.591,3.457,3.551,3.377,3.222,3.333,3.513,3.209,3.316,3.329,3.229,3.587,3.584,3.558,3.157,3.237,3.203,3.402,3.326,2.916,3.511,3.446,3.393,3.406,3.328,3.431,3.340,3.621,3.540,3.613,3.619,3.582,3.373,3.136,3.465,3.570,3.526,3.487,3.596,3.623,3.594,3.460,3.581,3.534,3.519,3.596,3.563,3.579,3.566,3.501,3.425,3.472,3.484,3.604,3.608,3.617,3.568,3.501,3.511,3.357,3.207,3.277,3.269,3.204,3.273,2.963,3.003,2.978,2.905,2.950,2.879,2.762,2.679,2.832,2.832,2.764,2.813,2.706,2.651,2.648,2.594,2.631,2.636,2.601,2.511,2.516,2.477,2.462,2.378,2.548,2.562,2.516,2.419,2.459,2.368,2.377,2.429,2.392,2.390,2.455,2.422,2.379,2.303,2.412,2.353,2.317,2.269,2.383,2.299,2.311,2.315,2.378,2.254,2.297,2.313,2.331,2.308,2.301,2.271,2.314,2.290,2.299,2.281,2.210,2.280,2.294,2.287,2.235,2.164,2.233,2.216,2.172,2.169,2.157,2.086,2.095,2.189,2.152,2.154,2.205,2.099,2.120,2.151,2.126,2.142,2.118,2.170,2.048,2.101,2.122,2.093,2.061,2.148,2.139,2.012,2.071,2.109,2.143,2.130,2.002,2.044,2.036,2.045,2.069,2.112,2.011,2.024,2.111,2.083,2.114,2.010,2.060,1.974,1.994,2.075,2.053,1.978,1.990,1.999,2.041,1.943,1.934,2.012,2.018,1.986,1.989,1.946,1.980,1.950,2.023,1.909,2.005,1.927,1.887,2.041,1.963,1.999,2.013,1.983,1.979,2.009,1.998,1.994,1.941,1.959,1.893,1.877,1.857,1.892,1.879,1.928,1.903,1.934,1.908,1.880,1.877,1.890,1.902,1.869,1.864,1.819,1.909,1.849,1.828,1.898,1.822,1.939,1.830,1.808,1.894,1.885,1.910,1.852,1.853,1.825
Rohini,2.380,3.632,3.442,2.616,3.183,3.604,3.169,3.500,3.311,3.491,3.463,3.585,3.632,3.536,3.617,3.544,3.605,3.489,3.632,3.527,3.580,3.528,3.514,3.583,3.562,3.506,3.569,3.520,3.525,3.356,3.497,3.420,3.556,3.379,3.464,3.350,3.599,3.623,3.555,3.530,3.392,3.254,3.543,3.529,3.563,3.556,3.390,3.559,3.591,3.586,3.623,3.634,3.144,3.389,3.338,3.631,3.588,3.421,3.617,3.494,3.278,3.319,3.561,3.217,3.277,3.318,3.218,3.534,3.594,3.636,3.138,3.272,3.165,3.391,3.387,2.929,3.594,3.419,3.426,3.373,3.278,3.367,3.373,3.595,3.515,3.571,3.613,3.570,3.333,3.115,3.443,3.503,3.524,3.557,3.541,3.599,3.637,3.445,3.558,3.623,3.605,3.511,3.561,3.563,3.517,3.633,3.435,3.517,3.435,3.540,3.600,3.488,3.559,3.487,3.483,3.464,3.157,3.289,3.304,3.265,3.360,2.952,2.939,3.065,2.891,3.049,2.793,2.856,2.722,2.747,2.785,2.764,2.695,2.639,2.676,2.676,2.587,2.569,2.580,2.565,2.554,2.615,2.524,2.456,2.449,2.514,2.498,2.449,2.416,2.430,2.348,2.357,2.434,2.310,2.395,2.449,2.312,2.330,2.288,2.344,2.288,2.383,2.377,2.361,2.354,2.348,2.352,2.351,2.319,2.219,2.212,2.227,2.272,2.208,2.333,2.278,2.270,2.246,2.260,2.231,2.164,2.200,2.275,2.298,2.281,2.247,2.133,2.231,2.134,2.202,2.170,2.154,2.151,2.165,2.184,2.207,2.203,2.161,2.073,2.123,2.079,2.077,2.134,2.154,2.118,2.121,2.008,2.133,2.155,2.032,2.117,2.094,2.043,2.139,2.039,2.097,2.135,2.051,2.102,2.089,2.075,2.111,2.072,2.077,2.099,2.024,2.066,1.951,1.961,2.095,2.023,1.954,2.008,1.944,1.990,1.937,1.930,2.008,2.031,1.975,1.977,1.961,1.958,2.038,1.970,1.995,2.018,1.995,1.934,2.013,1.935,1.913,1.962,1.971,2.011,1.959,1.974,1.891,1.880,1.859,1.923,1.922,1.901,1.899,1.908,1.942,1.894,1.881,1.872,1.899,1.853,1.843,1.865,1.938,1.942,1.920,1.832,1.822,1.848,1.928,1.873,1.939,1.833,1.929,1.922,1.907,1.925,1.902,1.830,1.848,1.815
Rohini,2.415,3.525,3.463,2.661,3.263,3.609,3.270,3.508,3.377,3.399,3.423,3.602,3.585,3.621,3.559,3.583,3.638,3.479,3.606,3.611,3.570,3.587,3.570,3.481,3.534,3.468,3.504,3.572,3.516,3.368,3.500,3.380,3.555,3.417,3.399,3.346,3.611,3.538,3.589,3.594,3.413,3.238,3.629,3.544,3.539,3.601,3.494,3.508,3.503,3.554,3.606,3.622,3.177,3.389,3.328,3.544,3.530,3.522,3.579,3.409,3.225,3.279,3.627,3.283,3.261,3.379,3.139,3.634,3.592,3.556,3.082,3.266,3.224,3.413,3.286,2.890,3.591,3.375,3.426,3.427,3.317,3.347,3.345,3.551,3.566,3.549,3.533,3.544,3.376,3.143,3.464,3.540,3.456,3.500,3.593,3.512,3.636,3.466,3.632,3.606,3.541,3.596,3.569,3.551,3.606,3.519,3.498,3.490,3.542,3.634,3.520,3.577,3.631,3.493,3.430,3.447,3.145,3.331,3.297,3.283,3.291,3.008,2.956,2.986,2.828,2.980,2.809,2.859,2.698,2.737,2.832,2.810,2.727,2.654,2.676,2.621,2.623,2.639,2.616,2.564,2.605,2.565,2.595,2.539,2.426,2.545,2.507,2.520,2.421,2.402,2.379,2.425,2.409,2.432,2.312,2.442,2.387,2.375,2.409,2.300,2.320,2.370,2.386,2.260,2.279,2.270,2.342,2.333,2.320,2.238,2.284,2.273,2.353,2.254,2.334,2.207,2.307,2.318,2.193,2.192,2.228,2.202,2.230,2.190,2.194,2.156,2.124,2.212,2.124,2.129,2.139,2.149,2.119,2.123,2.101,2.188,2.207,2.075,2.186,2.069,2.158,2.152,2.145,2.163,2.147,2.075,2.066,2.085,2.153,2.055,2.029,2.041,2.109,2.020,2.029,2.032,2.082,2.135,2.101,2.086,2.091,2.021,2.107,2.074,1.969,2.102,2.097,1.999,2.004,1.987,2.015,2.031,2.015,2.016,2.053,2.037,2.018,2.041,1.997,2.015,2.010,1.929,1.951,1.981,1.978,1.947,1.975,1.905,2.007,2.007,1.952,1.962,1.941,1.966,1.994,1.977,1.977,1.968,1.909,1.920,1.960,1.932,1.910,1.899,1.941,1.882,1.935,1.880,1.879,1.885,1.907,1.869,1.854,1.980,1.902,1.874,1.834,1.852,1.858,1.870,1.914,1.804,1.873,1.864,1.834,1.886,1.916,1.826,1.782,1.794,1.830
Rohini,2.352,3.500,3.419,2.598,3.137,3.500,3.166,3.383,3.252,3.388,3.405,3.479,3.500,3.500,3.483,3.500,3.500,3.356,3.500,3.500,3.500,3.500,3.500,3.472,3.500,3.429,3.448,3.500,3.500,3.339,3.417,3.367,3.433,3.335,3.331,3.277,3.500,3.500,3.500,3.500,3.342,3.188,3.500,3.500,3.500,3.500,3.361,3.500,3.500,3.500,3.500,3.500,3.041,3.350,3.325,3.500,3.500,3.400,3.500,3.356,3.160,3.212,3.500,3.184,3.233,3.276,3.093,3.500,3.500,3.500,3.037,3.178,3.107,3.308,3.249,2.868,3.500,3.331,3.350,3.309,3.252,3.294,3.259,3.500,3.500,3.500,3.489,3.500,3.312,3.022,3.327,3.500,3.388,3.481,3.500,3.500,3.500,3.432,3.500,3.500,3.500,3.500,3.500,3.500,3.500,3.500,3.392,3.408,3.428,3.500,3.500,3.479,3.500,3.380,3.379,3.338,3.089,3.200,3.256,3.163,3.232,2.938,2.915,2.933,2.794,2.944,2.751,2.726,2.671,2.708,2.714,2.717,2.689,2.610,2.618,2.578,2.578,2.551,2.502,2.497,2.507,2.504,2.471,2.420,2.375,2.446,2.425,2.417,2.380,2.358,2.345,2.326,2.335,2.308,2.296,2.336,2.311,2.269,2.286,2.274,2.277,2.285,2.258,2.255,2.218,2.232,2.266,2.264,2.243,2.218,2.205,2.197,2.222,2.202,2.197,2.178,2.179,2.183,2.152,2.149,2.146,2.159,2.161,2.181,2.148,2.121,2.108,2.129,2.114,2.100,2.085,2.076,2.071,2.099,2.070,2.082,2.093,2.069,2.062,2.060,2.055,2.070,2.067,2.047,2.045,2.047,2.006,2.024,2.034,2.007,2.004,2.000,2.007,2.018,2.016,1.998,1.997,1.997,2.008,2.003,1.989,1.985,1.994,1.978,1.964,1.981,1.973,1.946,1.960,1.961,1.962,1.950,1.932,1.936,1.931,1.933,1.912,1.915,1.914,1.926,1.924,1.920,1.922,1.919,1.913,1.887,1.899,1.901,1.891,1.884,1.905,1.887,1.878,1.887,1.885,1.898,1.885,1.867,1.856,1.845,1.870,1.865,1.835,1.854,1.854,1.845,1.820,1.846,1.850,1.836,1.824,1.833,1.830,1.842,1.836,1.834,1.818,1.815,1.793,1.802,1.823,1.802,1.827,1.808,1.793,1.793,1.810,1.784,1.778,1.790,1.791
Rohini,2.744,3.5,3.449,3.091,3.5,3.5,3.225,3.329,3.5,3.5,3.431,3.5,3.5,3.5,3.5,3.409,3.5,3.358,3.5,3.5,3.5,3.434,3.5,3.5,3.5,3.421,3.464,3.5,3.5,3.456,3.348,3.336,3.5,3.5,3.372,3.433,3.5,3.5,3.5,3.5,3.5,3.5,3.5,3.5,3.5,3.5,3.5,3.5,3.5,3.5,3.5,3.5,3.321,3.324,3.5,3.5,3.5,3.5,3.5,3.451,3.265,3.5,3.465,3.5,3.402,3.389,3.5,3.5,3.374,3.5,3.382,3.32,3.5,3.5,3.232,2.995,3.5,3.434,3.5,3.411,3.409,3.365,3.5,3.5,3.5,3.5,3.5,3.5,3.007,3.187,3.5,3.49,3.5,3.445,3.5,3.5,3.389,3.5,3.5,3.5,3.5,3.5,3.5,3.478,3.5,3.247,3.24,3.138,3.131,3.135,3.036,3.052,2.992,2.951,2.949,2.9,2.813,2.853,2.855,2.827,2.81,2.769,2.756,2.741,2.723,2.713,2.638,2.676,2.61,2.499,2.626,2.492,2.579,2.421,2.42,2.319,2.29,2.287,2.208,2.179,2.16,2.187,2.125,2.106,2.061,2.065,2.045,2.015,1.996,1.979,1.966,1.956,1.929,1.904,1.897,1.906,1.873,1.863,1.859,1.843,1.841,1.839,1.827,1.808,1.791,1.79,1.788,1.789,1.781,1.769,1.754,1.745,1.743,1.733,1.731,1.722,1.716,1.71,1.699,1.698,1.692,1.692,1.682,1.679,1.671,1.663,1.662,1.66,1.654,1.652,1.641,1.639,1.636,1.645,1.628,1.632,1.633,1.621,1.614,1.616,1.617,1.619,1.607,1.603,1.606,1.593,1.577,1.584,1.581,1.572,1.57,1.572,1.574,1.573,1.573,1.57,1.564,1.565,1.563,1.567,1.564,1.564,1.558,1.553,1.55,1.554,1.547,1.537,1.544,1.542,1.538,1.535,1.533,1.53,1.523,1.524,1.522,1.52,1.516,1.525,1.523,1.518,1.516,1.51,1.515,1.508,1.507,1.51,1.511,1.506,1.503,1.503,1.504,1.501,1.494,1.505,1.496,1.496,1.492,1.49,1.496,1.494,1.484,1.484,1.488,1.486,1.477,1.488,1.486,1.486,1.479,1.478,1.481,1.493,1.479,1.472,1.466,1.469,1.46,1.465,1.472,1.471,1.478,1.466,1.457,1.458,1.464,1.454,1.458,1.462,1.459
Rohini,2.385,3.357,3.5,2.496,3.134,3.5,3.261,3.285,3.215,3.5,3.405,3.479,3.5,3.372,3.5,3.384,3.295,3.242,3.5,3.5,3.5,3.5,3.304,3.5,3.435,3.435,3.439,3.5,3.5,3.359,3.452,3.346,3.31,3.5,3.43,3.256,3.5,3.5,3.5,3.411,3.5,3.5,3.5,3.5,3.5,3.5,3.217,3.465,3.5,3.5,3.233,3.5,2.755,3.011,3.208,2.975,3.35,3.381,3.337,2.592,2.674,3.337,3.387,3.045,3.5,3.5,3.5,3.5,3.493,3.5,3.095,3.014,3.15,3.399,3.251,3.12,3.5,3.249,3.327,3.408,3.271,3.474,3.5,3.315,3.5,3.279,3.333,3.5,3.376,3.215,3.329,3.5,3.5,3.5,3.5,3.5,3.5,3.5,3.5,3.5,3.5,3.5,3.432,3.292,3.202,2.859,2.712,2.573,2.388,2.382,2.245,2.153,2.066,1.983,1.92,1.848,1.771,1.723,1.67,1.605,1.556,1.494,1.443,1.405,1.363,1.328,1.289,1.258,1.23,1.2,1.175,1.144,1.124,1.097,1.076,1.055,1.04,1.022,1.001,0.986,0.972,0.958,0.943,0.932,0.919,0.908,0.895,0.884,0.873,0.864,0.855,0.84,0.832,0.823,0.815,0.808,0.794,0.786,0.78,0.771,0.764,0.759,0.751,0.743,0.737,0.73,0.724,0.72,0.713,0.707,0.7,0.695,0.69,0.684,0.679,0.673,0.667,0.662,0.656,0.65,0.645,0.64,0.637,0.631,0.626,0.623,0.619,0.615,0.61,0.607,0.602,0.597,0.594,0.592,0.587,0.584,0.583,0.578,0.573,0.57,0.567,0.564,0.559,0.556,0.553,0.549,0.543,0.541,0.538,0.534,0.531,0.529,0.526,0.525,0.522,0.52,0.518,0.516,0.514,0.513,0.512,0.509,0.506,0.504,0.502,0.5,0.497,0.494,0.491,0.489,0.486,0.483,0.48,0.476,0.473,0.472,0.468,0.466,0.463,0.461,0.461,0.457,0.454,0.452,0.451,0.45,0.448,0.447,0.445,0.443,0.44,0.438,0.437,0.436,0.434,0.433,0.431,0.43,0.427,0.426,0.425,0.424,0.421,0.419,0.418,0.417,0.415,0.415,0.412,0.41,0.408,0.407,0.407,0.408,0.403,0.401,0.4,0.399,0.397,0.396,0.395,0.393,0.392,0.39,0.389,0.39,0.387,0.385,0.384,0.384,0.382
Jivanti,3.527,3.521,3.613,3.519,3.605,3.593,3.507,3.517,3.611,3.632,3.629,3.552,3.535,3.599,3.559,3.224,3.542,3.513,3.503,3.381,3.549,3.528,3.544,3.62,3.617,3.511,3.606,3.561,3.624,3.551,3.505,3.545,3.534,3.513,3.531,3.516,3.514,3.592,3.582,3.585,3.605,3.513,3.491,3.337,3.509,3.626,3.556,3.615,3.563,3.526,3.638,3.549,3.562,3.576,3.558,3.521,3.318,3.12,3.415,3.555,3.59,3.609,3.615,3.167,2.889,3.638,3.584,3.516,3.511,3.624,3.595,3.597,3.608,3.539,3.604,3.561,3.538,3.608,3.553,3.554,2.982,3.615,3.539,3.509,3.603,3.538,3.513,3.375,3.539,3.182,3.594,3.581,3.528,3.607,3.386,3.564,3.551,3.309,3.13,2.817,2.424,2.136,1.864,1.711,1.456,1.344,1.189,1.162,1.008,0.979,0.878,0.939,0.802,0.8,0.754,0.714,0.703,0.694,0.546,0.6,0.591,0.493,0.438,0.491,0.405,0.482,0.374,0.394,0.41,0.463,0.343,0.366,0.397,0.336,0.384,0.377,0.403,0.352,0.316,0.342,0.346,0.295,0.312,0.344,0.235,0.318,0.3,0.337,0.303,0.298,0.225,0.258,0.21,0.218,0.302,0.238,0.253,0.204,0.299,0.191,0.287,0.23,0.259,0.3,0.269,0.179,0.238,0.299,0.249,0.194,0.251,0.183,0.219,0.243,0.198,0.261,0.186,0.154,0.175,0.227,0.149,0.18,0.15,0.156,0.261,0.213,0.221,0.138,0.147,0.133,0.136,0.13,0.207,0.137,0.203,0.166,0.163,0.157,0.198,0.186,0.224,0.231,0.214,0.129,0.203,0.138,0.143,0.123,0.127,0.198,0.219,0.209,0.207,0.148,0.181,0.22,0.158,0.24,0.143,0.153,0.128,0.111,0.152,0.112,0.214,0.107,0.141,0.154,0.239,0.146,0.13,0.206,0.124,0.121,0.228,0.232,0.133,0.225,0.114,0.194,0.106,0.129,0.168,0.205,0.096,0.141,0.104,0.097,0.152,0.134,0.162,0.12,0.147,0.117,0.205,0.17,0.14,0.127,0.162,0.088,0.113,0.205,0.152,0.092,0.132,0.133,0.191,0.213,0.143,0.153,0.117,0.184,0.172,0.097,0.122,0.197,0.208,0.142,0.125,0.183,0.143,0.129,0.189,0.096,0.122,0.104,0.217,0.209,0.139,0.1,0.156
Jivanti,3.627,3.59,3.59,3.525,3.502,3.531,3.614,3.511,3.571,3.583,3.628,3.518,3.556,3.604,3.599,3.24,3.516,3.549,3.527,3.275,3.533,3.526,3.595,3.616,3.561,3.511,3.588,3.533,3.618,3.536,3.613,3.604,3.508,3.532,3.607,3.504,3.561,3.516,3.609,3.571,3.575,3.6,3.453,3.374,3.622,3.614,3.504,3.583,3.563,3.576,3.624,3.556,3.614,3.541,3.513,3.62,3.333,3.189,3.438,3.564,3.633,3.506,3.506,3.143,2.892,3.507,3.638,3.603,3.531,3.579,3.544,3.575,3.583,3.582,3.543,3.556,3.508,3.551,3.591,3.56,2.975,3.621,3.616,3.524,3.629,3.564,3.525,3.445,3.593,3.174,3.579,3.636,3.475,3.521,3.451,3.571,3.573,3.246,3.121,2.794,2.39,2.102,1.904,1.71,1.565,1.383,1.321,1.109,1.03,0.954,0.881,0.941,0.787,0.82,0.73,0.667,0.677,0.657,0.605,0.533,0.53,0.534,0.502,0.508,0.506,0.474,0.396,0.37,0.448,0.335,0.447,0.411,0.353,0.398,0.382,0.306,0.292,0.274,0.331,0.38,0.355,0.288,0.352,0.322,0.283,0.287,0.293,0.257,0.341,0.268,0.252,0.239,0.266,0.329,0.292,0.316,0.306,0.29,0.213,0.242,0.298,0.283,0.217,0.213,0.3,0.18,0.299,0.277,0.202,0.27,0.194,0.184,0.245,0.187,0.17,0.19,0.157,0.229,0.222,0.148,0.15,0.198,0.178,0.203,0.162,0.248,0.242,0.227,0.167,0.178,0.229,0.168,0.207,0.262,0.242,0.26,0.253,0.147,0.261,0.156,0.132,0.251,0.205,0.218,0.183,0.195,0.189,0.203,0.179,0.216,0.177,0.125,0.128,0.154,0.208,0.191,0.13,0.15,0.188,0.154,0.212,0.199,0.194,0.206,0.198,0.225,0.105,0.199,0.121,0.175,0.186,0.118,0.186,0.184,0.209,0.14,0.181,0.122,0.174,0.121,0.147,0.107,0.182,0.122,0.159,0.189,0.174,0.18,0.168,0.123,0.181,0.223,0.202,0.14,0.114,0.181,0.127,0.201,0.209,0.175,0.187,0.106,0.115,0.144,0.172,0.121,0.196,0.205,0.186,0.103,0.22,0.221,0.136,0.123,0.201,0.18,0.128,0.111,0.192,0.112,0.099,0.171,0.191,0.201,0.116,0.14,0.158,0.104,0.187,0.211,0.178
Jivanti,3.576,3.599,3.579,3.539,3.586,3.504,3.523,3.613,3.587,3.559,3.522,3.604,3.585,3.51,3.545,3.324,3.589,3.558,3.556,3.298,3.611,3.548,3.554,3.584,3.601,3.516,3.509,3.633,3.584,3.531,3.502,3.599,3.528,3.568,3.542,3.597,3.618,3.538,3.553,3.576,3.621,3.536,3.378,3.401,3.542,3.516,3.544,3.605,3.544,3.629,3.536,3.588,3.546,3.584,3.573,3.519,3.439,3.111,3.45,3.523,3.56,3.613,3.507,3.092,2.902,3.608,3.533,3.587,3.609,3.545,3.551,3.527,3.549,3.589,3.513,3.58,3.579,3.533,3.579,3.579,2.897,3.611,3.534,3.629,3.533,3.572,3.533,3.493,3.59,3.24,3.573,3.552,3.488,3.506,3.383,3.584,3.553,3.305,3.054,2.839,2.432,2.105,1.912,1.659,1.525,1.416,1.199,1.152,1.084,1.025,0.935,0.843,0.878,0.819,0.789,0.707,0.723,0.701,0.664,0.593,0.515,0.594,0.515,0.527,0.426,0.442,0.43,0.452,0.463,0.403,0.38,0.368,0.37,0.34,0.312,0.32,0.327,0.309,0.359,0.288,0.314,0.272,0.294,0.289,0.275,0.285,0.36,0.265,0.355,0.317,0.303,0.34,0.276,0.263,0.282,0.308,0.249,0.312,0.252,0.192,0.217,0.293,0.244,0.239,0.27,0.304,0.271,0.275,0.197,0.263,0.196,0.159,0.161,0.16,0.155,0.225,0.28,0.224,0.182,0.173,0.198,0.267,0.213,0.255,0.173,0.151,0.181,0.269,0.211,0.221,0.242,0.16,0.189,0.146,0.157,0.159,0.126,0.218,0.128,0.166,0.22,0.157,0.178,0.216,0.248,0.118,0.233,0.121,0.149,0.206,0.218,0.129,0.207,0.185,0.141,0.141,0.159,0.185,0.148,0.192,0.171,0.176,0.224,0.24,0.185,0.221,0.207,0.194,0.232,0.218,0.216,0.165,0.194,0.219,0.197,0.11,0.098,0.168,0.126,0.206,0.121,0.158,0.117,0.145,0.127,0.102,0.149,0.145,0.214,0.106,0.145,0.182,0.153,0.095,0.198,0.125,0.163,0.119,0.115,0.149,0.207,0.177,0.088,0.114,0.16,0.148,0.111,0.102,0.2,0.163,0.119,0.155,0.14,0.218,0.087,0.196,0.125,0.196,0.192,0.098,0.093,0.157,0.131,0.121,0.097,0.112,0.136,0.082,0.21,0.209,0.192
Jivanti,3.624,3.518,3.537,3.525,3.514,3.511,3.537,3.584,3.573,3.57,3.554,3.551,3.623,3.521,3.539,3.249,3.552,3.523,3.589,3.366,3.616,3.621,3.637,3.606,3.549,3.534,3.637,3.512,3.598,3.548,3.578,3.539,3.627,3.561,3.509,3.634,3.544,3.563,3.573,3.543,3.562,3.614,3.389,3.454,3.594,3.504,3.509,3.569,3.515,3.586,3.61,3.592,3.548,3.541,3.618,3.556,3.318,3.133,3.384,3.522,3.613,3.523,3.553,3.2,2.878,3.533,3.517,3.591,3.534,3.524,3.526,3.605,3.581,3.594,3.561,3.612,3.588,3.588,3.528,3.638,2.915,3.584,3.586,3.531,3.593,3.623,3.554,3.459,3.538,3.217,3.573,3.556,3.526,3.546,3.422,3.622,3.54,3.178,3.086,2.907,2.391,2.173,1.942,1.732,1.567,1.344,1.269,1.198,1.099,1.054,0.89,0.895,0.877,0.747,0.738,0.736,0.725,0.649,0.558,0.533,0.585,0.526,0.475,0.506,0.502,0.464,0.434,0.482,0.415,0.448,0.36,0.374,0.324,0.395,0.287,0.311,0.331,0.377,0.293,0.313,0.356,0.301,0.244,0.265,0.265,0.242,0.241,0.304,0.344,0.275,0.346,0.23,0.225,0.265,0.246,0.249,0.232,0.229,0.284,0.304,0.31,0.183,0.202,0.242,0.218,0.191,0.295,0.211,0.251,0.274,0.221,0.235,0.252,0.229,0.2,0.211,0.196,0.286,0.164,0.257,0.157,0.274,0.239,0.215,0.262,0.202,0.264,0.146,0.171,0.185,0.149,0.153,0.205,0.241,0.153,0.138,0.21,0.145,0.142,0.129,0.16,0.164,0.169,0.192,0.252,0.194,0.216,0.215,0.164,0.162,0.118,0.169,0.23,0.243,0.178,0.245,0.211,0.199,0.147,0.17,0.151,0.193,0.155,0.112,0.227,0.15,0.142,0.147,0.112,0.211,0.153,0.137,0.212,0.108,0.223,0.155,0.224,0.198,0.116,0.101,0.181,0.141,0.141,0.124,0.224,0.202,0.173,0.127,0.218,0.127,0.137,0.094,0.188,0.128,0.147,0.185,0.222,0.186,0.167,0.112,0.089,0.211,0.218,0.166,0.15,0.201,0.092,0.134,0.178,0.096,0.209,0.134,0.219,0.107,0.095,0.157,0.134,0.147,0.151,0.19,0.205,0.093,0.179,0.15,0.212,0.204,0.179,0.085,0.149,0.094,0.111
Jivanti,3.528,3.504,3.556,3.595,3.619,3.539,3.619,3.523,3.603,3.504,3.504,3.606,3.578,3.593,3.528,3.294,3.501,3.561,3.536,3.342,3.579,3.564,3.598,3.526,3.571,3.616,3.627,3.519,3.574,3.611,3.628,3.605,3.509,3.512,3.569,3.567,3.617,3.618,3.631,3.577,3.619,3.521,3.485,3.437,3.589,3.635,3.526,3.634,3.519,3.608,3.514,3.548,3.509,3.539,3.536,3.558,3.346,3.138,3.384,3.599,3.529,3.638,3.596,3.151,2.979,3.583,3.593,3.527,3.615,3.588,3.579,3.567,3.516,3.553,3.516,3.533,3.527,3.601,3.537,3.544,2.947,3.586,3.503,3.61,3.638,3.613,3.55,3.456,3.543,3.215,3.591,3.599,3.561,3.603,3.359,3.584,3.593,3.214,3.136,2.854,2.417,2.184,1.952,1.64,1.482,1.343,1.251,1.165,1.023,1.038,0.926,0.927,0.838,0.818,0.731,0.729,0.725,0.638,0.543,0.543,0.54,0.519,0.496,0.481,0.533,0.445,0.396,0.412,0.387,0.388,0.421,0.319,0.344,0.351,0.347,0.367,0.277,0.309,0.302,0.281,0.269,0.361,0.279,0.367,0.251,0.328,0.334,0.237,0.278,0.232,0.335,0.309,0.26,0.284,0.322,0.284,0.287,0.324,0.321,0.296,0.188,0.225,0.225,0.218,0.173,0.233,0.271,0.263,0.257,0.165,0.204,0.217,0.175,0.227,0.292,0.183,0.15,0.254,0.212,0.262,0.218,0.261,0.269,0.258,0.242,0.245,0.151,0.167,0.14,0.14,0.247,0.14,0.242,0.216,0.144,0.205,0.15,0.228,0.126,0.229,0.21,0.179,0.139,0.127,0.153,0.138,0.216,0.195,0.241,0.241,0.223,0.115,0.215,0.122,0.133,0.111,0.132,0.218,0.226,0.179,0.164,0.151,0.143,0.162,0.193,0.159,0.106,0.113,0.238,0.212,0.104,0.152,0.107,0.229,0.16,0.223,0.111,0.193,0.166,0.124,0.109,0.112,0.222,0.226,0.161,0.132,0.221,0.124,0.191,0.223,0.123,0.174,0.091,0.133,0.09,0.113,0.194,0.137,0.216,0.165,0.184,0.147,0.165,0.116,0.112,0.151,0.201,0.143,0.16,0.119,0.222,0.135,0.193,0.103,0.1,0.1,0.222,0.111,0.139,0.133,0.22,0.218,0.099,0.189,0.092,0.131,0.22,0.205,0.125,0.19,0.173
Jivanti,1.933,2.376,2.516,3.039,3.362,3.372,3.203,2.853,2.832,3.207,3.187,3.5,3.505,3.509,3.185,3.476,3.464,3.463,3.426,3.263,3.528,3.353,3.556,3.646,3.632,3.213,3.489,3.09,2.952,2.952,3.289,3.522,3.457,3.382,3.607,3.393,3.441,3.203,3.523,3.121,3.605,3.24,3.456,3.054,3.44,3.068,3.366,3.162,3.411,3.51,3.083,3.085,3.564,2.876,3.243,2.65,2.374,3.123,3.037,3.652,3.653,3.654,3.155,3.207,3.571,3.212,3.058,3.105,3.044,3.209,3.573,2.995,3.206,3.106,2.89,3.098,3.322,3.236,3.225,3.283,3.247,3.527,3.06,3.166,3.382,2.71,2.875,3.404,3.584,3.489,3.574,3.23,3.025,3.3,2.83,3,3.099,3.016,2.848,2.498,2.36,2.139,1.947,1.79,1.639,1.575,1.43,1.399,1.36,1.246,1.289,1.15,1.177,1.015,1.115,1.036,1.008,1.01,0.924,0.855,0.855,0.842,0.721,0.848,0.754,0.742,0.721,0.663,0.638,0.583,0.7,0.633,0.622,0.544,0.618,0.612,0.543,0.488,0.609,0.488,0.463,0.539,0.532,0.456,0.466,0.499,0.434,0.53,0.487,0.528,0.465,0.513,0.405,0.416,0.461,0.524,0.473,0.512,0.412,0.451,0.492,0.42,0.443,0.394,0.42,0.446,0.488,0.49,0.4,0.479,0.474,0.424,0.331,0.446,0.354,0.37,0.354,0.432,0.394,0.425,0.382,0.393,0.323,0.379,0.439,0.403,0.338,0.348,0.365,0.415,0.292,0.317,0.301,0.369,0.322,0.396,0.432,0.33,0.326,0.399,0.28,0.371,0.411,0.365,0.368,0.29,0.412,0.372,0.401,0.285,0.297,0.28,0.394,0.342,0.344,0.289,0.332,0.343,0.243,0.247,0.239,0.254,0.302,0.319,0.299,0.266,0.294,0.268,0.248,0.297,0.263,0.31,0.334,0.249,0.346,0.363,0.31,0.371,0.331,0.306,0.216,0.311,0.286,0.247,0.284,0.217,0.21,0.212,0.312,0.322,0.294,0.322,0.286,0.27,0.223,0.22,0.201,0.326,0.232,0.257,0.261,0.219,0.332,0.254,0.339,0.334,0.331,0.274,0.334,0.244,0.319,0.283,0.283,0.283,0.326,0.319,0.299,0.284,0.307,0.265,0.311,0.308,0.28,0.19,0.287,0.232,0.206,0.284,0.206,0.271,0.193
Jivanti,1.889,2.282,2.497,2.986,3.3,3.411,3.099,2.974,2.801,3.231,3.251,3.484,3.602,3.556,3.146,3.519,3.581,3.469,3.493,3.298,3.549,3.331,3.506,3.636,3.536,3.325,3.412,3.089,2.964,3.005,3.342,3.502,3.448,3.49,3.614,3.457,3.466,3.179,3.475,3.213,3.591,3.278,3.486,3.039,3.553,3.096,3.414,3.133,3.358,3.523,3.213,3.073,3.496,2.904,3.326,2.616,2.424,3.048,3.063,3.548,3.601,3.64,3.134,3.17,3.602,3.276,3.04,3.184,3.149,3.166,3.564,2.92,3.308,3.197,2.906,3.084,3.368,3.322,3.305,3.153,3.324,3.58,3.063,3.275,3.375,2.723,2.775,3.356,3.606,3.457,3.567,3.171,3.011,3.336,2.824,2.976,3.192,2.986,2.898,2.531,2.365,2.111,1.918,1.812,1.632,1.544,1.432,1.33,1.254,1.288,1.199,1.139,1.057,1.05,1.121,0.976,0.914,0.907,0.883,0.934,0.913,0.781,0.744,0.763,0.678,0.695,0.649,0.711,0.682,0.624,0.599,0.693,0.657,0.634,0.527,0.615,0.527,0.495,0.563,0.622,0.579,0.463,0.55,0.541,0.534,0.437,0.572,0.5,0.475,0.426,0.458,0.426,0.498,0.458,0.478,0.406,0.416,0.509,0.39,0.485,0.39,0.497,0.464,0.508,0.418,0.496,0.351,0.437,0.468,0.352,0.46,0.36,0.407,0.349,0.336,0.32,0.335,0.458,0.318,0.437,0.45,0.313,0.342,0.344,0.347,0.34,0.347,0.344,0.406,0.416,0.431,0.328,0.328,0.345,0.39,0.355,0.408,0.42,0.273,0.408,0.359,0.279,0.38,0.373,0.403,0.341,0.398,0.298,0.285,0.321,0.384,0.316,0.289,0.247,0.392,0.277,0.266,0.278,0.268,0.261,0.253,0.361,0.332,0.355,0.269,0.367,0.323,0.362,0.287,0.262,0.322,0.228,0.311,0.281,0.331,0.321,0.289,0.237,0.223,0.317,0.249,0.349,0.265,0.36,0.364,0.326,0.229,0.278,0.246,0.333,0.339,0.316,0.29,0.216,0.213,0.245,0.354,0.255,0.319,0.279,0.348,0.207,0.249,0.333,0.27,0.224,0.235,0.305,0.211,0.208,0.218,0.253,0.194,0.209,0.249,0.274,0.26,0.254,0.197,0.19,0.244,0.193,0.246,0.33,0.184,0.219,0.315,0.275,0.274,0.267,0.241
Jivanti,1.829,2.329,2.421,3,3.337,3.44,3.124,2.885,2.905,3.16,3.241,3.475,3.623,3.586,3.21,3.473,3.559,3.416,3.446,3.281,3.514,3.393,3.537,3.634,3.646,3.18,3.488,2.987,2.927,2.983,3.311,3.586,3.481,3.396,3.618,3.392,3.476,3.228,3.44,3.187,3.56,3.299,3.532,3.016,3.481,3.065,3.318,3.212,3.421,3.523,3.122,3.181,3.46,2.854,3.341,2.565,2.356,3.041,3.128,3.646,3.58,3.508,3.222,3.127,3.623,3.336,3.137,3.209,3.186,3.131,3.526,2.918,3.316,3.184,2.963,3.188,3.337,3.247,3.26,3.153,3.279,3.618,3.12,3.174,3.4,2.712,2.87,3.291,3.547,3.424,3.484,3.106,3.025,3.344,2.787,2.995,3.159,3.118,2.962,2.597,2.464,2.218,1.999,1.764,1.634,1.609,1.552,1.325,1.388,1.315,1.214,1.206,1.117,1.087,1.017,1.049,0.982,0.911,0.93,0.873,0.89,0.81,0.741,0.818,0.729,0.793,0.753,0.702,0.634,0.736,0.66,0.659,0.684,0.574,0.635,0.6,0.612,0.496,0.595,0.536,0.594,0.606,0.552,0.57,0.471,0.481,0.432,0.508,0.488,0.534,0.488,0.469,0.411,0.421,0.471,0.486,0.437,0.418,0.426,0.452,0.497,0.43,0.442,0.477,0.438,0.412,0.348,0.49,0.432,0.34,0.416,0.341,0.356,0.471,0.38,0.435,0.442,0.332,0.44,0.335,0.421,0.37,0.37,0.355,0.327,0.406,0.345,0.326,0.434,0.348,0.305,0.384,0.437,0.297,0.307,0.413,0.421,0.278,0.356,0.323,0.386,0.318,0.332,0.33,0.414,0.374,0.334,0.281,0.257,0.385,0.39,0.298,0.357,0.359,0.3,0.289,0.352,0.345,0.295,0.324,0.324,0.351,0.275,0.312,0.282,0.325,0.358,0.334,0.328,0.294,0.368,0.327,0.259,0.3,0.306,0.37,0.331,0.321,0.251,0.321,0.225,0.297,0.292,0.253,0.343,0.281,0.249,0.278,0.31,0.255,0.269,0.351,0.22,0.276,0.295,0.254,0.294,0.335,0.337,0.252,0.26,0.213,0.225,0.266,0.282,0.333,0.28,0.237,0.347,0.21,0.307,0.323,0.21,0.288,0.296,0.313,0.235,0.314,0.27,0.214,0.22,0.199,0.217,0.223,0.216,0.207,0.201,0.252,0.205,0.203,0.26
Jivanti,1.834,2.235,2.432,2.942,3.377,3.431,3.086,2.906,2.884,3.189,3.314,3.471,3.55,3.641,3.097,3.496,3.495,3.381,3.395,3.327,3.533,3.367,3.543,3.566,3.531,3.278,3.369,2.952,2.875,2.992,3.326,3.534,3.413,3.523,3.563,3.445,3.412,3.118,3.522,3.121,3.524,3.272,3.535,3.028,3.565,3.138,3.394,3.237,3.425,3.621,3.129,3.129,3.568,2.956,3.272,2.647,2.354,3.036,3.095,3.559,3.574,3.566,3.219,3.153,3.631,3.341,3.076,3.114,3.048,3.167,3.532,2.851,3.343,3.123,2.886,3.196,3.364,3.204,3.251,3.184,3.234,3.516,3.124,3.185,3.383,2.728,2.8,3.409,3.645,3.465,3.503,3.1,3.008,3.294,2.705,3.013,3.155,2.978,2.857,2.64,2.39,2.238,2.021,1.838,1.637,1.62,1.523,1.429,1.278,1.204,1.258,1.119,1.137,1.02,1.065,1.073,0.914,0.946,0.834,0.957,0.893,0.813,0.826,0.762,0.806,0.678,0.744,0.654,0.717,0.698,0.629,0.564,0.674,0.646,0.668,0.545,0.507,0.597,0.544,0.611,0.504,0.46,0.575,0.511,0.502,0.561,0.547,0.564,0.437,0.501,0.505,0.491,0.506,0.412,0.527,0.434,0.399,0.505,0.493,0.497,0.447,0.476,0.397,0.423,0.468,0.348,0.401,0.485,0.482,0.363,0.469,0.464,0.45,0.397,0.393,0.324,0.333,0.457,0.407,0.452,0.307,0.387,0.371,0.423,0.417,0.394,0.379,0.368,0.373,0.342,0.432,0.434,0.434,0.324,0.423,0.362,0.278,0.383,0.335,0.411,0.276,0.338,0.357,0.404,0.394,0.413,0.413,0.283,0.394,0.345,0.295,0.395,0.282,0.38,0.291,0.283,0.255,0.309,0.34,0.287,0.25,0.276,0.365,0.316,0.279,0.353,0.296,0.295,0.247,0.322,0.346,0.375,0.231,0.349,0.254,0.346,0.227,0.238,0.263,0.268,0.265,0.324,0.284,0.269,0.269,0.238,0.331,0.266,0.361,0.311,0.319,0.253,0.279,0.305,0.313,0.218,0.239,0.206,0.319,0.339,0.249,0.207,0.319,0.279,0.217,0.258,0.286,0.229,0.256,0.335,0.267,0.199,0.23,0.239,0.189,0.188,0.221,0.307,0.189,0.192,0.19,0.331,0.23,0.273,0.206,0.277,0.316,0.295,0.226,0.186,0.277
Jivanti,1.914,2.233,2.471,2.924,3.277,3.436,3.143,2.888,2.813,3.202,3.307,3.534,3.63,3.592,3.08,3.453,3.566,3.344,3.465,3.243,3.593,3.433,3.419,3.559,3.533,3.282,3.381,3.035,2.884,2.978,3.257,3.537,3.389,3.477,3.501,3.405,3.455,3.082,3.511,3.203,3.591,3.283,3.471,2.908,3.484,3.099,3.299,3.154,3.399,3.504,3.203,3.156,3.573,2.888,3.262,2.659,2.414,3.086,3.035,3.566,3.633,3.537,3.172,3.244,3.621,3.332,3.055,3.211,3.091,3.211,3.51,2.929,3.26,3.068,2.947,3.149,3.403,3.27,3.301,3.169,3.296,3.623,3.038,3.206,3.396,2.72,2.897,3.287,3.507,3.455,3.484,3.16,3.02,3.314,2.835,3.06,3.191,3.111,2.876,2.615,2.375,2.106,1.915,1.858,1.662,1.557,1.472,1.39,1.316,1.267,1.289,1.179,1.177,1.122,1.127,1.026,0.922,0.994,0.964,0.896,0.872,0.884,0.864,0.761,0.769,0.754,0.745,0.616,0.645,0.595,0.717,0.635,0.547,0.594,0.608,0.505,0.547,0.603,0.52,0.539,0.479,0.529,0.512,0.561,0.531,0.55,0.425,0.475,0.465,0.493,0.441,0.506,0.406,0.436,0.395,0.522,0.379,0.474,0.472,0.505,0.405,0.431,0.385,0.394,0.482,0.434,0.407,0.392,0.361,0.425,0.367,0.465,0.429,0.357,0.462,0.389,0.324,0.417,0.394,0.313,0.387,0.451,0.352,0.426,0.349,0.313,0.446,0.358,0.323,0.406,0.386,0.412,0.38,0.34,0.282,0.314,0.389,0.355,0.333,0.302,0.308,0.359,0.322,0.355,0.338,0.367,0.375,0.356,0.409,0.394,0.378,0.38,0.325,0.305,0.281,0.305,0.392,0.336,0.31,0.261,0.313,0.301,0.388,0.337,0.307,0.31,0.326,0.353,0.306,0.32,0.288,0.245,0.297,0.369,0.292,0.218,0.302,0.368,0.285,0.266,0.347,0.322,0.276,0.211,0.274,0.271,0.284,0.304,0.284,0.24,0.327,0.231,0.332,0.249,0.341,0.354,0.344,0.271,0.275,0.297,0.343,0.258,0.204,0.344,0.328,0.318,0.312,0.233,0.234,0.341,0.213,0.291,0.295,0.232,0.314,0.206,0.19,0.232,0.233,0.192,0.308,0.236,0.314,0.3,0.265,0.218,0.326,0.192,0.213,0.286,0.321
Jivanti,1.733,1.933,2.116,3.065,3.318,3.221,2.971,3.043,2.874,3.228,3.459,3.52,3.597,3.538,3.333,3.398,3.4,3.457,3.418,3.446,3.425,3.431,3.528,3.583,3.398,3.263,3.575,2.92,2.902,2.931,3.048,3.22,3.355,3.409,3.574,3.528,3.571,3.35,3.531,3.223,3.591,3.11,3.587,3.292,3.144,3.028,3.423,3.441,3.21,3.225,3.13,3.07,3.145,3.17,3.142,2.709,2.649,2.551,2.775,3.369,3.125,3.439,2.72,2.954,3.625,2.838,2.533,2.959,2.806,2.95,3.151,2.644,3.012,2.987,3.076,3.136,2.845,2.751,2.833,3.306,3.223,3.387,2.814,2.785,2.843,2.741,2.99,2.929,3.103,3.602,3.541,3.118,2.693,3.071,2.698,2.833,2.849,2.745,2.791,2.452,2.236,2.088,1.891,1.675,1.553,1.437,1.373,1.292,1.197,1.201,1.126,0.971,0.98,0.891,0.867,0.854,0.899,0.816,0.762,0.798,0.743,0.703,0.624,0.641,0.617,0.647,0.606,0.565,0.549,0.531,0.559,0.491,0.493,0.481,0.435,0.53,0.496,0.467,0.42,0.489,0.399,0.449,0.36,0.354,0.425,0.363,0.435,0.44,0.393,0.345,0.305,0.343,0.339,0.331,0.364,0.32,0.294,0.321,0.388,0.371,0.268,0.341,0.298,0.293,0.318,0.294,0.263,0.246,0.299,0.339,0.222,0.333,0.344,0.304,0.262,0.253,0.332,0.236,0.221,0.202,0.233,0.289,0.253,0.222,0.277,0.211,0.271,0.218,0.303,0.232,0.232,0.23,0.277,0.236,0.294,0.222,0.201,0.169,0.158,0.183,0.269,0.241,0.241,0.225,0.156,0.155,0.217,0.209,0.165,0.144,0.142,0.21,0.177,0.25,0.26,0.191,0.15,0.187,0.242,0.145,0.215,0.123,0.254,0.203,0.175,0.124,0.185,0.188,0.122,0.132,0.119,0.187,0.201,0.24,0.145,0.223,0.172,0.153,0.129,0.108,0.151,0.144,0.199,0.102,0.207,0.137,0.197,0.138,0.148,0.096,0.167,0.202,0.129,0.186,0.153,0.216,0.16,0.161,0.116,0.208,0.181,0.143,0.099,0.155,0.186,0.182,0.09,0.211,0.116,0.145,0.119,0.09,0.088,0.165,0.189,0.087,0.091,0.147,0.172,0.111,0.129,0.146,0.16,0.167,0.179,0.124,0.099,0.153,0.136,0.121,0.145
Jivanti,1.752,1.86,2.198,3.052,3.304,3.283,2.851,2.989,2.863,3.263,3.456,3.435,3.535,3.596,3.352,3.397,3.371,3.357,3.34,3.552,3.379,3.446,3.544,3.62,3.472,3.232,3.587,2.965,2.995,2.963,2.934,3.252,3.263,3.382,3.531,3.516,3.514,3.359,3.565,3.225,3.605,2.994,3.626,3.189,3.112,3.132,3.368,3.443,3.181,3.147,3.22,3.115,3.157,3.117,3.092,2.649,2.512,2.57,2.728,3.347,3.158,3.469,2.699,2.985,3.544,2.864,2.553,2.86,2.716,3.04,3.214,2.716,3.048,2.923,3.171,3.06,2.848,2.826,2.853,3.226,3.285,3.386,2.837,2.786,2.849,2.684,2.94,2.845,3.016,3.545,3.594,3.142,2.685,3.078,2.705,2.816,2.831,2.786,2.766,2.384,2.167,2.062,1.839,1.745,1.522,1.42,1.293,1.284,1.139,1.124,1.025,1.091,0.958,0.959,0.915,0.874,0.863,0.855,0.708,0.76,0.748,0.648,0.592,0.643,0.554,0.628,0.516,0.535,0.548,0.599,0.475,0.494,0.523,0.461,0.506,0.497,0.519,0.467,0.428,0.451,0.452,0.399,0.414,0.444,0.332,0.412,0.392,0.427,0.392,0.384,0.309,0.341,0.292,0.297,0.379,0.314,0.329,0.278,0.372,0.263,0.357,0.298,0.327,0.366,0.334,0.242,0.301,0.36,0.308,0.251,0.309,0.24,0.274,0.296,0.25,0.313,0.237,0.203,0.224,0.275,0.196,0.226,0.195,0.2,0.304,0.255,0.263,0.179,0.187,0.171,0.174,0.167,0.243,0.172,0.237,0.199,0.195,0.189,0.229,0.216,0.253,0.258,0.241,0.155,0.229,0.165,0.17,0.149,0.152,0.223,0.244,0.232,0.229,0.169,0.202,0.239,0.176,0.259,0.163,0.171,0.144,0.126,0.168,0.127,0.229,0.12,0.154,0.167,0.25,0.157,0.14,0.216,0.134,0.13,0.237,0.241,0.141,0.233,0.122,0.201,0.114,0.135,0.174,0.21,0.102,0.146,0.108,0.1,0.155,0.137,0.166,0.124,0.15,0.12,0.207,0.171,0.141,0.128,0.163,0.09,0.113,0.205,0.152,0.093,0.133,0.133,0.194,0.215,0.142,0.152,0.116,0.182,0.169,0.093,0.121,0.194,0.206,0.141,0.122,0.18,0.139,0.125,0.186,0.094,0.119,0.1,0.214,0.206,0.136,0.096,0.151
Jivanti,1.852,1.929,2.175,3.058,3.201,3.221,2.958,2.983,2.823,3.214,3.455,3.401,3.556,3.601,3.392,3.413,3.345,3.393,3.364,3.446,3.363,3.444,3.595,3.616,3.416,3.232,3.569,2.937,2.989,2.948,3.042,3.311,3.237,3.401,3.607,3.504,3.561,3.283,3.592,3.211,3.575,3.081,3.588,3.226,3.225,3.12,3.316,3.411,3.181,3.197,3.206,3.122,3.209,3.082,3.047,2.748,2.527,2.639,2.751,3.356,3.201,3.366,2.59,2.961,3.547,2.733,2.607,2.947,2.736,2.995,3.163,2.694,3.023,2.966,3.11,3.055,2.818,2.769,2.891,3.232,3.278,3.392,2.914,2.801,2.875,2.71,2.952,2.915,3.07,3.537,3.579,3.197,2.632,2.992,2.77,2.823,2.853,2.723,2.757,2.361,2.133,2.028,1.879,1.744,1.631,1.459,1.425,1.231,1.161,1.099,1.028,1.093,0.943,0.979,0.891,0.827,0.837,0.818,0.767,0.693,0.687,0.689,0.656,0.66,0.655,0.62,0.538,0.511,0.586,0.471,0.579,0.539,0.479,0.523,0.504,0.426,0.408,0.389,0.443,0.489,0.461,0.392,0.454,0.422,0.38,0.381,0.385,0.347,0.43,0.354,0.336,0.322,0.348,0.408,0.369,0.392,0.382,0.364,0.286,0.314,0.368,0.351,0.285,0.279,0.365,0.243,0.362,0.338,0.261,0.327,0.252,0.241,0.3,0.24,0.222,0.242,0.208,0.278,0.271,0.196,0.197,0.244,0.223,0.247,0.205,0.29,0.284,0.268,0.207,0.216,0.267,0.205,0.243,0.297,0.276,0.293,0.285,0.179,0.292,0.186,0.161,0.278,0.232,0.244,0.209,0.222,0.216,0.229,0.204,0.241,0.202,0.148,0.15,0.175,0.229,0.21,0.148,0.169,0.208,0.172,0.228,0.214,0.21,0.221,0.213,0.238,0.118,0.212,0.132,0.186,0.196,0.128,0.196,0.193,0.218,0.149,0.189,0.13,0.182,0.128,0.155,0.113,0.188,0.127,0.165,0.194,0.178,0.183,0.171,0.126,0.185,0.227,0.205,0.143,0.116,0.182,0.128,0.202,0.21,0.177,0.187,0.106,0.115,0.145,0.173,0.121,0.199,0.207,0.185,0.102,0.219,0.219,0.133,0.119,0.2,0.177,0.126,0.11,0.189,0.109,0.095,0.167,0.188,0.199,0.113,0.136,0.155,0.101,0.184,0.207,0.173
Jivanti,1.801,1.938,2.164,3.072,3.285,3.194,2.867,3.085,2.839,3.19,3.349,3.487,3.585,3.507,3.338,3.497,3.418,3.402,3.393,3.469,3.441,3.466,3.554,3.584,3.456,3.237,3.49,3.037,2.955,2.943,2.931,3.306,3.257,3.437,3.542,3.597,3.618,3.305,3.536,3.216,3.621,3.017,3.513,3.253,3.145,3.022,3.356,3.433,3.162,3.25,3.118,3.154,3.141,3.125,3.107,2.647,2.633,2.561,2.763,3.315,3.128,3.473,2.591,2.91,3.557,2.834,2.502,2.931,2.814,2.961,3.17,2.646,2.989,2.973,3.08,3.079,2.889,2.751,2.879,3.251,3.2,3.382,2.832,2.906,2.779,2.718,2.96,2.963,3.067,3.603,3.573,3.113,2.645,2.977,2.702,2.836,2.833,2.782,2.69,2.406,2.175,2.031,1.887,1.693,1.591,1.492,1.303,1.274,1.215,1.17,1.082,0.995,1.034,0.978,0.95,0.867,0.883,0.862,0.826,0.753,0.672,0.749,0.669,0.679,0.575,0.588,0.572,0.593,0.601,0.539,0.512,0.496,0.496,0.465,0.434,0.44,0.443,0.424,0.471,0.397,0.42,0.376,0.396,0.389,0.372,0.379,0.452,0.355,0.444,0.403,0.387,0.423,0.358,0.342,0.359,0.384,0.325,0.386,0.325,0.264,0.287,0.361,0.312,0.305,0.335,0.367,0.334,0.336,0.256,0.32,0.254,0.216,0.216,0.213,0.207,0.277,0.331,0.273,0.231,0.221,0.245,0.313,0.258,0.299,0.216,0.193,0.223,0.31,0.251,0.259,0.28,0.197,0.225,0.181,0.191,0.192,0.158,0.25,0.159,0.196,0.249,0.184,0.205,0.242,0.274,0.145,0.26,0.147,0.174,0.231,0.243,0.152,0.229,0.206,0.162,0.16,0.177,0.204,0.168,0.21,0.187,0.191,0.24,0.255,0.2,0.234,0.22,0.207,0.243,0.229,0.226,0.175,0.204,0.228,0.206,0.119,0.106,0.176,0.134,0.213,0.129,0.164,0.123,0.15,0.133,0.107,0.153,0.148,0.217,0.109,0.149,0.186,0.156,0.098,0.2,0.126,0.164,0.12,0.116,0.151,0.207,0.177,0.088,0.115,0.161,0.148,0.114,0.104,0.199,0.162,0.118,0.153,0.137,0.214,0.086,0.193,0.123,0.195,0.189,0.095,0.089,0.153,0.128,0.119,0.094,0.108,0.133,0.079,0.207,0.205,0.187
Jivanti,1.849,1.857,2.122,3.058,3.213,3.201,2.881,3.056,2.825,3.201,3.381,3.434,3.623,3.518,3.332,3.422,3.381,3.367,3.426,3.537,3.446,3.539,3.637,3.606,3.404,3.255,3.618,2.916,2.969,2.96,3.007,3.246,3.356,3.43,3.509,3.634,3.544,3.33,3.556,3.183,3.562,3.095,3.524,3.306,3.197,3.01,3.321,3.397,3.133,3.207,3.192,3.158,3.143,3.082,3.152,2.684,2.512,2.583,2.697,3.314,3.181,3.383,2.637,3.018,3.533,2.759,2.486,2.935,2.739,2.94,3.145,2.724,3.021,2.978,3.128,3.111,2.898,2.806,2.828,3.31,3.218,3.355,2.884,2.808,2.839,2.769,2.981,2.929,3.015,3.58,3.573,3.117,2.683,3.017,2.741,2.874,2.82,2.655,2.722,2.474,2.134,2.099,1.917,1.766,1.633,1.42,1.373,1.32,1.23,1.199,1.037,1.047,1.033,0.906,0.899,0.896,0.885,0.81,0.72,0.693,0.742,0.681,0.629,0.658,0.651,0.61,0.576,0.623,0.553,0.584,0.492,0.502,0.45,0.52,0.409,0.431,0.447,0.492,0.405,0.422,0.462,0.405,0.346,0.365,0.362,0.336,0.333,0.394,0.433,0.361,0.43,0.313,0.307,0.344,0.323,0.325,0.308,0.303,0.357,0.376,0.38,0.251,0.27,0.308,0.283,0.254,0.358,0.272,0.31,0.331,0.279,0.292,0.307,0.282,0.252,0.263,0.247,0.335,0.213,0.305,0.204,0.32,0.284,0.259,0.305,0.244,0.306,0.187,0.211,0.223,0.187,0.19,0.241,0.276,0.187,0.171,0.242,0.177,0.173,0.159,0.189,0.191,0.196,0.218,0.278,0.221,0.243,0.241,0.189,0.187,0.143,0.192,0.252,0.264,0.199,0.264,0.229,0.218,0.167,0.188,0.167,0.208,0.171,0.127,0.242,0.163,0.155,0.16,0.123,0.222,0.163,0.147,0.222,0.117,0.232,0.164,0.232,0.206,0.124,0.108,0.189,0.147,0.147,0.129,0.23,0.207,0.177,0.13,0.221,0.13,0.141,0.098,0.191,0.131,0.149,0.186,0.223,0.187,0.168,0.114,0.089,0.211,0.218,0.167,0.151,0.201,0.095,0.136,0.177,0.095,0.208,0.132,0.216,0.103,0.094,0.154,0.132,0.146,0.148,0.187,0.201,0.089,0.176,0.148,0.209,0.2,0.176,0.082,0.146,0.09,0.106
Jivanti,3.607,3.607,3.607,3.607,3.607,3.607,3.607,3.607,3.607,3.607,3.607,3.607,3.607,3.607,3.607,3.607,3.607,3.607,3.607,3.607,3.607,3.607,3.607,3.607,3.607,3.607,3.607,3.607,3.607,3.607,3.607,3.607,3.607,3.607,3.607,3.607,3.607,3.607,3.607,3.607,3.607,3.607,3.607,3.607,3.607,3.607,3.607,3.607,3.607,3.607,3.607,3.607,3.607,3.607,3.607,3.607,3.607,3.607,3.607,3.607,3.607,3.607,3.607,3.607,3.607,3.607,3.607,3.607,3.607,3.607,3.607,3.607,3.607,3.607,3.607,3.607,3.607,3.607,3.607,3.607,3.607,3.607,3.607,3.607,3.607,3.607,3.607,3.607,3.607,3.607,3.607,3.607,3.607,3.607,3.607,3.607,3.607,3.607,3.607,3.607,3.607,3.607,3.607,3.607,3.607,3.607,3.607,3.607,3.607,3.607,3.607,3.607,3.607,3.607,3.607,3.607,3.607,3.607,3.607,3.607,3.607,3.607,3.607,3.607,3.607,3.607,3.607,3.607,3.607,3.607,3.607,3.607,3.607,3.607,3.607,3.607,3.607,3.607,3.607,3.607,3.607,3.607,3.607,3.607,3.607,3.607,3.607,3.607,3.607,3.607,3.607,3.607,3.607,3.607,3.607,3.607,3.607,3.607,3.607,3.607,3.607,3.607,3.607,3.607,3.607,3.607,3.607,3.607,3.607,3.607,3.607,3.607,3.607,3.607,3.607,3.607,3.607,3.607,3.607,3.607,3.607,3.607,3.607,3.607,3.607,3.607,3.607,3.607,3.607,3.607,3.607,3.607,3.607,3.607,3.607,3.607,3.607,3.607,3.607,3.607,3.607,3.607,3.607,3.607,3.607,3.607,3.607,3.607,3.607,3.607,3.607,3.607,3.607,3.607,3.607,3.607,3.607,3.607,3.607,3.607,3.607,3.607,3.607,3.607,3.607,3.607,3.607,3.607,3.607,3.607,3.607,3.607,3.607,3.607,3.607,3.607,3.607,3.607,3.607,3.607,3.607,3.607,3.607,3.607,3.607,3.607,3.607,3.607,3.607,3.607,3.607,3.607,3.607,3.607,3.607,3.607,3.607,3.607,3.607,3.607,3.607,3.607,3.607,3.607,3.607,3.607,3.607,3.607,3.607,3.607,3.607,3.607,3.607,3.607,3.607,3.607,3.607,3.607,3.607,3.607,3.607,3.607,3.607,3.607,3.607,3.607,3.607,3.607,3.607,3.607,3.607
Jivanti,3.695,3.695,3.695,3.695,3.695,3.695,3.695,3.695,3.695,3.695,3.695,3.695,3.695,3.695,3.695,3.695,3.695,3.695,3.695,3.695,3.695,3.695,3.695,3.695,3.695,3.695,3.695,3.695,3.695,3.695,3.695,3.695,3.695,3.695,3.695,3.695,3.695,3.695,3.695,3.695,3.695,3.695,3.695,3.695,3.695,3.695,3.695,3.695,3.695,3.695,3.695,3.695,3.695,3.695,3.695,3.695,3.695,3.695,3.695,3.695,3.695,3.695,3.695,3.695,3.695,3.695,3.695,3.695,3.695,3.695,3.695,3.695,3.695,3.695,3.695,3.695,3.695,3.695,3.695,3.695,3.695,3.695,3.695,3.695,3.695,3.695,3.695,3.695,3.695,3.695,3.695,3.695,3.695,3.695,3.695,3.695,3.695,3.695,3.695,3.695,3.695,3.695,3.695,3.695,3.695,3.695,3.695,3.695,3.695,3.695,3.695,3.695,3.695,3.695,3.695,3.695,3.695,3.695,3.695,3.695,3.695,3.695,3.695,3.695,3.695,3.695,3.695,3.695,3.695,3.695,3.695,3.695,3.695,3.695,3.695,3.695,3.695,3.695,3.695,3.695,3.695,3.695,3.695,3.695,3.695,3.695,3.695,3.695,3.695,3.695,3.695,3.695,3.695,3.695,3.695,3.695,3.695,3.695,3.695,3.695,3.695,3.695,3.695,3.695,3.695,3.695,3.695,3.695,3.695,3.695,3.695,3.695,3.695,3.695,3.695,3.695,3.695,3.695,3.695,3.695,3.695,3.695,3.695,3.695,3.695,3.695,3.695,3.695,3.695,3.695,3.695,3.695,3.695,3.695,3.695,3.695,3.695,3.695,3.695,3.695,3.695,3.695,3.695,3.695,3.695,3.695,3.695,3.695,3.695,3.695,3.695,3.695,3.695,3.695,3.695,3.695,3.695,3.695,3.695,3.695,3.695,3.695,3.695,3.695,3.695,3.695,3.695,3.695,3.695,3.695,3.695,3.695,3.695,3.695,3.695,3.695,3.695,3.695,3.695,3.695,3.695,3.695,3.695,3.695,3.695,3.695,3.695,3.695,3.695,3.695,3.695,3.695,3.695,3.695,3.695,3.695,3.695,3.695,3.695,3.695,3.695,3.695,3.695,3.695,3.695,3.695,3.695,3.695,3.695,3.695,3.695,3.695,3.695,3.695,3.695,3.695,3.695,3.695,3.695,3.695,3.695,3.695,3.695,3.695,3.695,3.695,3.695,3.695,3.695,3.695,3.695
Jivanti,3.591,3.591,3.591,3.591,3.591,3.591,3.591,3.591,3.591,3.591,3.591,3.591,3.591,3.591,3.591,3.591,3.591,3.591,3.591,3.591,3.591,3.591,3.591,3.591,3.591,3.591,3.591,3.591,3.591,3.591,3.591,3.591,3.591,3.591,3.591,3.591,3.591,3.591,3.591,3.591,3.591,3.591,3.591,3.591,3.591,3.591,3.591,3.591,3.591,3.591,3.591,3.591,3.591,3.591,3.591,3.591,3.591,3.591,3.591,3.591,3.591,3.591,3.591,3.591,3.591,3.591,3.591,3.591,3.591,3.591,3.591,3.591,3.591,3.591,3.591,3.591,3.591,3.591,3.591,3.591,3.591,3.591,3.591,3.591,3.591,3.591,3.591,3.591,3.591,3.591,3.591,3.591,3.591,3.591,3.591,3.591,3.591,3.591,3.591,3.591,3.591,3.591,3.591,3.591,3.591,3.591,3.591,3.591,3.591,3.591,3.591,3.591,3.591,3.591,3.591,3.591,3.591,3.591,3.591,3.591,3.591,3.591,3.591,3.591,3.591,3.591,3.591,3.591,3.591,3.591,3.591,3.591,3.591,3.591,3.591,3.591,3.591,3.591,3.591,3.591,3.591,3.591,3.591,3.591,3.591,3.591,3.591,3.591,3.591,3.591,3.591,3.591,3.591,3.591,3.591,3.591,3.591,3.591,3.591,3.591,3.591,3.591,3.591,3.591,3.591,3.591,3.591,3.591,3.591,3.591,3.591,3.591,3.591,3.591,3.591,3.591,3.591,3.591,3.591,3.591,3.591,3.591,3.591,3.591,3.591,3.591,3.591,3.591,3.591,3.591,3.591,3.591,3.591,3.591,3.591,3.591,3.591,3.591,3.591,3.591,3.591,3.591,3.591,3.591,3.591,3.591,3.591,3.591,3.591,3.591,3.591,3.591,3.591,3.591,3.591,3.591,3.591,3.591,3.591,3.591,3.591,3.591,3.591,3.591,3.591,3.591,3.591,3.591,3.591,3.591,3.591,3.591,3.591,3.591,3.591,3.591,3.591,3.591,3.591,3.591,3.591,3.591,3.591,3.591,3.591,3.591,3.591,3.591,3.591,3.591,3.591,3.591,3.591,3.591,3.591,3.591,3.591,3.591,3.591,3.591,3.591,3.591,3.591,3.591,3.591,3.591,3.591,3.591,3.591,3.591,3.591,3.591,3.591,3.591,3.591,3.591,3.591,3.591,3.591,3.591,3.591,3.591,3.591,3.591,3.591,3.591,3.591,3.591,3.591,3.591,3.591
Jivanti,3.655,3.655,3.655,3.655,3.655,3.655,3.655,3.655,3.655,3.655,3.655,3.655,3.655,3.655,3.655,3.655,3.655,3.655,3.655,3.655,3.655,3.655,3.655,3.655,3.655,3.655,3.655,3.655,3.655,3.655,3.655,3.655,3.655,3.655,3.655,3.655,3.655,3.655,3.655,3.655,3.655,3.655,3.655,3.655,3.655,3.655,3.655,3.655,3.655,3.655,3.655,3.655,3.655,3.655,3.655,3.655,3.655,3.655,3.655,3.655,3.655,3.655,3.655,3.655,3.655,3.655,3.655,3.655,3.655,3.655,3.655,3.655,3.655,3.655,3.655,3.655,3.655,3.655,3.655,3.655,3.655,3.655,3.655,3.655,3.655,3.655,3.655,3.655,3.655,3.655,3.655,3.655,3.655,3.655,3.655,3.655,3.655,3.655,3.655,3.655,3.655,3.655,3.655,3.655,3.655,3.655,3.655,3.655,3.655,3.655,3.655,3.655,3.655,3.655,3.655,3.655,3.655,3.655,3.655,3.655,3.655,3.655,3.655,3.655,3.655,3.655,3.655,3.655,3.655,3.655,3.655,3.655,3.655,3.655,3.655,3.655,3.655,3.655,3.655,3.655,3.655,3.655,3.655,3.655,3.655,3.655,3.655,3.655,3.655,3.655,3.655,3.655,3.655,3.655,3.655,3.655,3.655,3.655,3.655,3.655,3.655,3.655,3.655,3.655,3.655,3.655,3.655,3.655,3.655,3.655,3.655,3.655,3.655,3.655,3.655,3.655,3.655,3.655,3.655,3.655,3.655,3.655,3.655,3.655,3.655,3.655,3.655,3.655,3.655,3.655,3.655,3.655,3.655,3.655,3.655,3.655,3.655,3.655,3.655,3.655,3.655,3.655,3.655,3.655,3.655,3.655,3.655,3.655,3.655,3.655,3.655,3.655,3.655,3.655,3.655,3.655,3.655,3.655,3.655,3.655,3.655,3.655,3.655,3.655,3.655,3.655,3.655,3.655,3.655,3.655,3.655,3.655,3.655,3.655,3.655,3.655,3.655,3.655,3.655,3.655,3.655,3.655,3.655,3.655,3.655,3.655,3.655,3.655,3.655,3.655,3.655,3.655,3.655,3.655,3.655,3.655,3.655,3.655,3.655,3.655,3.655,3.655,3.655,3.655,3.655,3.655,3.655,3.655,3.655,3.655,3.655,3.655,3.655,3.655,3.655,3.655,3.655,3.655,3.655,3.655,3.655,3.655,3.655,3.655,3.655,3.655,3.655,3.655,3.655,3.655,3.655
Jivanti,3.593,3.593,3.593,3.593,3.593,3.593,3.593,3.593,3.593,3.593,3.593,3.593,3.593,3.593,3.593,3.593,3.593,3.593,3.593,3.593,3.593,3.593,3.593,3.593,3.593,3.593,3.593,3.593,3.593,3.593,3.593,3.593,3.593,3.593,3.593,3.593,3.593,3.593,3.593,3.593,3.593,3.593,3.593,3.593,3.593,3.593,3.593,3.593,3.593,3.593,3.593,3.593,3.593,3.593,3.593,3.593,3.593,3.593,3.593,3.593,3.593,3.593,3.593,3.593,3.593,3.593,3.593,3.593,3.593,3.593,3.593,3.593,3.593,3.593,3.593,3.593,3.593,3.593,3.593,3.593,3.593,3.593,3.593,3.593,3.593,3.593,3.593,3.593,3.593,3.593,3.593,3.593,3.593,3.593,3.593,3.593,3.593,3.593,3.593,3.593,3.593,3.593,3.593,3.593,3.593,3.593,3.593,3.593,3.593,3.593,3.593,3.593,3.593,3.593,3.593,3.593,3.593,3.593,3.593,3.593,3.593,3.593,3.593,3.593,3.593,3.593,3.593,3.593,3.593,3.593,3.593,3.593,3.593,3.593,3.593,3.593,3.593,3.593,3.593,3.593,3.593,3.593,3.593,3.593,3.593,3.593,3.593,3.593,3.593,3.593,3.593,3.593,3.593,3.593,3.593,3.593,3.593,3.593,3.593,3.593,3.593,3.593,3.593,3.593,3.593,3.593,3.593,3.593,3.593,3.593,3.593,3.593,3.593,3.593,3.593,3.593,3.593,3.593,3.593,3.593,3.593,3.593,3.593,3.593,3.593,3.593,3.593,3.593,3.593,3.593,3.593,3.593,3.593,3.593,3.593,3.593,3.593,3.593,3.593,3.593,3.593,3.593,3.593,3.593,3.593,3.593,3.593,3.593,3.593,3.593,3.593,3.593,3.593,3.593,3.593,3.593,3.593,3.593,3.593,3.593,3.593,3.593,3.593,3.593,3.593,3.593,3.593,3.593,3.593,3.593,3.593,3.593,3.593,3.593,3.593,3.593,3.593,3.593,3.593,3.593,3.593,3.593,3.593,3.593,3.593,3.593,3.593,3.593,3.593,3.593,3.593,3.593,3.593,3.593,3.593,3.593,3.593,3.593,3.593,3.593,3.593,3.593,3.593,3.593,3.593,3.593,3.593,3.593,3.593,3.593,3.593,3.593,3.593,3.593,3.593,3.593,3.593,3.593,3.593,3.593,3.593,3.593,3.593,3.593,3.593,3.593,3.593,3.593,3.593,3.593,3.593
Jivanti,3.5,3.5,3.5,3.5,3.5,3.5,3.5,3.5,3.5,3.5,3.5,3.5,3.5,3.5,3.5,3.196,3.5,3.5,3.5,3.272,3.5,3.5,3.5,3.5,3.5,3.5,3.5,3.5,3.5,3.5,3.5,3.5,3.5,3.5,3.5,3.5,3.5,3.5,3.5,3.5,3.5,3.5,3.365,3.316,3.5,3.5,3.5,3.5,3.5,3.5,3.5,3.5,3.5,3.5,3.5,3.5,3.317,3.092,3.361,3.5,3.5,3.5,3.5,3.084,2.845,3.5,3.5,3.5,3.5,3.5,3.5,3.469,3.5,3.5,3.5,3.5,3.5,3.5,3.5,3.5,2.861,3.5,3.5,3.5,3.5,3.5,3.5,3.361,3.5,3.128,3.5,3.5,3.467,3.5,3.318,3.5,3.5,3.177,3.021,2.783,2.371,2.061,1.833,1.618,1.444,1.315,1.185,1.074,0.995,0.923,0.864,0.81,0.763,0.719,0.677,0.64,0.604,0.572,0.541,0.512,0.487,0.46,0.437,0.417,0.4,0.384,0.37,0.356,0.344,0.332,0.322,0.31,0.301,0.292,0.284,0.278,0.272,0.266,0.26,0.254,0.25,0.245,0.24,0.236,0.232,0.228,0.224,0.221,0.217,0.215,0.211,0.206,0.203,0.201,0.198,0.195,0.19,0.188,0.186,0.183,0.181,0.179,0.176,0.174,0.172,0.17,0.168,0.167,0.166,0.163,0.16,0.158,0.156,0.155,0.154,0.151,0.149,0.148,0.146,0.144,0.142,0.141,0.14,0.139,0.138,0.137,0.135,0.133,0.132,0.132,0.13,0.129,0.128,0.128,0.127,0.126,0.125,0.124,0.123,0.122,0.121,0.12,0.119,0.118,0.117,0.114,0.112,0.112,0.111,0.11,0.109,0.108,0.109,0.108,0.107,0.107,0.107,0.106,0.104,0.104,0.105,0.105,0.104,0.104,0.104,0.105,0.104,0.103,0.103,0.102,0.102,0.101,0.1,0.098,0.097,0.096,0.095,0.094,0.093,0.093,0.092,0.092,0.091,0.091,0.091,0.091,0.091,0.091,0.09,0.09,0.089,0.089,0.089,0.089,0.089,0.089,0.088,0.088,0.088,0.087,0.088,0.088,0.087,0.086,0.086,0.087,0.085,0.086,0.087,0.087,0.086,0.086,0.087,0.087,0.084,0.084,0.084,0.083,0.084,0.084,0.084,0.084,0.082,0.082,0.083,0.083,0.082,0.081,0.081,0.081,0.082
Jivanti,1.725,1.839,2.085,3.033,3.199,3.19,2.844,2.972,2.752,3.131,3.327,3.383,3.5,3.497,3.293,3.369,3.329,3.344,3.337,3.443,3.33,3.418,3.5,3.5,3.355,3.221,3.481,2.904,2.871,2.912,2.929,3.207,3.229,3.369,3.5,3.5,3.5,3.267,3.483,3.14,3.5,2.981,3.5,3.168,3.103,3.006,3.312,3.328,3.118,3.121,3.082,3.066,3.095,3.041,3.034,2.628,2.511,2.542,2.674,3.292,3.068,3.36,2.584,2.902,3.5,2.726,2.469,2.844,2.705,2.916,3.119,2.588,2.94,2.884,3.067,2.999,2.81,2.718,2.8,3.172,3.164,3.271,2.798,2.777,2.746,2.646,2.927,2.831,2.977,3.491,3.5,3.061,2.624,2.971,2.637,2.752,2.78,2.654,2.657,2.35,2.114,1.987,1.808,1.652,1.51,1.391,1.289,1.196,1.126,1.068,1.011,0.962,0.919,0.878,0.838,0.8,0.764,0.733,0.703,0.672,0.644,0.615,0.591,0.569,0.549,0.53,0.512,0.497,0.482,0.468,0.454,0.438,0.427,0.417,0.406,0.398,0.388,0.381,0.372,0.363,0.356,0.349,0.342,0.336,0.329,0.322,0.316,0.311,0.306,0.301,0.295,0.289,0.285,0.28,0.275,0.271,0.266,0.262,0.259,0.255,0.251,0.247,0.244,0.24,0.237,0.233,0.231,0.228,0.225,0.22,0.218,0.215,0.211,0.208,0.206,0.203,0.2,0.197,0.195,0.192,0.189,0.187,0.185,0.183,0.181,0.179,0.177,0.174,0.172,0.17,0.168,0.166,0.164,0.163,0.161,0.159,0.157,0.156,0.154,0.152,0.15,0.147,0.146,0.144,0.143,0.141,0.139,0.138,0.136,0.135,0.134,0.131,0.131,0.129,0.128,0.126,0.125,0.125,0.124,0.122,0.121,0.12,0.12,0.119,0.119,0.118,0.117,0.116,0.114,0.113,0.112,0.111,0.11,0.107,0.106,0.105,0.103,0.102,0.101,0.1,0.1,0.098,0.097,0.096,0.097,0.096,0.095,0.094,0.093,0.093,0.093,0.093,0.092,0.092,0.091,0.09,0.089,0.089,0.089,0.089,0.088,0.088,0.087,0.087,0.087,0.087,0.088,0.088,0.086,0.086,0.085,0.084,0.084,0.083,0.083,0.081,0.082,0.082,0.081,0.081,0.08,0.08,0.079,0.08,0.08,0.079,0.079,0.078,0.078,0.077,0.077
Jivanti,1.828,2.226,2.37,2.906,3.273,3.316,3.08,2.822,2.777,3.132,3.166,3.42,3.5,3.5,3.07,3.382,3.44,3.315,3.344,3.225,3.5,3.295,3.405,3.5,3.5,3.179,3.353,2.934,2.857,2.889,3.228,3.5,3.34,3.378,3.461,3.376,3.383,3.08,3.411,3.082,3.5,3.197,3.438,2.907,3.412,2.997,3.273,3.109,3.272,3.5,3.061,3.055,3.447,2.845,3.223,2.519,2.328,3.015,2.972,3.5,3.5,3.5,3.078,3.091,3.5,3.203,3.031,3.075,3.043,3.103,3.473,2.842,3.192,3.058,2.854,3.05,3.321,3.171,3.202,3.145,3.194,3.5,2.982,3.15,3.244,2.694,2.771,3.255,3.496,3.336,3.421,3.092,2.962,3.255,2.701,2.908,3.084,2.972,2.827,2.493,2.307,2.085,1.89,1.738,1.609,1.499,1.406,1.322,1.253,1.198,1.144,1.095,1.055,1.011,0.972,0.937,0.899,0.865,0.833,0.802,0.771,0.74,0.713,0.692,0.67,0.649,0.63,0.613,0.595,0.58,0.564,0.549,0.538,0.525,0.514,0.504,0.494,0.485,0.475,0.467,0.46,0.453,0.446,0.44,0.433,0.426,0.421,0.416,0.411,0.407,0.402,0.395,0.392,0.388,0.384,0.38,0.375,0.371,0.368,0.364,0.361,0.359,0.355,0.351,0.349,0.345,0.343,0.341,0.339,0.334,0.332,0.331,0.327,0.325,0.322,0.319,0.316,0.313,0.311,0.309,0.306,0.305,0.302,0.3,0.298,0.297,0.295,0.292,0.29,0.289,0.286,0.283,0.283,0.281,0.279,0.277,0.275,0.273,0.271,0.27,0.268,0.265,0.263,0.262,0.26,0.258,0.256,0.254,0.252,0.25,0.249,0.247,0.246,0.244,0.243,0.241,0.241,0.24,0.239,0.238,0.236,0.235,0.234,0.233,0.233,0.232,0.23,0.229,0.228,0.226,0.225,0.224,0.222,0.22,0.218,0.217,0.217,0.215,0.214,0.212,0.212,0.211,0.209,0.208,0.209,0.208,0.206,0.205,0.204,0.204,0.203,0.203,0.201,0.2,0.2,0.199,0.198,0.197,0.196,0.196,0.195,0.195,0.193,0.192,0.192,0.192,0.191,0.191,0.19,0.189,0.189,0.187,0.186,0.186,0.185,0.183,0.183,0.183,0.181,0.181,0.18,0.18,0.178,0.179,0.178,0.177,0.177,0.176,0.175,0.175,0.173
Abhaya,2.86,3.033,3.511,3.541,3.572,3.589,3.387,3.177,3.478,3.52,3.499,3.475,3.571,3.504,3.612,3.414,3.548,3.552,3.528,3.604,3.634,3.517,3.38,3.524,3.505,3.635,3.595,3.557,3.598,3.257,3.513,3.506,3.617,3.553,3.51,3.572,3.628,3.593,3.563,3.574,3.42,3.514,3.606,3.613,3.591,3.497,3.383,3.579,3.576,3.585,3.516,3.444,2.835,3.616,3.383,3.452,3.526,3.602,3.466,3.328,3.188,3.317,3.405,3.269,3.462,3.485,3.14,3.525,3.616,3.529,3.381,3.184,3.544,3.638,3.506,3.368,3.559,3.423,3.191,2.929,3.511,3.585,3.524,3.604,3.601,3.528,3.567,3.61,3.337,3.253,3.397,3.412,3.628,3.526,3.566,3.571,3.528,3.541,3.59,3.613,3.637,3.579,3.516,3.216,3.042,2.862,2.816,2.675,2.564,2.558,2.394,2.262,2.336,2.261,2.21,2.085,2.028,2.068,2.038,1.937,1.904,1.75,1.83,1.786,1.641,1.736,1.671,1.622,1.658,1.499,1.6,1.57,1.452,1.481,1.449,1.411,1.447,1.464,1.422,1.395,1.325,1.317,1.38,1.346,1.252,1.344,1.3,1.319,1.235,1.307,1.317,1.234,1.201,1.302,1.169,1.274,1.256,1.213,1.246,1.133,1.211,1.25,1.197,1.135,1.158,1.178,1.103,1.19,1.199,1.098,1.097,1.124,1.1,1.121,1.12,1.154,1.163,1.199,1.116,1.187,1.077,1.128,1.079,1.174,1.115,1.068,1.092,1.085,1.115,1.131,1.089,1.077,1.117,1.088,1.017,1.152,1.112,1.072,1.076,1.085,1.09,1.078,1.112,1.087,1.103,1.067,1.005,1.104,0.994,1.031,1.08,0.982,1.009,1.078,1.104,1.09,0.992,0.997,1.06,1,1.08,1.098,1.044,1.065,1.053,1.06,1.034,0.951,0.991,1.051,0.993,1.051,0.953,0.983,1.066,0.943,0.968,1.017,1.015,1.044,0.989,1.066,1.043,1.014,1.017,0.919,0.97,1.055,0.947,0.96,0.954,1.035,0.969,0.96,1.04,0.958,0.937,0.942,0.958,0.941,0.923,0.973,0.995,0.974,1.03,0.99,1,0.979,0.988,0.967,1.013,0.912,0.984,0.923,0.877,0.906,0.969,0.935,0.94,0.945,0.953,0.955,0.888,0.988,0.895,0.987,0.942,0.951,0.898,0.869,0.865
Abhaya,2.916,3.078,3.564,3.534,3.574,3.621,3.318,3.218,3.436,3.603,3.412,3.592,3.591,3.527,3.586,3.462,3.619,3.473,3.46,3.594,3.592,3.454,3.379,3.588,3.613,3.501,3.632,3.559,3.525,3.241,3.621,3.558,3.621,3.602,3.624,3.578,3.503,3.598,3.605,3.501,3.426,3.537,3.599,3.536,3.607,3.517,3.348,3.6,3.599,3.626,3.49,3.502,2.843,3.509,3.349,3.502,3.568,3.539,3.407,3.252,3.273,3.264,3.385,3.312,3.435,3.465,3.135,3.44,3.522,3.514,3.309,3.135,3.562,3.572,3.553,3.404,3.551,3.384,3.211,2.931,3.511,3.531,3.632,3.554,3.558,3.518,3.583,3.505,3.453,3.363,3.371,3.454,3.634,3.606,3.601,3.608,3.483,3.624,3.501,3.541,3.501,3.545,3.527,3.272,3.033,2.839,2.796,2.661,2.526,2.53,2.381,2.388,2.224,2.152,2.164,2.095,1.994,1.999,1.928,1.846,1.889,1.841,1.769,1.806,1.68,1.653,1.64,1.572,1.586,1.499,1.483,1.503,1.443,1.454,1.39,1.382,1.45,1.463,1.39,1.405,1.403,1.387,1.308,1.349,1.255,1.367,1.289,1.292,1.321,1.296,1.274,1.229,1.237,1.193,1.173,1.291,1.217,1.192,1.158,1.144,1.2,1.132,1.153,1.167,1.17,1.14,1.216,1.208,1.183,1.177,1.143,1.198,1.191,1.138,1.208,1.204,1.066,1.161,1.135,1.18,1.056,1.055,1.114,1.178,1.106,1.157,1.107,1.08,1.105,1.048,1.059,1.128,1.092,1.147,1.132,1.037,1.046,1.143,1.047,1.118,1.006,1.012,1.091,1.027,1.05,1.067,1.039,1.086,1.102,1.033,1,1.051,1.042,1.058,0.997,1.06,1.018,1.033,1.025,1.101,1.086,1.065,1.069,1.012,0.973,1.033,0.957,1.061,1.002,1.058,1.061,0.954,0.986,0.94,1,1.06,0.953,1.062,0.996,0.954,1.012,1.031,1.055,1.047,1.047,0.934,1.028,0.994,0.995,1.016,0.92,1.025,0.92,1.04,0.987,0.926,0.976,0.912,0.9,0.971,0.906,0.965,0.956,1.007,0.983,0.992,1.009,0.953,0.956,0.989,0.932,0.945,0.966,1.021,0.972,0.93,1.004,0.93,0.885,0.879,0.902,0.99,0.932,0.951,0.92,0.983,0.9,0.977,0.909,0.873,0.849
Abhaya,2.882,2.988,3.61,3.531,3.584,3.562,3.389,3.119,3.41,3.613,3.486,3.529,3.631,3.566,3.564,3.359,3.598,3.49,3.564,3.584,3.626,3.502,3.382,3.635,3.581,3.539,3.518,3.552,3.589,3.226,3.564,3.633,3.518,3.542,3.614,3.541,3.503,3.507,3.535,3.536,3.289,3.629,3.566,3.506,3.571,3.554,3.455,3.636,3.613,3.593,3.558,3.554,2.882,3.502,3.322,3.532,3.632,3.632,3.43,3.343,3.229,3.354,3.288,3.347,3.458,3.474,3.14,3.564,3.558,3.601,3.369,3.252,3.617,3.631,3.558,3.321,3.6,3.444,3.204,2.964,3.563,3.524,3.551,3.608,3.598,3.574,3.613,3.526,3.407,3.289,3.425,3.345,3.579,3.608,3.638,3.627,3.424,3.545,3.574,3.577,3.544,3.535,3.556,3.315,3.13,2.899,2.753,2.574,2.55,2.596,2.454,2.296,2.277,2.249,2.132,2.051,2.07,2.046,1.907,1.871,1.869,1.754,1.782,1.784,1.711,1.688,1.685,1.564,1.66,1.556,1.605,1.514,1.513,1.482,1.5,1.398,1.478,1.327,1.425,1.374,1.38,1.409,1.302,1.294,1.351,1.255,1.326,1.322,1.279,1.202,1.232,1.214,1.306,1.302,1.202,1.288,1.184,1.153,1.165,1.259,1.215,1.136,1.221,1.125,1.129,1.201,1.225,1.136,1.102,1.124,1.212,1.219,1.163,1.115,1.114,1.09,1.082,1.155,1.182,1.18,1.151,1.109,1.131,1.052,1.057,1.041,1.17,1.12,1.145,1.03,1.109,1.071,1.097,1.043,1.141,1.064,1.088,1.067,1.041,1.027,1.019,1.126,1.131,1.064,1.103,1.085,1.103,1.106,1.047,1.008,1.09,1.098,1.005,1.016,1.106,1.065,1.053,1.093,1.095,1.025,1.104,1.094,1.064,1.084,0.976,1.052,1.049,0.956,1.013,1.085,0.983,0.968,0.96,1.072,0.966,1.055,1.041,0.998,0.95,1.004,1.001,1.06,1.025,1.004,0.968,1.021,0.979,0.933,1.016,0.961,0.921,0.984,1.009,0.958,0.913,0.979,0.954,0.929,0.914,0.912,0.987,0.912,0.98,0.91,0.916,0.97,0.969,0.954,0.967,0.98,0.915,0.91,0.898,0.901,0.895,0.904,0.982,0.994,0.872,0.979,0.977,0.985,0.969,0.936,0.92,0.904,0.862,0.923,0.877,0.966,0.925
Abhaya,2.858,2.959,3.517,3.507,3.616,3.611,3.319,3.19,3.446,3.589,3.455,3.567,3.626,3.621,3.559,3.38,3.574,3.558,3.486,3.569,3.566,3.569,3.328,3.609,3.524,3.553,3.592,3.635,3.578,3.217,3.629,3.589,3.572,3.618,3.519,3.534,3.53,3.548,3.556,3.57,3.421,3.505,3.621,3.63,3.529,3.48,3.394,3.517,3.509,3.526,3.526,3.514,2.949,3.636,3.336,3.527,3.529,3.578,3.442,3.365,3.299,3.342,3.299,3.345,3.453,3.381,3.23,3.478,3.629,3.635,3.396,3.19,3.528,3.603,3.502,3.332,3.614,3.366,3.232,2.912,3.635,3.547,3.553,3.574,3.574,3.504,3.521,3.574,3.337,3.299,3.421,3.469,3.592,3.637,3.638,3.541,3.41,3.597,3.513,3.584,3.559,3.549,3.581,3.263,3.133,2.837,2.821,2.627,2.485,2.501,2.406,2.295,2.28,2.273,2.181,2.113,2.084,2.015,1.915,1.936,1.894,1.79,1.799,1.733,1.641,1.678,1.695,1.684,1.559,1.542,1.51,1.531,1.532,1.517,1.432,1.479,1.476,1.421,1.316,1.318,1.414,1.36,1.362,1.295,1.343,1.285,1.253,1.275,1.308,1.235,1.192,1.282,1.269,1.302,1.214,1.187,1.259,1.19,1.247,1.186,1.136,1.177,1.181,1.151,1.125,1.236,1.118,1.116,1.231,1.146,1.196,1.141,1.09,1.159,1.179,1.16,1.118,1.176,1.087,1.093,1.092,1.124,1.069,1.161,1.083,1.113,1.05,1.147,1.097,1.065,1.139,1.142,1.033,1.056,1.143,1.116,1.025,1.019,1.06,1.118,1.138,1.063,1.082,1.019,1.081,1.088,1.035,1.081,1.038,1.085,1.106,1.034,1.075,0.983,1.028,1.096,1.073,1.089,1.053,1.007,1.081,1.04,0.98,1.016,0.997,0.965,1.072,1.009,1.052,1.006,0.961,1.061,1.006,0.97,0.994,0.953,1.003,1.039,0.985,1.015,0.976,1.06,1.016,1.008,1.002,1.056,0.968,1.053,1.012,1.04,1.016,1.031,0.965,0.989,0.979,0.987,0.918,0.951,0.92,0.985,0.985,0.918,1.025,0.996,1.002,0.986,0.962,0.927,0.994,1.01,0.956,0.994,0.883,0.963,1.007,0.991,0.947,0.974,0.985,0.925,0.99,0.914,0.975,0.948,0.985,0.941,0.975,0.911,0.898,0.964,0.967
Abhaya,2.857,2.979,3.524,3.594,3.506,3.511,3.357,3.225,3.374,3.532,3.446,3.49,3.516,3.59,3.624,3.351,3.566,3.523,3.541,3.531,3.528,3.518,3.323,3.506,3.588,3.511,3.513,3.519,3.601,3.221,3.588,3.526,3.514,3.595,3.538,3.503,3.573,3.585,3.577,3.504,3.393,3.599,3.521,3.621,3.62,3.546,3.37,3.601,3.511,3.555,3.575,3.53,2.931,3.522,3.406,3.519,3.505,3.599,3.389,3.29,3.26,3.269,3.406,3.312,3.36,3.495,3.203,3.538,3.564,3.559,3.292,3.241,3.577,3.638,3.529,3.328,3.628,3.476,3.162,2.908,3.548,3.623,3.611,3.629,3.564,3.524,3.637,3.514,3.424,3.283,3.434,3.41,3.6,3.579,3.593,3.519,3.492,3.519,3.638,3.617,3.551,3.597,3.499,3.35,3.048,2.91,2.788,2.59,2.538,2.541,2.411,2.295,2.248,2.248,2.142,2.16,2.026,2.028,1.985,1.878,1.936,1.841,1.828,1.692,1.745,1.751,1.573,1.672,1.531,1.597,1.553,1.583,1.546,1.47,1.445,1.422,1.411,1.444,1.314,1.408,1.361,1.312,1.33,1.326,1.25,1.281,1.276,1.322,1.312,1.309,1.255,1.288,1.186,1.226,1.173,1.177,1.271,1.259,1.224,1.226,1.153,1.136,1.166,1.141,1.11,1.19,1.132,1.155,1.219,1.124,1.216,1.143,1.218,1.194,1.19,1.161,1.082,1.201,1.185,1.177,1.06,1.129,1.075,1.144,1.093,1.112,1.173,1.085,1.164,1.058,1.04,1.063,1.138,1.142,1.121,1.021,1.023,1.038,1.083,1.112,1.042,1.113,1.114,1.065,1.03,1.066,1.055,1.061,1.083,1.011,1.037,0.995,0.99,1.076,1.058,1.004,1.042,1.043,1.07,1.101,1.013,0.982,1.069,1.084,1.012,0.967,1.056,1.047,1.059,1.014,0.986,1.014,1.006,1.025,0.948,1.003,0.995,1.021,0.959,0.951,1.07,0.953,0.952,0.946,1.058,1.026,0.941,1.04,0.956,0.92,1.031,0.948,0.999,0.929,0.99,0.925,0.946,0.956,0.978,1.003,0.901,0.984,0.923,0.905,0.982,0.969,0.993,0.971,0.98,0.939,0.915,0.982,1.012,1.014,0.93,0.993,0.902,1.003,0.972,0.952,0.96,0.943,0.893,0.991,0.957,0.859,0.858,0.853,0.89,0.893,0.956
Abhaya,3.02,2.252,3.569,3.508,3.536,3.638,3.528,3.566,3.562,3.541,3.6,3.558,3.504,3.589,3.641,3.551,3.521,3.573,3.648,3.539,3.606,3.657,3.579,3.574,3.589,3.628,3.501,3.581,3.578,3.561,3.619,3.585,3.651,3.551,3.216,3.524,3.503,3.588,3.514,3.598,3.565,3.631,3.562,3.52,3.628,3.625,3.519,3.617,3.539,3.579,3.506,3.566,3.214,3.624,3.471,3.402,3.502,3.571,3.024,3.639,3.576,3.522,3.544,3.526,3.651,3.59,3.617,3.519,3.51,3.554,3.547,3.554,3.592,3.591,3.495,3.606,3.647,3.508,3.559,3.578,3.656,3.631,3.599,3.513,3.559,3.533,3.629,3.533,3.594,3.554,3.65,3.591,3.572,3.606,3.648,3.571,3.511,3.528,3.605,3.65,3.505,3.564,3.51,3.536,3.427,3.632,3.546,3.057,2.923,2.902,2.867,2.674,2.668,2.677,2.583,2.398,2.441,2.432,2.325,2.354,2.264,2.269,2.133,2.218,2.098,2.162,2.129,2.078,1.97,2.021,2.053,1.992,1.913,1.965,1.945,1.854,1.883,1.806,1.767,1.888,1.857,1.871,1.714,1.749,1.696,1.736,1.704,1.771,1.732,1.706,1.64,1.722,1.743,1.755,1.715,1.754,1.587,1.652,1.616,1.569,1.588,1.66,1.577,1.634,1.559,1.61,1.668,1.571,1.595,1.52,1.588,1.551,1.632,1.626,1.541,1.524,1.543,1.54,1.575,1.475,1.498,1.443,1.443,1.553,1.458,1.442,1.554,1.555,1.544,1.512,1.42,1.481,1.494,1.401,1.47,1.493,1.525,1.512,1.425,1.374,1.399,1.4,1.435,1.503,1.471,1.437,1.333,1.341,1.337,1.434,1.354,1.338,1.323,1.454,1.344,1.323,1.383,1.365,1.427,1.356,1.394,1.435,1.355,1.388,1.375,1.327,1.349,1.323,1.431,1.357,1.403,1.337,1.288,1.397,1.337,1.311,1.406,1.375,1.367,1.366,1.342,1.399,1.258,1.372,1.39,1.336,1.312,1.257,1.237,1.345,1.345,1.321,1.306,1.357,1.3,1.31,1.255,1.363,1.255,1.236,1.228,1.219,1.292,1.297,1.218,1.257,1.343,1.328,1.298,1.315,1.207,1.327,1.226,1.324,1.18,1.318,1.274,1.216,1.245,1.292,1.268,1.288,1.301,1.177,1.203,1.213,1.298,1.184,1.246,1.159,1.24
Abhaya,2.874,2.192,3.544,3.505,3.618,3.573,3.614,3.64,3.532,3.637,3.606,3.513,3.581,3.52,3.506,3.538,3.639,3.579,3.62,3.592,3.549,3.62,3.621,3.583,3.587,3.518,3.542,3.501,3.62,3.519,3.603,3.649,3.504,3.55,3.188,3.543,3.578,3.594,3.531,3.523,3.561,3.561,3.523,3.543,3.541,3.597,3.556,3.623,3.597,3.59,3.613,3.628,3.336,3.545,3.513,3.453,3.646,3.639,3.017,3.639,3.548,3.569,3.624,3.546,3.594,3.525,3.648,3.596,3.611,3.538,3.526,3.638,3.591,3.628,3.44,3.593,3.548,3.641,3.512,3.519,3.615,3.622,3.566,3.538,3.63,3.599,3.585,3.549,3.551,3.54,3.639,3.643,3.538,3.584,3.652,3.532,3.582,3.594,3.554,3.604,3.503,3.648,3.58,3.641,3.402,3.567,3.573,3.102,2.937,2.981,2.834,2.656,2.713,2.724,2.588,2.389,2.411,2.459,2.376,2.394,2.348,2.191,2.15,2.095,2.178,2.162,2.04,2.039,2.077,2.041,2.065,1.99,1.963,1.85,1.948,1.836,1.789,1.784,1.809,1.795,1.794,1.858,1.83,1.716,1.795,1.716,1.785,1.674,1.779,1.771,1.793,1.715,1.77,1.625,1.701,1.617,1.609,1.599,1.636,1.711,1.683,1.588,1.553,1.537,1.544,1.675,1.605,1.554,1.604,1.643,1.535,1.525,1.572,1.563,1.516,1.606,1.58,1.57,1.592,1.504,1.543,1.503,1.554,1.531,1.447,1.456,1.453,1.449,1.562,1.45,1.544,1.539,1.462,1.438,1.414,1.434,1.511,1.443,1.387,1.375,1.44,1.469,1.465,1.392,1.443,1.441,1.444,1.437,1.404,1.363,1.336,1.436,1.391,1.347,1.324,1.322,1.454,1.365,1.374,1.338,1.344,1.377,1.412,1.379,1.45,1.391,1.329,1.321,1.378,1.298,1.338,1.318,1.369,1.285,1.299,1.38,1.379,1.34,1.254,1.348,1.299,1.267,1.34,1.365,1.291,1.241,1.338,1.329,1.366,1.374,1.283,1.304,1.3,1.268,1.364,1.337,1.29,1.262,1.362,1.236,1.332,1.267,1.326,1.299,1.279,1.235,1.313,1.269,1.294,1.198,1.22,1.269,1.287,1.256,1.296,1.27,1.224,1.179,1.193,1.192,1.23,1.291,1.292,1.24,1.281,1.23,1.315,1.261,1.276,1.252,1.272
Abhaya,2.966,2.32,3.628,3.579,3.653,3.529,3.614,3.513,3.507,3.523,3.655,3.501,3.554,3.511,3.645,3.593,3.549,3.531,3.565,3.518,3.545,3.501,3.569,3.599,3.574,3.609,3.521,3.642,3.618,3.521,3.621,3.633,3.569,3.524,3.3,3.571,3.503,3.579,3.555,3.518,3.585,3.636,3.524,3.518,3.589,3.609,3.565,3.645,3.588,3.578,3.638,3.623,3.283,3.532,3.466,3.385,3.643,3.521,2.975,3.535,3.578,3.643,3.655,3.618,3.619,3.618,3.616,3.545,3.515,3.638,3.516,3.546,3.519,3.568,3.49,3.626,3.588,3.644,3.585,3.563,3.518,3.636,3.589,3.558,3.582,3.54,3.634,3.447,3.647,3.533,3.579,3.641,3.521,3.516,3.531,3.566,3.514,3.581,3.593,3.515,3.503,3.534,3.503,3.59,3.462,3.53,3.518,3.134,2.901,2.876,2.775,2.758,2.777,2.647,2.58,2.436,2.393,2.379,2.296,2.288,2.317,2.253,2.224,2.159,2.183,2.167,2.024,2.009,2.091,1.949,2.038,1.923,1.923,1.966,1.932,1.817,1.865,1.883,1.775,1.769,1.766,1.777,1.713,1.847,1.748,1.765,1.674,1.712,1.694,1.746,1.785,1.66,1.648,1.705,1.676,1.742,1.595,1.734,1.673,1.626,1.675,1.586,1.659,1.54,1.678,1.567,1.558,1.554,1.538,1.608,1.598,1.63,1.586,1.515,1.613,1.507,1.57,1.518,1.61,1.492,1.48,1.52,1.486,1.496,1.489,1.487,1.418,1.522,1.516,1.56,1.512,1.538,1.455,1.437,1.439,1.42,1.513,1.486,1.389,1.416,1.495,1.504,1.455,1.38,1.398,1.366,1.363,1.406,1.346,1.427,1.371,1.39,1.412,1.382,1.386,1.451,1.373,1.462,1.344,1.419,1.404,1.323,1.362,1.32,1.407,1.45,1.396,1.337,1.312,1.42,1.383,1.41,1.313,1.358,1.307,1.39,1.255,1.256,1.294,1.304,1.349,1.399,1.316,1.275,1.314,1.265,1.382,1.267,1.333,1.313,1.289,1.34,1.368,1.371,1.29,1.309,1.362,1.216,1.289,1.256,1.289,1.302,1.319,1.24,1.302,1.29,1.281,1.268,1.342,1.284,1.294,1.254,1.203,1.28,1.212,1.192,1.258,1.276,1.256,1.287,1.183,1.236,1.2,1.174,1.255,1.238,1.308,1.248,1.248,1.197,1.165
Abhaya,2.984,2.198,3.618,3.595,3.503,3.572,3.633,3.561,3.524,3.547,3.524,3.607,3.652,3.609,3.513,3.608,3.518,3.528,3.502,3.608,3.607,3.652,3.58,3.638,3.56,3.577,3.577,3.657,3.546,3.555,3.616,3.514,3.524,3.605,3.245,3.542,3.599,3.65,3.505,3.599,3.551,3.576,3.523,3.552,3.53,3.581,3.577,3.561,3.631,3.534,3.63,3.588,3.276,3.508,3.449,3.405,3.52,3.636,2.99,3.638,3.538,3.546,3.576,3.501,3.639,3.512,3.544,3.598,3.626,3.538,3.602,3.606,3.63,3.547,3.433,3.546,3.644,3.506,3.581,3.559,3.516,3.576,3.607,3.597,3.569,3.525,3.549,3.435,3.573,3.616,3.513,3.592,3.519,3.538,3.618,3.587,3.509,3.616,3.613,3.611,3.619,3.598,3.587,3.54,3.42,3.554,3.498,3.106,2.917,2.886,2.787,2.622,2.675,2.657,2.609,2.432,2.483,2.484,2.312,2.365,2.364,2.248,2.245,2.193,2.2,2.115,2.056,2.034,2.044,2.083,1.926,1.94,1.996,1.92,1.967,1.811,1.828,1.922,1.864,1.854,1.765,1.861,1.717,1.79,1.735,1.708,1.752,1.696,1.756,1.78,1.783,1.776,1.635,1.766,1.632,1.609,1.665,1.637,1.709,1.672,1.631,1.617,1.696,1.641,1.556,1.569,1.559,1.534,1.58,1.511,1.565,1.608,1.594,1.53,1.537,1.502,1.557,1.557,1.483,1.5,1.459,1.506,1.521,1.523,1.457,1.47,1.446,1.56,1.493,1.414,1.508,1.417,1.49,1.527,1.506,1.393,1.474,1.388,1.476,1.471,1.511,1.444,1.448,1.354,1.41,1.451,1.333,1.444,1.38,1.402,1.453,1.42,1.369,1.461,1.377,1.358,1.356,1.346,1.435,1.439,1.435,1.334,1.362,1.344,1.349,1.412,1.431,1.391,1.307,1.34,1.328,1.345,1.276,1.293,1.324,1.34,1.34,1.396,1.298,1.28,1.373,1.271,1.391,1.334,1.258,1.365,1.25,1.375,1.241,1.312,1.36,1.298,1.333,1.22,1.325,1.36,1.32,1.263,1.333,1.252,1.346,1.311,1.214,1.241,1.214,1.302,1.212,1.218,1.197,1.324,1.329,1.318,1.341,1.231,1.253,1.317,1.322,1.175,1.242,1.268,1.189,1.301,1.249,1.245,1.213,1.306,1.186,1.253,1.299,1.294,1.167
Abhaya,2.993,2.178,3.63,3.549,3.55,3.621,3.566,3.517,3.561,3.601,3.546,3.623,3.583,3.592,3.56,3.552,3.64,3.613,3.523,3.585,3.596,3.652,3.607,3.53,3.618,3.617,3.613,3.589,3.626,3.515,3.638,3.653,3.644,3.601,3.272,3.632,3.506,3.539,3.527,3.553,3.514,3.653,3.526,3.533,3.606,3.603,3.614,3.647,3.643,3.627,3.65,3.644,3.251,3.645,3.411,3.415,3.55,3.623,2.985,3.641,3.545,3.648,3.57,3.643,3.584,3.593,3.565,3.574,3.608,3.574,3.571,3.631,3.648,3.561,3.405,3.505,3.606,3.609,3.558,3.52,3.633,3.578,3.578,3.546,3.598,3.635,3.601,3.474,3.531,3.586,3.584,3.609,3.633,3.581,3.523,3.651,3.551,3.657,3.523,3.624,3.571,3.657,3.523,3.533,3.418,3.596,3.568,3.038,2.929,2.959,2.751,2.644,2.674,2.628,2.591,2.493,2.44,2.416,2.299,2.388,2.293,2.297,2.13,2.241,2.136,2.054,2.112,1.978,2.028,1.965,1.99,1.984,1.954,1.881,1.827,1.811,1.925,1.874,1.8,1.799,1.834,1.787,1.789,1.845,1.696,1.698,1.799,1.79,1.704,1.792,1.765,1.674,1.779,1.724,1.691,1.609,1.605,1.704,1.633,1.718,1.579,1.642,1.561,1.555,1.671,1.557,1.648,1.549,1.656,1.533,1.519,1.601,1.579,1.629,1.478,1.52,1.607,1.548,1.537,1.57,1.472,1.535,1.469,1.489,1.476,1.481,1.416,1.553,1.413,1.486,1.51,1.453,1.437,1.477,1.526,1.536,1.538,1.391,1.377,1.401,1.487,1.509,1.476,1.463,1.431,1.495,1.386,1.471,1.422,1.473,1.393,1.318,1.406,1.451,1.336,1.335,1.325,1.38,1.349,1.386,1.427,1.409,1.335,1.435,1.437,1.448,1.404,1.372,1.348,1.311,1.434,1.35,1.299,1.35,1.329,1.305,1.388,1.253,1.281,1.285,1.291,1.31,1.32,1.306,1.361,1.297,1.38,1.307,1.38,1.282,1.366,1.228,1.363,1.358,1.273,1.226,1.262,1.27,1.208,1.345,1.344,1.237,1.283,1.246,1.311,1.262,1.33,1.292,1.278,1.241,1.224,1.26,1.236,1.296,1.192,1.184,1.199,1.178,1.255,1.227,1.245,1.279,1.292,1.164,1.163,1.198,1.263,1.264,1.181,1.167,1.287
Abhaya,2.286,3.086,3.232,3.008,3.149,3.479,3.202,3.537,3.233,3.52,3.588,3.509,3.571,3.504,3.612,3.462,3.405,3.601,3.575,3.604,3.634,3.419,3.507,3.524,3.505,3.553,3.596,3.557,3.598,3.471,3.389,3.506,3.617,3.553,3.432,3.235,3.628,3.593,3.563,3.467,3.545,3.514,3.606,3.613,3.591,3.571,3.268,3.369,3.576,3.588,3.533,3.21,3.171,3.562,3.439,3.515,3.526,3.602,3.536,2.985,3.306,3.595,3.618,3.172,3.254,3.613,3.334,3.593,3.122,3.029,2.977,3.215,3.039,3.238,3.506,3.265,3.559,3.344,3.489,3.095,3.161,3.452,3.511,3.604,3.601,3.528,3.426,3.462,3.275,3.292,3.274,3.468,3.628,3.492,3.566,3.571,3.292,3.3,3.195,3.077,2.992,2.854,2.758,2.552,2.611,2.532,2.366,2.301,2.246,2.201,2.084,2,2.044,1.972,1.908,1.763,1.705,1.75,1.703,1.611,1.564,1.414,1.482,1.43,1.277,1.354,1.294,1.23,1.266,1.104,1.201,1.16,1.034,1.071,1.035,0.996,1.025,1.047,1.001,0.972,0.899,0.885,0.945,0.908,0.82,0.907,0.857,0.874,0.797,0.868,0.875,0.79,0.76,0.863,0.73,0.827,0.811,0.77,0.802,0.69,0.77,0.807,0.754,0.691,0.716,0.736,0.658,0.743,0.751,0.649,0.648,0.676,0.651,0.671,0.671,0.709,0.716,0.75,0.669,0.742,0.631,0.682,0.63,0.726,0.668,0.621,0.643,0.635,0.664,0.682,0.644,0.63,0.669,0.634,0.569,0.699,0.661,0.62,0.626,0.632,0.638,0.626,0.658,0.636,0.652,0.615,0.558,0.652,0.541,0.586,0.635,0.531,0.559,0.624,0.649,0.64,0.542,0.545,0.606,0.546,0.627,0.647,0.591,0.612,0.605,0.608,0.585,0.504,0.543,0.601,0.541,0.605,0.508,0.536,0.62,0.495,0.528,0.575,0.573,0.598,0.542,0.62,0.597,0.568,0.572,0.478,0.531,0.613,0.507,0.523,0.513,0.6,0.531,0.524,0.605,0.517,0.498,0.505,0.526,0.51,0.488,0.543,0.565,0.545,0.598,0.559,0.568,0.549,0.558,0.54,0.59,0.486,0.559,0.495,0.451,0.484,0.549,0.515,0.521,0.525,0.534,0.537,0.465,0.567,0.479,0.573,0.528,0.538,0.481,0.454,0.457
Abhaya,2.342,3.131,3.285,3.001,3.151,3.511,3.133,3.578,3.191,3.603,3.501,3.626,3.591,3.527,3.586,3.51,3.476,3.522,3.507,3.594,3.592,3.356,3.506,3.588,3.613,3.419,3.633,3.559,3.525,3.455,3.497,3.558,3.621,3.602,3.546,3.241,3.503,3.598,3.605,3.394,3.551,3.537,3.599,3.536,3.607,3.591,3.233,3.39,3.599,3.629,3.507,3.268,3.179,3.455,3.405,3.565,3.568,3.539,3.477,2.909,3.391,3.542,3.598,3.215,3.227,3.593,3.329,3.508,3.028,3.014,2.905,3.166,3.057,3.172,3.553,3.301,3.551,3.305,3.509,3.097,3.161,3.398,3.619,3.554,3.558,3.518,3.442,3.357,3.391,3.402,3.248,3.51,3.634,3.572,3.601,3.608,3.247,3.383,3.106,3.005,2.856,2.82,2.769,2.608,2.602,2.509,2.346,2.287,2.208,2.173,2.071,2.126,1.932,1.863,1.862,1.773,1.671,1.681,1.593,1.52,1.549,1.505,1.421,1.45,1.316,1.271,1.263,1.18,1.194,1.104,1.084,1.093,1.025,1.044,0.976,0.967,1.028,1.046,0.969,0.982,0.977,0.955,0.873,0.911,0.823,0.93,0.846,0.847,0.883,0.857,0.832,0.785,0.796,0.754,0.734,0.844,0.772,0.749,0.714,0.701,0.759,0.689,0.71,0.723,0.728,0.698,0.771,0.761,0.735,0.728,0.694,0.75,0.742,0.688,0.759,0.759,0.619,0.712,0.688,0.735,0.61,0.609,0.665,0.73,0.659,0.71,0.658,0.63,0.654,0.599,0.614,0.681,0.644,0.693,0.684,0.584,0.595,0.691,0.597,0.665,0.554,0.56,0.637,0.576,0.599,0.615,0.592,0.634,0.649,0.588,0.555,0.6,0.592,0.604,0.542,0.61,0.568,0.581,0.571,0.647,0.633,0.614,0.616,0.559,0.525,0.581,0.508,0.614,0.554,0.608,0.609,0.508,0.541,0.493,0.554,0.612,0.513,0.62,0.554,0.508,0.565,0.585,0.609,0.601,0.602,0.493,0.589,0.552,0.555,0.579,0.479,0.59,0.482,0.604,0.552,0.485,0.537,0.475,0.468,0.54,0.471,0.535,0.526,0.578,0.551,0.561,0.577,0.523,0.526,0.562,0.509,0.519,0.541,0.593,0.546,0.508,0.584,0.51,0.466,0.459,0.483,0.572,0.509,0.53,0.504,0.569,0.486,0.564,0.492,0.458,0.441
Abhaya,2.308,3.041,3.331,2.998,3.161,3.452,3.204,3.479,3.165,3.613,3.575,3.563,3.631,3.566,3.564,3.407,3.455,3.539,3.611,3.584,3.626,3.404,3.509,3.635,3.581,3.457,3.519,3.552,3.589,3.44,3.44,3.633,3.518,3.542,3.536,3.204,3.503,3.507,3.535,3.429,3.414,3.629,3.566,3.506,3.571,3.628,3.34,3.426,3.613,3.596,3.575,3.32,3.218,3.448,3.378,3.595,3.632,3.632,3.5,3,3.347,3.632,3.501,3.25,3.25,3.602,3.334,3.632,3.064,3.101,2.965,3.283,3.112,3.231,3.558,3.218,3.6,3.365,3.502,3.13,3.213,3.391,3.538,3.608,3.598,3.574,3.472,3.378,3.345,3.328,3.302,3.401,3.579,3.574,3.638,3.627,3.188,3.304,3.179,3.041,2.899,2.81,2.798,2.651,2.699,2.569,2.303,2.2,2.232,2.239,2.144,2.034,1.985,1.96,1.83,1.729,1.747,1.728,1.572,1.545,1.529,1.418,1.434,1.428,1.347,1.306,1.308,1.172,1.268,1.161,1.206,1.104,1.095,1.072,1.086,0.983,1.056,0.91,1.004,0.951,0.954,0.977,0.867,0.856,0.919,0.818,0.883,0.877,0.841,0.763,0.79,0.77,0.865,0.863,0.763,0.841,0.739,0.71,0.721,0.816,0.774,0.693,0.778,0.681,0.687,0.759,0.78,0.689,0.654,0.675,0.763,0.771,0.714,0.665,0.665,0.645,0.635,0.706,0.735,0.735,0.705,0.663,0.682,0.604,0.61,0.594,0.721,0.67,0.694,0.581,0.664,0.624,0.649,0.589,0.693,0.611,0.637,0.615,0.591,0.574,0.567,0.674,0.677,0.613,0.652,0.633,0.656,0.654,0.594,0.563,0.645,0.647,0.555,0.562,0.651,0.615,0.603,0.641,0.641,0.571,0.651,0.643,0.611,0.631,0.528,0.6,0.6,0.509,0.565,0.635,0.531,0.522,0.515,0.625,0.52,0.607,0.601,0.556,0.508,0.558,0.554,0.614,0.579,0.558,0.523,0.58,0.54,0.491,0.576,0.524,0.48,0.549,0.571,0.522,0.478,0.538,0.515,0.492,0.482,0.481,0.552,0.482,0.55,0.481,0.484,0.539,0.537,0.524,0.537,0.553,0.492,0.484,0.473,0.473,0.469,0.482,0.562,0.574,0.453,0.559,0.558,0.567,0.546,0.515,0.504,0.49,0.448,0.51,0.46,0.551,0.517
Abhaya,2.284,3.012,3.238,2.974,3.193,3.501,3.134,3.55,3.201,3.589,3.544,3.601,3.626,3.621,3.559,3.428,3.431,3.607,3.533,3.569,3.566,3.471,3.455,3.609,3.524,3.471,3.593,3.635,3.578,3.431,3.505,3.589,3.572,3.618,3.441,3.197,3.53,3.548,3.556,3.463,3.546,3.505,3.621,3.63,3.529,3.554,3.279,3.307,3.509,3.529,3.543,3.28,3.285,3.582,3.392,3.59,3.529,3.578,3.512,3.022,3.417,3.62,3.512,3.248,3.245,3.509,3.424,3.546,3.135,3.135,2.992,3.221,3.023,3.203,3.502,3.229,3.614,3.287,3.53,3.078,3.285,3.414,3.54,3.574,3.574,3.504,3.38,3.426,3.275,3.338,3.298,3.525,3.592,3.603,3.638,3.541,3.174,3.356,3.118,3.048,2.914,2.824,2.823,2.599,2.702,2.507,2.371,2.253,2.167,2.144,2.096,2.033,1.988,1.984,1.879,1.791,1.761,1.697,1.58,1.61,1.554,1.454,1.451,1.377,1.277,1.296,1.318,1.292,1.167,1.147,1.111,1.121,1.114,1.107,1.018,1.064,1.054,1.004,0.895,0.895,0.988,0.928,0.927,0.857,0.911,0.848,0.81,0.83,0.87,0.796,0.75,0.838,0.828,0.863,0.775,0.74,0.814,0.747,0.803,0.743,0.695,0.734,0.738,0.707,0.683,0.794,0.673,0.669,0.783,0.697,0.747,0.693,0.641,0.709,0.73,0.715,0.671,0.727,0.64,0.648,0.646,0.678,0.62,0.713,0.636,0.666,0.601,0.697,0.646,0.616,0.694,0.695,0.585,0.602,0.695,0.663,0.574,0.567,0.61,0.665,0.686,0.611,0.628,0.568,0.63,0.636,0.588,0.629,0.585,0.64,0.661,0.583,0.625,0.529,0.573,0.646,0.623,0.637,0.599,0.553,0.628,0.589,0.527,0.563,0.549,0.513,0.623,0.562,0.604,0.556,0.509,0.615,0.561,0.523,0.548,0.505,0.563,0.597,0.543,0.569,0.529,0.614,0.57,0.562,0.557,0.615,0.529,0.611,0.572,0.603,0.575,0.596,0.527,0.553,0.544,0.546,0.479,0.514,0.488,0.554,0.55,0.488,0.595,0.567,0.57,0.555,0.53,0.497,0.564,0.583,0.533,0.568,0.458,0.535,0.581,0.569,0.527,0.554,0.566,0.505,0.571,0.496,0.552,0.527,0.569,0.527,0.561,0.498,0.481,0.549,0.559
Abhaya,2.283,3.032,3.245,3.061,3.083,3.401,3.172,3.585,3.129,3.532,3.535,3.524,3.516,3.59,3.624,3.399,3.423,3.572,3.588,3.531,3.528,3.42,3.45,3.506,3.588,3.429,3.514,3.519,3.601,3.435,3.464,3.526,3.514,3.595,3.46,3.166,3.573,3.585,3.577,3.397,3.518,3.599,3.521,3.621,3.62,3.62,3.255,3.391,3.511,3.558,3.592,3.296,3.267,3.468,3.462,3.582,3.505,3.599,3.459,2.947,3.378,3.547,3.619,3.215,3.152,3.623,3.397,3.606,3.07,3.059,2.888,3.272,3.072,3.238,3.529,3.225,3.628,3.397,3.46,3.074,3.198,3.49,3.598,3.629,3.564,3.524,3.496,3.366,3.362,3.322,3.311,3.466,3.6,3.545,3.593,3.519,3.256,3.278,3.243,3.081,2.906,2.872,2.741,2.686,2.617,2.58,2.338,2.216,2.22,2.184,2.101,2.033,1.956,1.959,1.84,1.838,1.703,1.71,1.65,1.552,1.596,1.505,1.48,1.336,1.381,1.369,1.196,1.28,1.139,1.202,1.154,1.173,1.128,1.06,1.031,1.007,0.989,1.027,0.893,0.985,0.935,0.88,0.895,0.888,0.818,0.844,0.833,0.877,0.874,0.87,0.813,0.844,0.745,0.787,0.734,0.73,0.826,0.816,0.78,0.783,0.712,0.693,0.723,0.697,0.668,0.748,0.687,0.708,0.771,0.675,0.767,0.695,0.769,0.744,0.741,0.716,0.635,0.752,0.738,0.732,0.614,0.683,0.626,0.696,0.646,0.665,0.724,0.635,0.713,0.609,0.595,0.616,0.69,0.688,0.673,0.568,0.572,0.586,0.633,0.659,0.59,0.661,0.66,0.614,0.579,0.614,0.608,0.609,0.63,0.566,0.592,0.544,0.54,0.622,0.603,0.554,0.592,0.591,0.616,0.647,0.56,0.531,0.616,0.631,0.564,0.515,0.607,0.6,0.611,0.564,0.534,0.568,0.561,0.578,0.502,0.555,0.555,0.579,0.517,0.505,0.623,0.507,0.506,0.5,0.613,0.585,0.502,0.598,0.516,0.483,0.59,0.513,0.561,0.493,0.555,0.484,0.507,0.519,0.546,0.572,0.466,0.554,0.493,0.476,0.55,0.538,0.561,0.541,0.55,0.512,0.492,0.556,0.587,0.586,0.504,0.571,0.482,0.583,0.553,0.532,0.541,0.525,0.47,0.57,0.541,0.445,0.444,0.44,0.473,0.478,0.548
Abhaya,2.948,2.948,2.948,2.948,2.948,2.948,2.948,2.948,2.948,2.948,2.948,2.948,2.948,2.948,2.948,2.948,2.948,2.948,2.948,2.948,2.948,2.948,2.948,2.948,2.948,2.948,2.948,2.948,2.948,2.948,2.948,2.948,2.948,2.948,2.948,2.948,2.948,2.948,2.948,2.948,2.948,2.948,2.948,2.948,2.948,2.948,2.948,2.948,2.948,2.948,2.948,2.948,2.948,2.948,2.948,2.948,2.948,2.948,2.948,2.948,2.948,2.948,2.948,2.948,2.948,2.948,2.948,2.948,2.948,2.948,2.948,2.948,2.948,2.948,2.948,2.948,2.948,2.948,2.948,2.948,2.948,2.948,2.948,2.948,2.948,2.948,2.948,2.948,2.948,2.948,2.948,2.948,2.948,2.948,2.948,2.948,2.948,2.948,2.948,2.948,2.948,2.948,2.948,2.948,2.948,2.948,2.948,2.948,2.948,2.948,2.948,2.948,2.948,2.948,2.948,2.948,2.948,2.948,2.948,2.948,2.948,2.948,2.948,2.948,2.948,2.948,2.948,2.948,2.948,2.948,2.948,2.948,2.948,2.948,2.948,2.948,2.948,2.948,2.948,2.948,2.948,2.948,2.948,2.948,2.948,2.948,2.948,2.948,2.948,2.948,2.948,2.948,2.948,2.948,2.948,2.948,2.948,2.948,2.948,2.948,2.948,2.948,2.948,2.948,2.948,2.948,2.948,2.948,2.948,2.948,2.948,2.948,2.948,2.948,2.948,2.948,2.948,2.948,2.948,2.948,2.948,2.948,2.948,2.948,2.948,2.948,2.948,2.948,2.948,2.948,2.948,2.948,2.948,2.948,2.948,2.948,2.948,2.948,2.948,2.948,2.948,2.948,2.948,2.948,2.948,2.948,2.948,2.948,2.948,2.948,2.948,2.948,2.948,2.948,2.948,2.948,2.948,2.948,2.948,2.948,2.948,2.948,2.948,2.948,2.948,2.948,2.948,2.948,2.948,2.948,2.948,2.948,2.948,2.948,2.948,2.948,2.948,2.948,2.948,2.948,2.948,2.948,2.948,2.948,2.948,2.948,2.948,2.948,2.948,2.948,2.948,2.948,2.948,2.948,2.948,2.948,2.948,2.948,2.948,2.948,2.948,2.948,2.948,2.948,2.948,2.948,2.948,2.948,2.948,2.948,2.948,2.948,2.948,2.948,2.948,2.948,2.948,2.948,2.948,2.948,2.948,2.948,2.948,2.948,2.948,2.948,2.948,2.948,2.948,2.948,2.948
Abhaya,2.972,2.972,2.972,2.972,2.972,2.972,2.972,2.972,2.972,2.972,2.972,2.972,2.972,2.972,2.972,2.972,2.972,2.972,2.972,2.972,2.972,2.972,2.972,2.972,2.972,2.972,2.972,2.972,2.972,2.972,2.972,2.972,2.972,2.972,2.972,2.972,2.972,2.972,2.972,2.972,2.972,2.972,2.972,2.972,2.972,2.972,2.972,2.972,2.972,2.972,2.972,2.972,2.972,2.972,2.972,2.972,2.972,2.972,2.972,2.972,2.972,2.972,2.972,2.972,2.972,2.972,2.972,2.972,2.972,2.972,2.972,2.972,2.972,2.972,2.972,2.972,2.972,2.972,2.972,2.972,2.972,2.972,2.972,2.972,2.972,2.972,2.972,2.972,2.972,2.972,2.972,2.972,2.972,2.972,2.972,2.972,2.972,2.972,2.972,2.972,2.972,2.972,2.972,2.972,2.972,2.972,2.972,2.972,2.972,2.972,2.972,2.972,2.972,2.972,2.972,2.972,2.972,2.972,2.972,2.972,2.972,2.972,2.972,2.972,2.972,2.972,2.972,2.972,2.972,2.972,2.972,2.972,2.972,2.972,2.972,2.972,2.972,2.972,2.972,2.972,2.972,2.972,2.972,2.972,2.972,2.972,2.972,2.972,2.972,2.972,2.972,2.972,2.972,2.972,2.972,2.972,2.972,2.972,2.972,2.972,2.972,2.972,2.972,2.972,2.972,2.972,2.972,2.972,2.972,2.972,2.972,2.972,2.972,2.972,2.972,2.972,2.972,2.972,2.972,2.972,2.972,2.972,2.972,2.972,2.972,2.972,2.972,2.972,2.972,2.972,2.972,2.972,2.972,2.972,2.972,2.972,2.972,2.972,2.972,2.972,2.972,2.972,2.972,2.972,2.972,2.972,2.972,2.972,2.972,2.972,2.972,2.972,2.972,2.972,2.972,2.972,2.972,2.972,2.972,2.972,2.972,2.972,2.972,2.972,2.972,2.972,2.972,2.972,2.972,2.972,2.972,2.972,2.972,2.972,2.972,2.972,2.972,2.972,2.972,2.972,2.972,2.972,2.972,2.972,2.972,2.972,2.972,2.972,2.972,2.972,2.972,2.972,2.972,2.972,2.972,2.972,2.972,2.972,2.972,2.972,2.972,2.972,2.972,2.972,2.972,2.972,2.972,2.972,2.972,2.972,2.972,2.972,2.972,2.972,2.972,2.972,2.972,2.972,2.972,2.972,2.972,2.972,2.972,2.972,2.972,2.972,2.972,2.972,2.972,2.972,2.972
Abhaya,2.867,2.867,2.867,2.867,2.867,2.867,2.867,2.867,2.867,2.867,2.867,2.867,2.867,2.867,2.867,2.867,2.867,2.867,2.867,2.867,2.867,2.867,2.867,2.867,2.867,2.867,2.867,2.867,2.867,2.867,2.867,2.867,2.867,2.867,2.867,2.867,2.867,2.867,2.867,2.867,2.867,2.867,2.867,2.867,2.867,2.867,2.867,2.867,2.867,2.867,2.867,2.867,2.867,2.867,2.867,2.867,2.867,2.867,2.867,2.867,2.867,2.867,2.867,2.867,2.867,2.867,2.867,2.867,2.867,2.867,2.867,2.867,2.867,2.867,2.867,2.867,2.867,2.867,2.867,2.867,2.867,2.867,2.867,2.867,2.867,2.867,2.867,2.867,2.867,2.867,2.867,2.867,2.867,2.867,2.867,2.867,2.867,2.867,2.867,2.867,2.867,2.867,2.867,2.867,2.867,2.867,2.867,2.867,2.867,2.867,2.867,2.867,2.867,2.867,2.867,2.867,2.867,2.867,2.867,2.867,2.867,2.867,2.867,2.867,2.867,2.867,2.867,2.867,2.867,2.867,2.867,2.867,2.867,2.867,2.867,2.867,2.867,2.867,2.867,2.867,2.867,2.867,2.867,2.867,2.867,2.867,2.867,2.867,2.867,2.867,2.867,2.867,2.867,2.867,2.867,2.867,2.867,2.867,2.867,2.867,2.867,2.867,2.867,2.867,2.867,2.867,2.867,2.867,2.867,2.867,2.867,2.867,2.867,2.867,2.867,2.867,2.867,2.867,2.867,2.867,2.867,2.867,2.867,2.867,2.867,2.867,2.867,2.867,2.867,2.867,2.867,2.867,2.867,2.867,2.867,2.867,2.867,2.867,2.867,2.867,2.867,2.867,2.867,2.867,2.867,2.867,2.867,2.867,2.867,2.867,2.867,2.867,2.867,2.867,2.867,2.867,2.867,2.867,2.867,2.867,2.867,2.867,2.867,2.867,2.867,2.867,2.867,2.867,2.867,2.867,2.867,2.867,2.867,2.867,2.867,2.867,2.867,2.867,2.867,2.867,2.867,2.867,2.867,2.867,2.867,2.867,2.867,2.867,2.867,2.867,2.867,2.867,2.867,2.867,2.867,2.867,2.867,2.867,2.867,2.867,2.867,2.867,2.867,2.867,2.867,2.867,2.867,2.867,2.867,2.867,2.867,2.867,2.867,2.867,2.867,2.867,2.867,2.867,2.867,2.867,2.867,2.867,2.867,2.867,2.867,2.867,2.867,2.867,2.867,2.867,2.867
Abhaya,2.854,2.854,2.854,2.854,2.854,2.854,2.854,2.854,2.854,2.854,2.854,2.854,2.854,2.854,2.854,2.854,2.854,2.854,2.854,2.854,2.854,2.854,2.854,2.854,2.854,2.854,2.854,2.854,2.854,2.854,2.854,2.854,2.854,2.854,2.854,2.854,2.854,2.854,2.854,2.854,2.854,2.854,2.854,2.854,2.854,2.854,2.854,2.854,2.854,2.854,2.854,2.854,2.854,2.854,2.854,2.854,2.854,2.854,2.854,2.854,2.854,2.854,2.854,2.854,2.854,2.854,2.854,2.854,2.854,2.854,2.854,2.854,2.854,2.854,2.854,2.854,2.854,2.854,2.854,2.854,2.854,2.854,2.854,2.854,2.854,2.854,2.854,2.854,2.854,2.854,2.854,2.854,2.854,2.854,2.854,2.854,2.854,2.854,2.854,2.854,2.854,2.854,2.854,2.854,2.854,2.854,2.854,2.854,2.854,2.854,2.854,2.854,2.854,2.854,2.854,2.854,2.854,2.854,2.854,2.854,2.854,2.854,2.854,2.854,2.854,2.854,2.854,2.854,2.854,2.854,2.854,2.854,2.854,2.854,2.854,2.854,2.854,2.854,2.854,2.854,2.854,2.854,2.854,2.854,2.854,2.854,2.854,2.854,2.854,2.854,2.854,2.854,2.854,2.854,2.854,2.854,2.854,2.854,2.854,2.854,2.854,2.854,2.854,2.854,2.854,2.854,2.854,2.854,2.854,2.854,2.854,2.854,2.854,2.854,2.854,2.854,2.854,2.854,2.854,2.854,2.854,2.854,2.854,2.854,2.854,2.854,2.854,2.854,2.854,2.854,2.854,2.854,2.854,2.854,2.854,2.854,2.854,2.854,2.854,2.854,2.854,2.854,2.854,2.854,2.854,2.854,2.854,2.854,2.854,2.854,2.854,2.854,2.854,2.854,2.854,2.854,2.854,2.854,2.854,2.854,2.854,2.854,2.854,2.854,2.854,2.854,2.854,2.854,2.854,2.854,2.854,2.854,2.854,2.854,2.854,2.854,2.854,2.854,2.854,2.854,2.854,2.854,2.854,2.854,2.854,2.854,2.854,2.854,2.854,2.854,2.854,2.854,2.854,2.854,2.854,2.854,2.854,2.854,2.854,2.854,2.854,2.854,2.854,2.854,2.854,2.854,2.854,2.854,2.854,2.854,2.854,2.854,2.854,2.854,2.854,2.854,2.854,2.854,2.854,2.854,2.854,2.854,2.854,2.854,2.854,2.854,2.854,2.854,2.854,2.854,2.854
Abhaya,2.867,2.867,2.867,2.867,2.867,2.867,2.867,2.867,2.867,2.867,2.867,2.867,2.867,2.867,2.867,2.867,2.867,2.867,2.867,2.867,2.867,2.867,2.867,2.867,2.867,2.867,2.867,2.867,2.867,2.867,2.867,2.867,2.867,2.867,2.867,2.867,2.867,2.867,2.867,2.867,2.867,2.867,2.867,2.867,2.867,2.867,2.867,2.867,2.867,2.867,2.867,2.867,2.867,2.867,2.867,2.867,2.867,2.867,2.867,2.867,2.867,2.867,2.867,2.867,2.867,2.867,2.867,2.867,2.867,2.867,2.867,2.867,2.867,2.867,2.867,2.867,2.867,2.867,2.867,2.867,2.867,2.867,2.867,2.867,2.867,2.867,2.867,2.867,2.867,2.867,2.867,2.867,2.867,2.867,2.867,2.867,2.867,2.867,2.867,2.867,2.867,2.867,2.867,2.867,2.867,2.867,2.867,2.867,2.867,2.867,2.867,2.867,2.867,2.867,2.867,2.867,2.867,2.867,2.867,2.867,2.867,2.867,2.867,2.867,2.867,2.867,2.867,2.867,2.867,2.867,2.867,2.867,2.867,2.867,2.867,2.867,2.867,2.867,2.867,2.867,2.867,2.867,2.867,2.867,2.867,2.867,2.867,2.867,2.867,2.867,2.867,2.867,2.867,2.867,2.867,2.867,2.867,2.867,2.867,2.867,2.867,2.867,2.867,2.867,2.867,2.867,2.867,2.867,2.867,2.867,2.867,2.867,2.867,2.867,2.867,2.867,2.867,2.867,2.867,2.867,2.867,2.867,2.867,2.867,2.867,2.867,2.867,2.867,2.867,2.867,2.867,2.867,2.867,2.867,2.867,2.867,2.867,2.867,2.867,2.867,2.867,2.867,2.867,2.867,2.867,2.867,2.867,2.867,2.867,2.867,2.867,2.867,2.867,2.867,2.867,2.867,2.867,2.867,2.867,2.867,2.867,2.867,2.867,2.867,2.867,2.867,2.867,2.867,2.867,2.867,2.867,2.867,2.867,2.867,2.867,2.867,2.867,2.867,2.867,2.867,2.867,2.867,2.867,2.867,2.867,2.867,2.867,2.867,2.867,2.867,2.867,2.867,2.867,2.867,2.867,2.867,2.867,2.867,2.867,2.867,2.867,2.867,2.867,2.867,2.867,2.867,2.867,2.867,2.867,2.867,2.867,2.867,2.867,2.867,2.867,2.867,2.867,2.867,2.867,2.867,2.867,2.867,2.867,2.867,2.867,2.867,2.867,2.867,2.867,2.867,2.867
Vijaya,2.436,3.527,2.826,2.709,2.674,3.633,2.991,3.467,2.966,3.51,3.293,3.59,3.616,3.593,3.503,3.245,3.614,3.331,3.227,3.397,3.549,3.214,3.358,3.638,3.519,3.598,3.609,3.636,3.631,3.001,2.984,3.559,3.554,3.203,3.473,3.368,3.557,3.586,3.609,3.596,3.632,3.557,3.619,3.577,3.514,3.571,3.162,3.596,3.554,3.628,3.497,3.388,2.798,2.951,3.274,3.576,3.529,3.531,3.625,2.98,3.484,3.176,3.363,3.246,2.946,3.635,3.59,3.501,3.626,2.838,3.317,2.947,3.18,3.29,3.412,2.57,3.52,3.126,3.596,2.952,3.247,3.487,3.539,3.636,3.577,3.574,3.579,3.304,2.948,3.29,3.106,3.623,3.562,3.559,3.605,3.544,3.535,3.599,3.529,3.568,3.611,3.551,3.604,3.583,3.556,3.153,3.623,3.362,3.574,3.603,3.634,3.542,3.537,3.598,3.638,3.59,3.542,3.508,3.541,3.535,3.608,3.175,3.001,2.885,2.693,2.643,2.462,2.415,2.31,2.186,1.964,1.824,1.809,1.684,1.647,1.512,1.425,1.326,1.248,1.253,1.136,1.167,1.14,1.078,1.009,0.908,0.923,0.816,0.879,0.801,0.775,0.785,0.654,0.736,0.635,0.597,0.595,0.561,0.54,0.614,0.62,0.57,0.542,0.473,0.58,0.534,0.494,0.459,0.475,0.443,0.387,0.379,0.427,0.367,0.472,0.402,0.356,0.353,0.391,0.343,0.422,0.347,0.415,0.404,0.343,0.326,0.373,0.376,0.335,0.394,0.358,0.308,0.388,0.277,0.355,0.344,0.349,0.256,0.31,0.316,0.248,0.3,0.297,0.272,0.225,0.282,0.248,0.24,0.334,0.324,0.219,0.222,0.302,0.199,0.19,0.227,0.303,0.305,0.291,0.197,0.284,0.22,0.173,0.193,0.289,0.295,0.175,0.25,0.166,0.203,0.218,0.182,0.263,0.26,0.256,0.174,0.217,0.164,0.242,0.166,0.167,0.242,0.237,0.141,0.162,0.143,0.17,0.198,0.194,0.159,0.137,0.183,0.169,0.23,0.247,0.19,0.25,0.22,0.12,0.205,0.249,0.169,0.196,0.209,0.195,0.146,0.127,0.15,0.119,0.114,0.182,0.23,0.127,0.182,0.106,0.164,0.216,0.145,0.153,0.209,0.175,0.108,0.229,0.146,0.227,0.183,0.1,0.109,0.233,0.153,0.13
Vijaya,2.36,3.526,2.867,2.708,2.72,3.524,3.028,3.453,3.018,3.551,3.295,3.543,3.606,3.593,3.573,3.343,3.624,3.327,3.179,3.468,3.549,3.223,3.403,3.504,3.504,3.56,3.59,3.53,3.556,2.89,2.975,3.53,3.638,3.225,3.518,3.444,3.565,3.571,3.637,3.533,3.633,3.622,3.614,3.528,3.578,3.506,3.178,3.634,3.629,3.52,3.536,3.489,2.755,3.023,3.353,3.624,3.633,3.584,3.513,2.932,3.5,3.172,3.372,3.309,3.029,3.63,3.505,3.575,3.508,2.917,3.299,3.011,3.171,3.413,3.381,2.65,3.468,3.163,3.518,2.947,3.169,3.494,3.542,3.583,3.524,3.554,3.522,3.218,3.06,3.168,3.113,3.624,3.629,3.628,3.525,3.637,3.571,3.604,3.606,3.553,3.507,3.575,3.568,3.598,3.633,3.281,3.535,3.495,3.613,3.589,3.572,3.543,3.622,3.526,3.612,3.549,3.573,3.616,3.554,3.586,3.529,3.183,3.002,2.826,2.683,2.568,2.377,2.352,2.198,2.165,1.955,1.881,1.78,1.704,1.59,1.55,1.512,1.416,1.28,1.239,1.123,1.088,1.028,1.011,0.923,0.986,0.845,0.878,0.813,0.855,0.718,0.682,0.747,0.696,0.616,0.687,0.65,0.627,0.618,0.577,0.621,0.482,0.548,0.482,0.563,0.534,0.47,0.527,0.492,0.49,0.496,0.378,0.47,0.44,0.397,0.462,0.391,0.421,0.356,0.35,0.32,0.322,0.421,0.315,0.33,0.316,0.379,0.402,0.276,0.396,0.273,0.292,0.312,0.356,0.315,0.251,0.28,0.338,0.248,0.364,0.352,0.319,0.312,0.221,0.252,0.259,0.246,0.268,0.285,0.291,0.222,0.195,0.311,0.226,0.257,0.195,0.213,0.182,0.199,0.273,0.283,0.181,0.258,0.246,0.295,0.289,0.204,0.163,0.243,0.233,0.225,0.247,0.259,0.21,0.149,0.217,0.268,0.152,0.17,0.191,0.151,0.202,0.215,0.213,0.215,0.228,0.226,0.25,0.226,0.196,0.198,0.173,0.225,0.232,0.211,0.232,0.182,0.154,0.239,0.169,0.231,0.183,0.216,0.15,0.143,0.245,0.141,0.147,0.234,0.222,0.231,0.221,0.158,0.199,0.195,0.215,0.166,0.24,0.19,0.21,0.2,0.2,0.209,0.143,0.142,0.212,0.235,0.148,0.157,0.121,0.167
Vijaya,2.428,3.586,2.799,2.643,2.631,3.539,2.941,3.457,2.901,3.515,3.261,3.596,3.631,3.525,3.514,3.313,3.512,3.265,3.143,3.419,3.52,3.146,3.386,3.607,3.601,3.569,3.568,3.52,3.576,2.963,2.958,3.553,3.627,3.214,3.454,3.337,3.568,3.548,3.513,3.635,3.591,3.625,3.518,3.52,3.516,3.596,3.232,3.618,3.567,3.568,3.575,3.425,2.823,2.998,3.25,3.521,3.634,3.536,3.574,2.928,3.554,3.089,3.386,3.297,3.007,3.594,3.577,3.574,3.577,2.915,3.312,3.026,3.157,3.311,3.366,2.572,3.463,3.123,3.528,3.059,3.229,3.447,3.584,3.571,3.634,3.574,3.584,3.246,2.988,3.258,3.092,3.528,3.531,3.629,3.512,3.503,3.539,3.519,3.546,3.596,3.568,3.589,3.519,3.578,3.588,3.187,3.612,3.451,3.612,3.628,3.573,3.578,3.619,3.529,3.566,3.629,3.619,3.615,3.617,3.605,3.516,3.116,2.956,2.91,2.598,2.576,2.385,2.307,2.254,2.091,2.076,1.847,1.828,1.646,1.631,1.501,1.469,1.456,1.269,1.208,1.24,1.184,1.05,1.03,0.983,0.877,0.907,0.93,0.789,0.811,0.719,0.744,0.697,0.741,0.696,0.591,0.672,0.668,0.547,0.55,0.598,0.51,0.595,0.558,0.525,0.441,0.524,0.464,0.51,0.408,0.454,0.418,0.502,0.402,0.419,0.438,0.395,0.346,0.347,0.406,0.364,0.388,0.387,0.344,0.368,0.357,0.391,0.299,0.28,0.28,0.395,0.381,0.308,0.338,0.381,0.271,0.282,0.356,0.28,0.363,0.275,0.25,0.285,0.286,0.289,0.295,0.332,0.313,0.296,0.246,0.204,0.196,0.206,0.201,0.215,0.211,0.255,0.26,0.28,0.24,0.195,0.228,0.267,0.239,0.227,0.278,0.26,0.157,0.228,0.23,0.281,0.181,0.209,0.172,0.158,0.272,0.17,0.251,0.157,0.165,0.187,0.252,0.263,0.15,0.21,0.176,0.224,0.164,0.23,0.208,0.216,0.136,0.132,0.176,0.12,0.133,0.197,0.23,0.179,0.126,0.138,0.14,0.157,0.151,0.21,0.244,0.202,0.179,0.165,0.226,0.176,0.215,0.197,0.234,0.204,0.115,0.106,0.146,0.163,0.227,0.204,0.104,0.14,0.217,0.128,0.209,0.149,0.181,0.114,0.164,0.139
Vijaya,2.437,3.553,2.795,2.632,2.632,3.601,3.057,3.403,2.936,3.564,3.268,3.547,3.614,3.562,3.601,3.242,3.625,3.3,3.165,3.462,3.621,3.13,3.449,3.548,3.539,3.614,3.503,3.559,3.558,2.953,2.98,3.587,3.632,3.304,3.566,3.355,3.506,3.526,3.556,3.63,3.568,3.576,3.621,3.58,3.616,3.615,3.247,3.501,3.586,3.577,3.571,3.493,2.701,2.917,3.26,3.535,3.518,3.589,3.538,2.986,3.535,3.127,3.346,3.277,2.945,3.637,3.557,3.544,3.566,2.861,3.379,2.949,3.105,3.289,3.406,2.529,3.58,3.108,3.508,3.06,3.183,3.436,3.521,3.501,3.584,3.572,3.635,3.239,3.044,3.252,3.12,3.622,3.592,3.555,3.586,3.591,3.554,3.514,3.591,3.604,3.543,3.514,3.515,3.634,3.546,3.187,3.547,3.491,3.614,3.629,3.524,3.615,3.583,3.515,3.534,3.599,3.523,3.503,3.562,3.547,3.524,3.11,2.906,2.821,2.656,2.538,2.478,2.315,2.223,2.157,2.08,1.934,1.773,1.679,1.576,1.567,1.434,1.393,1.266,1.235,1.209,1.089,1.072,1.048,1.019,0.973,0.87,0.92,0.828,0.735,0.832,0.726,0.697,0.671,0.69,0.587,0.694,0.669,0.597,0.638,0.533,0.61,0.483,0.564,0.456,0.499,0.443,0.454,0.431,0.526,0.513,0.386,0.499,0.416,0.399,0.351,0.343,0.333,0.448,0.399,0.427,0.425,0.438,0.401,0.321,0.363,0.379,0.334,0.349,0.3,0.332,0.353,0.277,0.293,0.29,0.258,0.32,0.249,0.345,0.29,0.332,0.235,0.265,0.294,0.295,0.272,0.266,0.308,0.298,0.228,0.271,0.194,0.24,0.284,0.191,0.301,0.22,0.299,0.244,0.197,0.276,0.22,0.245,0.208,0.174,0.194,0.272,0.254,0.21,0.232,0.239,0.262,0.273,0.156,0.201,0.255,0.211,0.254,0.14,0.262,0.257,0.145,0.239,0.174,0.135,0.239,0.195,0.252,0.21,0.172,0.171,0.24,0.172,0.207,0.121,0.211,0.127,0.212,0.14,0.127,0.245,0.114,0.113,0.184,0.216,0.129,0.194,0.177,0.181,0.107,0.243,0.242,0.197,0.242,0.137,0.132,0.182,0.106,0.213,0.125,0.131,0.149,0.224,0.139,0.167,0.222,0.115,0.142,0.158,0.202,0.232
Vijaya,2.419,3.522,2.832,2.58,2.646,3.551,2.964,3.447,3.015,3.57,3.31,3.486,3.581,3.521,3.566,3.329,3.509,3.327,3.22,3.347,3.511,3.155,3.376,3.516,3.509,3.534,3.581,3.601,3.538,3.005,2.999,3.588,3.588,3.235,3.533,3.362,3.623,3.628,3.628,3.518,3.608,3.618,3.501,3.619,3.638,3.619,3.225,3.596,3.596,3.582,3.598,3.417,2.7,2.983,3.257,3.528,3.521,3.634,3.562,2.999,3.454,3.095,3.421,3.308,2.977,3.586,3.613,3.563,3.609,2.86,3.308,3.007,3.09,3.396,3.42,2.647,3.569,3.08,3.524,2.986,3.236,3.466,3.533,3.544,3.636,3.521,3.544,3.25,2.973,3.292,3.101,3.604,3.517,3.512,3.617,3.526,3.622,3.543,3.592,3.512,3.621,3.597,3.636,3.611,3.589,3.285,3.633,3.49,3.571,3.578,3.634,3.612,3.525,3.501,3.617,3.599,3.571,3.585,3.504,3.602,3.503,3.22,2.886,2.839,2.62,2.569,2.472,2.351,2.247,2.139,1.974,1.864,1.757,1.724,1.593,1.523,1.485,1.425,1.366,1.225,1.14,1.159,1.045,1.036,0.954,0.928,0.88,0.868,0.778,0.836,0.772,0.752,0.656,0.684,0.726,0.7,0.564,0.664,0.632,0.54,0.609,0.599,0.575,0.478,0.461,0.464,0.479,0.43,0.479,0.508,0.443,0.509,0.478,0.465,0.354,0.456,0.37,0.431,0.383,0.41,0.367,0.344,0.361,0.353,0.32,0.368,0.405,0.304,0.3,0.291,0.39,0.321,0.313,0.343,0.3,0.265,0.366,0.269,0.264,0.313,0.345,0.276,0.345,0.314,0.257,0.314,0.267,0.307,0.315,0.243,0.272,0.188,0.262,0.201,0.239,0.258,0.195,0.285,0.268,0.214,0.268,0.208,0.263,0.172,0.265,0.269,0.179,0.218,0.266,0.237,0.201,0.256,0.183,0.216,0.218,0.171,0.23,0.241,0.148,0.248,0.155,0.262,0.198,0.25,0.257,0.194,0.198,0.217,0.131,0.255,0.139,0.143,0.193,0.144,0.12,0.238,0.207,0.239,0.193,0.152,0.175,0.116,0.208,0.178,0.168,0.195,0.117,0.151,0.115,0.237,0.186,0.135,0.209,0.243,0.121,0.118,0.145,0.158,0.13,0.107,0.118,0.111,0.149,0.157,0.167,0.127,0.166,0.187,0.132,0.173,0.114
Vijaya,2.163,2.223,2.972,3.57,3.504,3.507,3.589,3.614,3.639,3.356,3.085,3.595,3.593,3.543,3.457,3.627,3.536,3.586,3.621,3.526,3.564,3.613,3.651,3.638,3.622,3.611,3.633,3.564,3.596,3.503,3.466,3.561,3.524,3.469,3.568,3.593,3.523,3.531,3.22,3.331,3.653,3.572,3.656,3.145,3.623,3.332,3.567,3.548,3.578,3.501,3.239,2.973,3.585,3.634,3.104,2.794,2.545,2.951,3.204,3.511,3.302,3.516,3.094,3.039,3.631,3.501,3.002,3.509,3.537,3.57,3.35,2.811,3.157,3.591,3.381,3.37,3.53,3.053,3.603,3.568,3.574,3.506,3.564,3.395,3.042,3.208,3.587,3.537,3.509,3.634,3.641,3.613,3.507,3.599,3.237,3.249,3.614,3.583,3.642,3.386,3.565,3.539,3.522,3.645,3.503,3.615,3.596,3.427,3.329,3.581,3.26,3.233,3.332,3.061,2.892,2.935,2.723,2.677,2.51,2.539,2.29,2.225,2.117,2.164,2.068,1.975,1.988,1.881,1.861,1.815,1.664,1.589,1.627,1.561,1.429,1.496,1.328,1.301,1.342,1.233,1.258,1.291,1.213,1.107,1.076,1.036,1.056,1.053,0.991,1.037,1.033,0.959,0.852,0.967,0.823,0.831,0.918,0.753,0.867,0.84,0.807,0.817,0.745,0.767,0.727,0.701,0.665,0.723,0.658,0.633,0.692,0.574,0.625,0.584,0.627,0.606,0.507,0.54,0.59,0.564,0.578,0.598,0.575,0.486,0.561,0.569,0.459,0.538,0.458,0.443,0.411,0.43,0.484,0.378,0.484,0.385,0.481,0.392,0.337,0.401,0.447,0.372,0.33,0.317,0.396,0.394,0.415,0.384,0.32,0.293,0.281,0.273,0.387,0.261,0.268,0.286,0.271,0.386,0.316,0.334,0.322,0.258,0.222,0.303,0.235,0.214,0.266,0.204,0.193,0.287,0.271,0.304,0.301,0.319,0.306,0.298,0.297,0.212,0.211,0.179,0.247,0.308,0.242,0.189,0.226,0.159,0.217,0.189,0.261,0.204,0.18,0.247,0.232,0.175,0.178,0.145,0.178,0.174,0.2,0.155,0.252,0.158,0.162,0.236,0.193,0.232,0.167,0.253,0.266,0.127,0.256,0.207,0.111,0.146,0.26,0.252,0.132,0.148,0.153,0.142,0.168,0.223,0.111,0.248,0.11,0.126,0.149,0.191,0.174,0.21,0.18
Vijaya,2.134,2.198,3.046,3.606,3.646,3.549,3.636,3.625,3.603,3.383,3.047,3.569,3.534,3.588,3.508,3.566,3.513,3.523,3.657,3.508,3.535,3.506,3.597,3.588,3.521,3.604,3.568,3.591,3.653,3.476,3.45,3.528,3.534,3.577,3.529,3.566,3.559,3.605,3.247,3.316,3.616,3.604,3.501,3.143,3.599,3.35,3.526,3.538,3.644,3.521,3.219,2.835,3.614,3.513,3.089,2.676,2.532,2.896,3.199,3.553,3.293,3.559,3.074,3.078,3.546,3.526,3.03,3.541,3.543,3.508,3.352,2.794,3.271,3.564,3.384,3.45,3.542,3.141,3.611,3.551,3.549,3.621,3.594,3.392,2.976,3.18,3.605,3.525,3.526,3.547,3.536,3.646,3.504,3.527,3.228,3.233,3.503,3.614,3.557,3.333,3.573,3.516,3.542,3.508,3.511,3.557,3.558,3.415,3.234,3.612,3.282,3.156,3.352,3.138,2.952,2.851,2.79,2.674,2.611,2.493,2.298,2.232,2.233,2.078,2.071,2.02,1.851,1.872,1.773,1.756,1.62,1.616,1.533,1.462,1.565,1.402,1.371,1.293,1.356,1.324,1.323,1.184,1.148,1.101,1.067,1.16,1.084,1.086,0.96,1.018,0.987,0.935,0.972,0.889,0.831,0.883,0.78,0.868,0.861,0.81,0.712,0.747,0.766,0.707,0.683,0.766,0.62,0.728,0.663,0.685,0.671,0.683,0.652,0.561,0.619,0.512,0.607,0.584,0.517,0.605,0.605,0.46,0.577,0.43,0.502,0.494,0.487,0.486,0.534,0.392,0.48,0.418,0.501,0.509,0.364,0.477,0.34,0.402,0.426,0.461,0.398,0.412,0.434,0.442,0.417,0.346,0.393,0.331,0.282,0.301,0.35,0.264,0.327,0.265,0.263,0.26,0.247,0.248,0.254,0.247,0.359,0.262,0.318,0.326,0.338,0.28,0.275,0.31,0.334,0.264,0.322,0.272,0.279,0.208,0.23,0.255,0.319,0.261,0.228,0.161,0.251,0.168,0.176,0.257,0.261,0.239,0.183,0.287,0.156,0.174,0.201,0.143,0.27,0.187,0.195,0.217,0.222,0.178,0.257,0.265,0.238,0.184,0.136,0.175,0.146,0.134,0.245,0.211,0.116,0.225,0.151,0.249,0.166,0.223,0.235,0.137,0.149,0.24,0.235,0.181,0.137,0.184,0.135,0.206,0.156,0.167,0.243,0.151,0.117,0.176,0.184
Vijaya,2.107,2.123,2.935,3.648,3.53,3.539,3.576,3.514,3.518,3.383,3.151,3.559,3.549,3.654,3.553,3.626,3.536,3.579,3.519,3.553,3.608,3.565,3.586,3.521,3.606,3.631,3.635,3.541,3.568,3.467,3.385,3.585,3.578,3.544,3.589,3.559,3.571,3.62,3.267,3.326,3.503,3.604,3.623,3.16,3.626,3.289,3.573,3.505,3.569,3.516,3.096,2.965,3.619,3.523,3.131,2.769,2.562,2.865,3.19,3.568,3.305,3.536,3.156,3.032,3.535,3.583,2.961,3.551,3.606,3.599,3.455,2.875,3.2,3.508,3.376,3.383,3.601,3.041,3.656,3.576,3.611,3.584,3.544,3.416,2.944,3.203,3.548,3.587,3.638,3.586,3.591,3.639,3.487,3.516,3.144,3.246,3.638,3.539,3.536,3.374,3.595,3.583,3.656,3.623,3.644,3.573,3.566,3.361,3.341,3.558,3.33,3.211,3.251,3.053,2.959,2.867,2.718,2.627,2.623,2.423,2.288,2.182,2.127,2.084,1.972,1.897,1.86,1.879,1.805,1.732,1.68,1.646,1.57,1.497,1.565,1.511,1.384,1.373,1.354,1.317,1.324,1.271,1.197,1.179,1.139,1.142,1.068,1.088,0.997,1.018,1,0.883,0.919,0.882,0.821,0.91,0.905,0.787,0.859,0.829,0.814,0.725,0.734,0.729,0.751,0.661,0.688,0.635,0.59,0.729,0.574,0.576,0.584,0.599,0.589,0.648,0.58,0.616,0.593,0.478,0.508,0.49,0.439,0.528,0.564,0.483,0.477,0.508,0.417,0.468,0.453,0.383,0.47,0.449,0.437,0.389,0.474,0.356,0.384,0.437,0.387,0.331,0.365,0.428,0.409,0.39,0.427,0.349,0.356,0.332,0.386,0.254,0.297,0.288,0.306,0.363,0.336,0.376,0.238,0.239,0.236,0.264,0.295,0.355,0.243,0.259,0.198,0.27,0.238,0.312,0.191,0.247,0.249,0.266,0.262,0.291,0.311,0.272,0.216,0.285,0.201,0.26,0.274,0.253,0.233,0.277,0.192,0.238,0.142,0.204,0.275,0.143,0.137,0.289,0.19,0.27,0.22,0.199,0.234,0.129,0.246,0.251,0.248,0.241,0.184,0.246,0.261,0.196,0.189,0.227,0.2,0.114,0.202,0.152,0.207,0.179,0.156,0.249,0.253,0.25,0.175,0.16,0.143,0.25,0.226,0.196,0.241,0.228,0.138,0.119,0.229
Vijaya,2.171,2.079,3.058,3.627,3.584,3.574,3.651,3.538,3.604,3.444,3.047,3.514,3.569,3.591,3.477,3.577,3.558,3.584,3.539,3.522,3.568,3.629,3.611,3.548,3.522,3.6,3.562,3.508,3.587,3.481,3.438,3.619,3.591,3.55,3.634,3.569,3.552,3.641,3.278,3.355,3.522,3.604,3.657,3.12,3.528,3.361,3.563,3.523,3.544,3.584,3.17,2.959,3.572,3.541,3.153,2.683,2.598,2.892,3.193,3.509,3.269,3.58,3.143,3.146,3.559,3.546,3.047,3.655,3.573,3.521,3.395,2.898,3.266,3.559,3.44,3.393,3.607,3.093,3.562,3.524,3.603,3.554,3.643,3.399,2.991,3.195,3.516,3.566,3.549,3.549,3.571,3.535,3.445,3.52,3.098,3.172,3.653,3.531,3.503,3.37,3.55,3.558,3.528,3.605,3.635,3.511,3.588,3.391,3.338,3.526,3.273,3.229,3.368,2.996,2.921,2.99,2.704,2.64,2.624,2.553,2.368,2.292,2.112,2.114,2.023,2.01,1.866,1.804,1.843,1.746,1.645,1.628,1.58,1.525,1.52,1.414,1.421,1.436,1.258,1.255,1.303,1.228,1.129,1.201,1.085,1.105,1.118,1.041,1.002,0.991,0.912,0.869,0.85,0.826,0.812,0.84,0.84,0.867,0.886,0.784,0.713,0.816,0.778,0.681,0.744,0.664,0.728,0.644,0.663,0.602,0.696,0.613,0.622,0.586,0.636,0.51,0.578,0.614,0.607,0.51,0.554,0.531,0.486,0.492,0.439,0.566,0.416,0.54,0.512,0.47,0.507,0.518,0.515,0.424,0.471,0.357,0.402,0.385,0.349,0.398,0.324,0.32,0.336,0.374,0.33,0.391,0.338,0.281,0.413,0.349,0.351,0.404,0.396,0.351,0.273,0.384,0.333,0.296,0.371,0.354,0.229,0.267,0.31,0.33,0.325,0.234,0.348,0.282,0.265,0.31,0.214,0.254,0.206,0.308,0.282,0.185,0.194,0.216,0.172,0.206,0.305,0.258,0.185,0.28,0.206,0.152,0.185,0.251,0.189,0.149,0.273,0.223,0.204,0.161,0.22,0.267,0.274,0.219,0.192,0.166,0.248,0.178,0.255,0.122,0.199,0.227,0.267,0.263,0.162,0.17,0.162,0.262,0.183,0.126,0.255,0.122,0.254,0.127,0.173,0.112,0.216,0.225,0.155,0.149,0.206,0.188,0.129,0.099,0.117,0.119,0.167
Vijaya,2.141,2.09,2.996,3.554,3.553,3.564,3.581,3.558,3.624,3.428,3.13,3.516,3.593,3.517,3.495,3.648,3.574,3.561,3.534,3.612,3.546,3.593,3.581,3.503,3.589,3.573,3.589,3.511,3.519,3.405,3.402,3.581,3.578,3.559,3.501,3.648,3.642,3.544,3.246,3.268,3.526,3.613,3.511,3.058,3.546,3.35,3.598,3.519,3.599,3.654,3.24,2.933,3.562,3.579,3.113,2.707,2.548,2.952,3.172,3.598,3.312,3.655,3.149,3.105,3.536,3.613,3.042,3.563,3.501,3.563,3.357,2.783,3.13,3.584,3.352,3.403,3.606,3.167,3.507,3.564,3.507,3.582,3.633,3.399,2.928,3.155,3.594,3.641,3.554,3.557,3.516,3.608,3.504,3.568,3.228,3.284,3.636,3.643,3.559,3.277,3.541,3.569,3.511,3.649,3.631,3.513,3.621,3.427,3.386,3.556,3.327,3.131,3.297,3.02,2.85,2.856,2.67,2.652,2.548,2.527,2.281,2.287,2.139,2.202,1.978,1.945,1.943,1.844,1.802,1.695,1.708,1.593,1.572,1.466,1.513,1.504,1.362,1.285,1.292,1.234,1.189,1.16,1.17,1.106,1.195,1.021,1.071,1.058,0.947,1.066,0.949,0.976,0.978,0.945,0.815,0.836,0.809,0.779,0.887,0.777,0.793,0.8,0.732,0.747,0.732,0.701,0.68,0.653,0.638,0.586,0.621,0.636,0.596,0.626,0.589,0.648,0.568,0.606,0.488,0.494,0.531,0.511,0.497,0.55,0.462,0.533,0.532,0.472,0.512,0.538,0.501,0.427,0.447,0.461,0.378,0.349,0.412,0.408,0.457,0.333,0.446,0.312,0.385,0.318,0.443,0.43,0.338,0.412,0.308,0.304,0.304,0.351,0.402,0.307,0.251,0.265,0.308,0.295,0.338,0.29,0.289,0.333,0.229,0.218,0.317,0.207,0.212,0.277,0.339,0.2,0.319,0.27,0.291,0.302,0.225,0.222,0.26,0.246,0.258,0.237,0.204,0.308,0.264,0.173,0.276,0.247,0.289,0.198,0.23,0.239,0.151,0.147,0.261,0.14,0.225,0.187,0.213,0.134,0.26,0.185,0.277,0.126,0.218,0.174,0.264,0.16,0.145,0.208,0.114,0.235,0.239,0.184,0.196,0.169,0.236,0.121,0.13,0.174,0.218,0.164,0.185,0.147,0.239,0.213,0.203,0.168,0.246,0.234,0.139,0.134,0.172
Vijaya,2.436,3.527,2.826,2.709,2.674,3.633,2.991,3.467,2.966,3.51,3.293,3.59,3.616,3.593,3.503,3.245,3.614,3.331,3.227,3.397,3.549,3.214,3.358,3.638,3.519,3.598,3.609,3.636,3.631,3.001,2.984,3.559,3.554,3.203,3.473,3.368,3.557,3.586,3.609,3.596,3.632,3.557,3.619,3.577,3.514,3.571,3.162,3.596,3.554,3.628,3.497,3.388,2.798,2.951,3.274,3.576,3.529,3.531,3.625,2.98,3.484,3.176,3.363,3.246,2.946,3.635,3.59,3.501,3.626,2.838,3.317,2.947,3.18,3.29,3.412,2.57,3.52,3.126,3.596,2.952,3.247,3.487,3.539,3.636,3.577,3.574,3.579,3.304,2.948,3.29,3.106,3.623,3.562,3.559,3.605,3.544,3.535,3.599,3.529,3.568,3.611,3.551,3.604,3.583,3.556,3.153,3.623,3.362,3.574,3.603,3.634,3.542,3.537,3.598,3.638,3.59,3.542,3.508,3.541,3.535,3.608,3.175,3.001,2.885,2.693,2.643,2.462,2.415,2.31,2.186,1.964,1.824,1.809,1.684,1.647,1.512,1.425,1.326,1.248,1.253,1.136,1.167,1.14,1.078,1.009,0.908,0.923,0.816,0.879,0.801,0.775,0.785,0.654,0.736,0.635,0.597,0.595,0.561,0.54,0.614,0.62,0.57,0.542,0.473,0.58,0.534,0.494,0.459,0.475,0.443,0.387,0.379,0.427,0.367,0.472,0.402,0.356,0.353,0.391,0.343,0.422,0.347,0.415,0.404,0.343,0.326,0.373,0.376,0.335,0.394,0.358,0.308,0.388,0.277,0.355,0.344,0.349,0.256,0.31,0.316,0.248,0.3,0.297,0.272,0.225,0.282,0.248,0.24,0.334,0.324,0.219,0.222,0.302,0.199,0.19,0.227,0.303,0.305,0.291,0.197,0.284,0.22,0.173,0.193,0.289,0.295,0.175,0.25,0.166,0.203,0.218,0.182,0.263,0.26,0.256,0.174,0.217,0.164,0.242,0.166,0.167,0.242,0.237,0.141,0.162,0.143,0.17,0.198,0.194,0.159,0.137,0.183,0.169,0.23,0.247,0.19,0.25,0.22,0.12,0.205,0.249,0.169,0.196,0.209,0.195,0.146,0.127,0.15,0.119,0.114,0.182,0.23,0.127,0.182,0.106,0.164,0.216,0.145,0.153,0.209,0.175,0.108,0.229,0.146,0.227,0.183,0.1,0.109,0.233,0.153,0.13
Vijaya,2.36,3.526,2.867,2.708,2.72,3.524,3.028,3.453,3.018,3.551,3.295,3.543,3.606,3.593,3.573,3.343,3.624,3.327,3.179,3.468,3.549,3.223,3.403,3.504,3.504,3.56,3.59,3.53,3.556,2.89,2.975,3.53,3.638,3.225,3.518,3.444,3.565,3.571,3.637,3.533,3.633,3.622,3.614,3.528,3.578,3.506,3.178,3.634,3.629,3.52,3.536,3.489,2.755,3.023,3.353,3.624,3.633,3.584,3.513,2.932,3.5,3.172,3.372,3.309,3.029,3.63,3.505,3.575,3.508,2.917,3.299,3.011,3.171,3.413,3.381,2.65,3.468,3.163,3.518,2.947,3.169,3.494,3.542,3.583,3.524,3.554,3.522,3.218,3.06,3.168,3.113,3.624,3.629,3.628,3.525,3.637,3.571,3.604,3.606,3.553,3.507,3.575,3.568,3.598,3.633,3.281,3.535,3.495,3.613,3.589,3.572,3.543,3.622,3.526,3.612,3.549,3.573,3.616,3.554,3.586,3.529,3.183,3.002,2.826,2.683,2.568,2.377,2.352,2.198,2.165,1.955,1.881,1.78,1.704,1.59,1.55,1.512,1.416,1.28,1.239,1.123,1.088,1.028,1.011,0.923,0.986,0.845,0.878,0.813,0.855,0.718,0.682,0.747,0.696,0.616,0.687,0.65,0.627,0.618,0.577,0.621,0.482,0.548,0.482,0.563,0.534,0.47,0.527,0.492,0.49,0.496,0.378,0.47,0.44,0.397,0.462,0.391,0.421,0.356,0.35,0.32,0.322,0.421,0.315,0.33,0.316,0.379,0.402,0.276,0.396,0.273,0.292,0.312,0.356,0.315,0.251,0.28,0.338,0.248,0.364,0.352,0.319,0.312,0.221,0.252,0.259,0.246,0.268,0.285,0.291,0.222,0.195,0.311,0.226,0.257,0.195,0.213,0.182,0.199,0.273,0.283,0.181,0.258,0.246,0.295,0.289,0.204,0.163,0.243,0.233,0.225,0.247,0.259,0.21,0.149,0.217,0.268,0.152,0.17,0.191,0.151,0.202,0.215,0.213,0.215,0.228,0.226,0.25,0.226,0.196,0.198,0.173,0.225,0.232,0.211,0.232,0.182,0.154,0.239,0.169,0.231,0.183,0.216,0.15,0.143,0.245,0.141,0.147,0.234,0.222,0.231,0.221,0.158,0.199,0.195,0.215,0.166,0.24,0.19,0.21,0.2,0.2,0.209,0.143,0.142,0.212,0.235,0.148,0.157,0.121,0.167
Vijaya,2.428,3.586,2.799,2.643,2.631,3.539,2.941,3.457,2.901,3.515,3.261,3.596,3.631,3.525,3.514,3.313,3.512,3.265,3.143,3.419,3.52,3.146,3.386,3.607,3.601,3.569,3.568,3.52,3.576,2.963,2.958,3.553,3.627,3.214,3.454,3.337,3.568,3.548,3.513,3.635,3.591,3.625,3.518,3.52,3.516,3.596,3.232,3.618,3.567,3.568,3.575,3.425,2.823,2.998,3.25,3.521,3.634,3.536,3.574,2.928,3.554,3.089,3.386,3.297,3.007,3.594,3.577,3.574,3.577,2.915,3.312,3.026,3.157,3.311,3.366,2.572,3.463,3.123,3.528,3.059,3.229,3.447,3.584,3.571,3.634,3.574,3.584,3.246,2.988,3.258,3.092,3.528,3.531,3.629,3.512,3.503,3.539,3.519,3.546,3.596,3.568,3.589,3.519,3.578,3.588,3.187,3.612,3.451,3.612,3.628,3.573,3.578,3.619,3.529,3.566,3.629,3.619,3.615,3.617,3.605,3.516,3.116,2.956,2.91,2.598,2.576,2.385,2.307,2.254,2.091,2.076,1.847,1.828,1.646,1.631,1.501,1.469,1.456,1.269,1.208,1.24,1.184,1.05,1.03,0.983,0.877,0.907,0.93,0.789,0.811,0.719,0.744,0.697,0.741,0.696,0.591,0.672,0.668,0.547,0.55,0.598,0.51,0.595,0.558,0.525,0.441,0.524,0.464,0.51,0.408,0.454,0.418,0.502,0.402,0.419,0.438,0.395,0.346,0.347,0.406,0.364,0.388,0.387,0.344,0.368,0.357,0.391,0.299,0.28,0.28,0.395,0.381,0.308,0.338,0.381,0.271,0.282,0.356,0.28,0.363,0.275,0.25,0.285,0.286,0.289,0.295,0.332,0.313,0.296,0.246,0.204,0.196,0.206,0.201,0.215,0.211,0.255,0.26,0.28,0.24,0.195,0.228,0.267,0.239,0.227,0.278,0.26,0.157,0.228,0.23,0.281,0.181,0.209,0.172,0.158,0.272,0.17,0.251,0.157,0.165,0.187,0.252,0.263,0.15,0.21,0.176,0.224,0.164,0.23,0.208,0.216,0.136,0.132,0.176,0.12,0.133,0.197,0.23,0.179,0.126,0.138,0.14,0.157,0.151,0.21,0.244,0.202,0.179,0.165,0.226,0.176,0.215,0.197,0.234,0.204,0.115,0.106,0.146,0.163,0.227,0.204,0.104,0.14,0.217,0.128,0.209,0.149,0.181,0.114,0.164,0.139
Vijaya,2.437,3.553,2.795,2.632,2.632,3.601,3.057,3.403,2.936,3.564,3.268,3.547,3.614,3.562,3.601,3.242,3.625,3.3,3.165,3.462,3.621,3.13,3.449,3.548,3.539,3.614,3.503,3.559,3.558,2.953,2.98,3.587,3.632,3.304,3.566,3.355,3.506,3.526,3.556,3.63,3.568,3.576,3.621,3.58,3.616,3.615,3.247,3.501,3.586,3.577,3.571,3.493,2.701,2.917,3.26,3.535,3.518,3.589,3.538,2.986,3.535,3.127,3.346,3.277,2.945,3.637,3.557,3.544,3.566,2.861,3.379,2.949,3.105,3.289,3.406,2.529,3.58,3.108,3.508,3.06,3.183,3.436,3.521,3.501,3.584,3.572,3.635,3.239,3.044,3.252,3.12,3.622,3.592,3.555,3.586,3.591,3.554,3.514,3.591,3.604,3.543,3.514,3.515,3.634,3.546,3.187,3.547,3.491,3.614,3.629,3.524,3.615,3.583,3.515,3.534,3.599,3.523,3.503,3.562,3.547,3.524,3.11,2.906,2.821,2.656,2.538,2.478,2.315,2.223,2.157,2.08,1.934,1.773,1.679,1.576,1.567,1.434,1.393,1.266,1.235,1.209,1.089,1.072,1.048,1.019,0.973,0.87,0.92,0.828,0.735,0.832,0.726,0.697,0.671,0.69,0.587,0.694,0.669,0.597,0.638,0.533,0.61,0.483,0.564,0.456,0.499,0.443,0.454,0.431,0.526,0.513,0.386,0.499,0.416,0.399,0.351,0.343,0.333,0.448,0.399,0.427,0.425,0.438,0.401,0.321,0.363,0.379,0.334,0.349,0.3,0.332,0.353,0.277,0.293,0.29,0.258,0.32,0.249,0.345,0.29,0.332,0.235,0.265,0.294,0.295,0.272,0.266,0.308,0.298,0.228,0.271,0.194,0.24,0.284,0.191,0.301,0.22,0.299,0.244,0.197,0.276,0.22,0.245,0.208,0.174,0.194,0.272,0.254,0.21,0.232,0.239,0.262,0.273,0.156,0.201,0.255,0.211,0.254,0.14,0.262,0.257,0.145,0.239,0.174,0.135,0.239,0.195,0.252,0.21,0.172,0.171,0.24,0.172,0.207,0.121,0.211,0.127,0.212,0.14,0.127,0.245,0.114,0.113,0.184,0.216,0.129,0.194,0.177,0.181,0.107,0.243,0.242,0.197,0.242,0.137,0.132,0.182,0.106,0.213,0.125,0.131,0.149,0.224,0.139,0.167,0.222,0.115,0.142,0.158,0.202,0.232
Vijaya,2.419,3.522,2.832,2.58,2.646,3.551,2.964,3.447,3.015,3.57,3.31,3.486,3.581,3.521,3.566,3.329,3.509,3.327,3.22,3.347,3.511,3.155,3.376,3.516,3.509,3.534,3.581,3.601,3.538,3.005,2.999,3.588,3.588,3.235,3.533,3.362,3.623,3.628,3.628,3.518,3.608,3.618,3.501,3.619,3.638,3.619,3.225,3.596,3.596,3.582,3.598,3.417,2.7,2.983,3.257,3.528,3.521,3.634,3.562,2.999,3.454,3.095,3.421,3.308,2.977,3.586,3.613,3.563,3.609,2.86,3.308,3.007,3.09,3.396,3.42,2.647,3.569,3.08,3.524,2.986,3.236,3.466,3.533,3.544,3.636,3.521,3.544,3.25,2.973,3.292,3.101,3.604,3.517,3.512,3.617,3.526,3.622,3.543,3.592,3.512,3.621,3.597,3.636,3.611,3.589,3.285,3.633,3.49,3.571,3.578,3.634,3.612,3.525,3.501,3.617,3.599,3.571,3.585,3.504,3.602,3.503,3.22,2.886,2.839,2.62,2.569,2.472,2.351,2.247,2.139,1.974,1.864,1.757,1.724,1.593,1.523,1.485,1.425,1.366,1.225,1.14,1.159,1.045,1.036,0.954,0.928,0.88,0.868,0.778,0.836,0.772,0.752,0.656,0.684,0.726,0.7,0.564,0.664,0.632,0.54,0.609,0.599,0.575,0.478,0.461,0.464,0.479,0.43,0.479,0.508,0.443,0.509,0.478,0.465,0.354,0.456,0.37,0.431,0.383,0.41,0.367,0.344,0.361,0.353,0.32,0.368,0.405,0.304,0.3,0.291,0.39,0.321,0.313,0.343,0.3,0.265,0.366,0.269,0.264,0.313,0.345,0.276,0.345,0.314,0.257,0.314,0.267,0.307,0.315,0.243,0.272,0.188,0.262,0.201,0.239,0.258,0.195,0.285,0.268,0.214,0.268,0.208,0.263,0.172,0.265,0.269,0.179,0.218,0.266,0.237,0.201,0.256,0.183,0.216,0.218,0.171,0.23,0.241,0.148,0.248,0.155,0.262,0.198,0.25,0.257,0.194,0.198,0.217,0.131,0.255,0.139,0.143,0.193,0.144,0.12,0.238,0.207,0.239,0.193,0.152,0.175,0.116,0.208,0.178,0.168,0.195,0.117,0.151,0.115,0.237,0.186,0.135,0.209,0.243,0.121,0.118,0.145,0.158,0.13,0.107,0.118,0.111,0.149,0.157,0.167,0.127,0.166,0.187,0.132,0.173,0.114
Vijaya,2.471,2.471,2.471,2.471,2.471,2.471,2.471,2.471,2.471,2.471,2.471,2.471,2.471,2.471,2.471,2.471,2.471,2.471,2.471,2.471,2.471,2.471,2.471,2.471,2.471,2.471,2.471,2.471,2.471,2.471,2.471,2.471,2.471,2.471,2.471,2.471,2.471,2.471,2.471,2.471,2.471,2.471,2.471,2.471,2.471,2.471,2.471,2.471,2.471,2.471,2.471,2.471,2.471,2.471,2.471,2.471,2.471,2.471,2.471,2.471,2.471,2.471,2.471,2.471,2.471,2.471,2.471,2.471,2.471,2.471,2.471,2.471,2.471,2.471,2.471,2.471,2.471,2.471,2.471,2.471,2.471,2.471,2.471,2.471,2.471,2.471,2.471,2.471,2.471,2.471,2.471,2.471,2.471,2.471,2.471,2.471,2.471,2.471,2.471,2.471,2.471,2.471,2.471,2.471,2.471,2.471,2.471,2.471,2.471,2.471,2.471,2.471,2.471,2.471,2.471,2.471,2.471,2.471,2.471,2.471,2.471,2.471,2.471,2.471,2.471,2.471,2.471,2.471,2.471,2.471,2.471,2.471,2.471,2.471,2.471,2.471,2.471,2.471,2.471,2.471,2.471,2.471,2.471,2.471,2.471,2.471,2.471,2.471,2.471,2.471,2.471,2.471,2.471,2.471,2.471,2.471,2.471,2.471,2.471,2.471,2.471,2.471,2.471,2.471,2.471,2.471,2.471,2.471,2.471,2.471,2.471,2.471,2.471,2.471,2.471,2.471,2.471,2.471,2.471,2.471,2.471,2.471,2.471,2.471,2.471,2.471,2.471,2.471,2.471,2.471,2.471,2.471,2.471,2.471,2.471,2.471,2.471,2.471,2.471,2.471,2.471,2.471,2.471,2.471,2.471,2.471,2.471,2.471,2.471,2.471,2.471,2.471,2.471,2.471,2.471,2.471,2.471,2.471,2.471,2.471,2.471,2.471,2.471,2.471,2.471,2.471,2.471,2.471,2.471,2.471,2.471,2.471,2.471,2.471,2.471,2.471,2.471,2.471,2.471,2.471,2.471,2.471,2.471,2.471,2.471,2.471,2.471,2.471,2.471,2.471,2.471,2.471,2.471,2.471,2.471,2.471,2.471,2.471,2.471,2.471,2.471,2.471,2.471,2.471,2.471,2.471,2.471,2.471,2.471,2.471,2.471,2.471,2.471,2.471,2.471,2.471,2.471,2.471,2.471,2.471,2.471,2.471,2.471,2.471,2.471,2.471,2.471,2.471,2.471,2.471,2.471
Vijaya,2.32,2.32,2.32,2.32,2.32,2.32,2.32,2.32,2.32,2.32,2.32,2.32,2.32,2.32,2.32,2.32,2.32,2.32,2.32,2.32,2.32,2.32,2.32,2.32,2.32,2.32,2.32,2.32,2.32,2.32,2.32,2.32,2.32,2.32,2.32,2.32,2.32,2.32,2.32,2.32,2.32,2.32,2.32,2.32,2.32,2.32,2.32,2.32,2.32,2.32,2.32,2.32,2.32,2.32,2.32,2.32,2.32,2.32,2.32,2.32,2.32,2.32,2.32,2.32,2.32,2.32,2.32,2.32,2.32,2.32,2.32,2.32,2.32,2.32,2.32,2.32,2.32,2.32,2.32,2.32,2.32,2.32,2.32,2.32,2.32,2.32,2.32,2.32,2.32,2.32,2.32,2.32,2.32,2.32,2.32,2.32,2.32,2.32,2.32,2.32,2.32,2.32,2.32,2.32,2.32,2.32,2.32,2.32,2.32,2.32,2.32,2.32,2.32,2.32,2.32,2.32,2.32,2.32,2.32,2.32,2.32,2.32,2.32,2.32,2.32,2.32,2.32,2.32,2.32,2.32,2.32,2.32,2.32,2.32,2.32,2.32,2.32,2.32,2.32,2.32,2.32,2.32,2.32,2.32,2.32,2.32,2.32,2.32,2.32,2.32,2.32,2.32,2.32,2.32,2.32,2.32,2.32,2.32,2.32,2.32,2.32,2.32,2.32,2.32,2.32,2.32,2.32,2.32,2.32,2.32,2.32,2.32,2.32,2.32,2.32,2.32,2.32,2.32,2.32,2.32,2.32,2.32,2.32,2.32,2.32,2.32,2.32,2.32,2.32,2.32,2.32,2.32,2.32,2.32,2.32,2.32,2.32,2.32,2.32,2.32,2.32,2.32,2.32,2.32,2.32,2.32,2.32,2.32,2.32,2.32,2.32,2.32,2.32,2.32,2.32,2.32,2.32,2.32,2.32,2.32,2.32,2.32,2.32,2.32,2.32,2.32,2.32,2.32,2.32,2.32,2.32,2.32,2.32,2.32,2.32,2.32,2.32,2.32,2.32,2.32,2.32,2.32,2.32,2.32,2.32,2.32,2.32,2.32,2.32,2.32,2.32,2.32,2.32,2.32,2.32,2.32,2.32,2.32,2.32,2.32,2.32,2.32,2.32,2.32,2.32,2.32,2.32,2.32,2.32,2.32,2.32,2.32,2.32,2.32,2.32,2.32,2.32,2.32,2.32,2.32,2.32,2.32,2.32,2.32,2.32,2.32,2.32,2.32,2.32,2.32,2.32
Vijaya,2.374,2.374,2.374,2.374,2.374,2.374,2.374,2.374,2.374,2.374,2.374,2.374,2.374,2.374,2.374,2.374,2.374,2.374,2.374,2.374,2.374,2.374,2.374,2.374,2.374,2.374,2.374,2.374,2.374,2.374,2.374,2.374,2.374,2.374,2.374,2.374,2.374,2.374,2.374,2.374,2.374,2.374,2.374,2.374,2.374,2.374,2.374,2.374,2.374,2.374,2.374,2.374,2.374,2.374,2.374,2.374,2.374,2.374,2.374,2.374,2.374,2.374,2.374,2.374,2.374,2.374,2.374,2.374,2.374,2.374,2.374,2.374,2.374,2.374,2.374,2.374,2.374,2.374,2.374,2.374,2.374,2.374,2.374,2.374,2.374,2.374,2.374,2.374,2.374,2.374,2.374,2.374,2.374,2.374,2.374,2.374,2.374,2.374,2.374,2.374,2.374,2.374,2.374,2.374,2.374,2.374,2.374,2.374,2.374,2.374,2.374,2.374,2.374,2.374,2.374,2.374,2.374,2.374,2.374,2.374,2.374,2.374,2.374,2.374,2.374,2.374,2.374,2.374,2.374,2.374,2.374,2.374,2.374,2.374,2.374,2.374,2.374,2.374,2.374,2.374,2.374,2.374,2.374,2.374,2.374,2.374,2.374,2.374,2.374,2.374,2.374,2.374,2.374,2.374,2.374,2.374,2.374,2.374,2.374,2.374,2.374,2.374,2.374,2.374,2.374,2.374,2.374,2.374,2.374,2.374,2.374,2.374,2.374,2.374,2.374,2.374,2.374,2.374,2.374,2.374,2.374,2.374,2.374,2.374,2.374,2.374,2.374,2.374,2.374,2.374,2.374,2.374,2.374,2.374,2.374,2.374,2.374,2.374,2.374,2.374,2.374,2.374,2.374,2.374,2.374,2.374,2.374,2.374,2.374,2.374,2.374,2.374,2.374,2.374,2.374,2.374,2.374,2.374,2.374,2.374,2.374,2.374,2.374,2.374,2.374,2.374,2.374,2.374,2.374,2.374,2.374,2.374,2.374,2.374,2.374,2.374,2.374,2.374,2.374,2.374,2.374,2.374,2.374,2.374,2.374,2.374,2.374,2.374,2.374,2.374,2.374,2.374,2.374,2.374,2.374,2.374,2.374,2.374,2.374,2.374,2.374,2.374,2.374,2.374,2.374,2.374,2.374,2.374,2.374,2.374,2.374,2.374,2.374,2.374,2.374,2.374,2.374,2.374,2.374,2.374,2.374,2.374,2.374,2.374,2.374,2.374,2.374,2.374,2.374,2.374,2.374
Vijaya,2.342,2.342,2.342,2.342,2.342,2.342,2.342,2.342,2.342,2.342,2.342,2.342,2.342,2.342,2.342,2.342,2.342,2.342,2.342,2.342,2.342,2.342,2.342,2.342,2.342,2.342,2.342,2.342,2.342,2.342,2.342,2.342,2.342,2.342,2.342,2.342,2.342,2.342,2.342,2.342,2.342,2.342,2.342,2.342,2.342,2.342,2.342,2.342,2.342,2.342,2.342,2.342,2.342,2.342,2.342,2.342,2.342,2.342,2.342,2.342,2.342,2.342,2.342,2.342,2.342,2.342,2.342,2.342,2.342,2.342,2.342,2.342,2.342,2.342,2.342,2.342,2.342,2.342,2.342,2.342,2.342,2.342,2.342,2.342,2.342,2.342,2.342,2.342,2.342,2.342,2.342,2.342,2.342,2.342,2.342,2.342,2.342,2.342,2.342,2.342,2.342,2.342,2.342,2.342,2.342,2.342,2.342,2.342,2.342,2.342,2.342,2.342,2.342,2.342,2.342,2.342,2.342,2.342,2.342,2.342,2.342,2.342,2.342,2.342,2.342,2.342,2.342,2.342,2.342,2.342,2.342,2.342,2.342,2.342,2.342,2.342,2.342,2.342,2.342,2.342,2.342,2.342,2.342,2.342,2.342,2.342,2.342,2.342,2.342,2.342,2.342,2.342,2.342,2.342,2.342,2.342,2.342,2.342,2.342,2.342,2.342,2.342,2.342,2.342,2.342,2.342,2.342,2.342,2.342,2.342,2.342,2.342,2.342,2.342,2.342,2.342,2.342,2.342,2.342,2.342,2.342,2.342,2.342,2.342,2.342,2.342,2.342,2.342,2.342,2.342,2.342,2.342,2.342,2.342,2.342,2.342,2.342,2.342,2.342,2.342,2.342,2.342,2.342,2.342,2.342,2.342,2.342,2.342,2.342,2.342,2.342,2.342,2.342,2.342,2.342,2.342,2.342,2.342,2.342,2.342,2.342,2.342,2.342,2.342,2.342,2.342,2.342,2.342,2.342,2.342,2.342,2.342,2.342,2.342,2.342,2.342,2.342,2.342,2.342,2.342,2.342,2.342,2.342,2.342,2.342,2.342,2.342,2.342,2.342,2.342,2.342,2.342,2.342,2.342,2.342,2.342,2.342,2.342,2.342,2.342,2.342,2.342,2.342,2.342,2.342,2.342,2.342,2.342,2.342,2.342,2.342,2.342,2.342,2.342,2.342,2.342,2.342,2.342,2.342,2.342,2.342,2.342,2.342,2.342,2.342,2.342,2.342,2.342,2.342,2.342,2.342
Vijaya,2.383,2.383,2.383,2.383,2.383,2.383,2.383,2.383,2.383,2.383,2.383,2.383,2.383,2.383,2.383,2.383,2.383,2.383,2.383,2.383,2.383,2.383,2.383,2.383,2.383,2.383,2.383,2.383,2.383,2.383,2.383,2.383,2.383,2.383,2.383,2.383,2.383,2.383,2.383,2.383,2.383,2.383,2.383,2.383,2.383,2.383,2.383,2.383,2.383,2.383,2.383,2.383,2.383,2.383,2.383,2.383,2.383,2.383,2.383,2.383,2.383,2.383,2.383,2.383,2.383,2.383,2.383,2.383,2.383,2.383,2.383,2.383,2.383,2.383,2.383,2.383,2.383,2.383,2.383,2.383,2.383,2.383,2.383,2.383,2.383,2.383,2.383,2.383,2.383,2.383,2.383,2.383,2.383,2.383,2.383,2.383,2.383,2.383,2.383,2.383,2.383,2.383,2.383,2.383,2.383,2.383,2.383,2.383,2.383,2.383,2.383,2.383,2.383,2.383,2.383,2.383,2.383,2.383,2.383,2.383,2.383,2.383,2.383,2.383,2.383,2.383,2.383,2.383,2.383,2.383,2.383,2.383,2.383,2.383,2.383,2.383,2.383,2.383,2.383,2.383,2.383,2.383,2.383,2.383,2.383,2.383,2.383,2.383,2.383,2.383,2.383,2.383,2.383,2.383,2.383,2.383,2.383,2.383,2.383,2.383,2.383,2.383,2.383,2.383,2.383,2.383,2.383,2.383,2.383,2.383,2.383,2.383,2.383,2.383,2.383,2.383,2.383,2.383,2.383,2.383,2.383,2.383,2.383,2.383,2.383,2.383,2.383,2.383,2.383,2.383,2.383,2.383,2.383,2.383,2.383,2.383,2.383,2.383,2.383,2.383,2.383,2.383,2.383,2.383,2.383,2.383,2.383,2.383,2.383,2.383,2.383,2.383,2.383,2.383,2.383,2.383,2.383,2.383,2.383,2.383,2.383,2.383,2.383,2.383,2.383,2.383,2.383,2.383,2.383,2.383,2.383,2.383,2.383,2.383,2.383,2.383,2.383,2.383,2.383,2.383,2.383,2.383,2.383,2.383,2.383,2.383,2.383,2.383,2.383,2.383,2.383,2.383,2.383,2.383,2.383,2.383,2.383,2.383,2.383,2.383,2.383,2.383,2.383,2.383,2.383,2.383,2.383,2.383,2.383,2.383,2.383,2.383,2.383,2.383,2.383,2.383,2.383,2.383,2.383,2.383,2.383,2.383,2.383,2.383,2.383,2.383,2.383,2.383,2.383,2.383,2.383
Vijaya,2.311,3.5,2.763,2.574,2.63,3.5,2.94,3.36,2.89,3.484,3.217,3.485,3.5,3.5,3.5,3.225,3.5,3.244,3.09,3.346,3.5,3.126,3.328,3.5,3.5,3.5,3.5,3.5,3.5,2.872,2.931,3.5,3.5,3.194,3.453,3.325,3.5,3.5,3.5,3.5,3.5,3.5,3.5,3.5,3.5,3.5,3.111,3.5,3.5,3.5,3.461,3.364,2.69,2.909,3.24,3.5,3.5,3.5,3.5,2.878,3.426,3.083,3.31,3.241,2.913,3.5,3.5,3.5,3.5,2.79,3.271,2.903,3.072,3.279,3.347,2.521,3.444,3.072,3.5,2.929,3.145,3.398,3.5,3.5,3.5,3.5,3.5,3.19,2.934,3.166,3.067,3.5,3.5,3.5,3.5,3.5,3.5,3.5,3.5,3.5,3.5,3.5,3.5,3.5,3.5,3.148,3.5,3.358,3.5,3.5,3.5,3.5,3.5,3.5,3.5,3.5,3.5,3.5,3.5,3.5,3.5,3.086,2.881,2.781,2.59,2.515,2.348,2.283,2.177,2.063,1.954,1.798,1.717,1.633,1.547,1.468,1.397,1.325,1.241,1.171,1.115,1.06,1.009,0.962,0.915,0.867,0.827,0.793,0.76,0.727,0.699,0.669,0.644,0.62,0.597,0.578,0.556,0.538,0.523,0.509,0.492,0.477,0.466,0.454,0.442,0.431,0.421,0.411,0.402,0.392,0.383,0.375,0.366,0.358,0.351,0.345,0.337,0.33,0.324,0.317,0.311,0.306,0.3,0.295,0.29,0.285,0.281,0.275,0.271,0.266,0.262,0.258,0.254,0.25,0.246,0.242,0.239,0.235,0.231,0.227,0.224,0.221,0.216,0.213,0.211,0.206,0.202,0.199,0.196,0.194,0.19,0.187,0.185,0.183,0.181,0.179,0.177,0.174,0.172,0.171,0.17,0.167,0.164,0.163,0.161,0.16,0.156,0.154,0.152,0.15,0.147,0.146,0.144,0.142,0.14,0.139,0.137,0.135,0.134,0.132,0.131,0.129,0.127,0.127,0.126,0.125,0.126,0.124,0.122,0.122,0.12,0.119,0.119,0.118,0.118,0.117,0.116,0.116,0.114,0.113,0.114,0.113,0.112,0.11,0.109,0.109,0.108,0.108,0.106,0.106,0.105,0.106,0.106,0.105,0.104,0.102,0.102,0.102,0.102,0.101,0.101,0.101,0.1,0.098,0.098,0.099,0.098,0.098,0.097,0.097,0.097
Vijaya,3.5,3.5,3.5,3.5,3.5,3.5,3.5,3.5,3.5,3.5,3.5,3.5,3.5,3.5,3.5,3.5,3.5,3.5,3.5,3.21,3.5,3.5,3.5,3.5,3.5,3.5,3.488,3.5,3.5,3.5,3.5,3.5,3.5,3.5,3.44,3.5,3.5,3.5,3.5,3.5,3.5,3.5,3.5,3.5,3.5,3.457,3.247,3.5,3.5,3.5,3.5,3.5,3.5,3.5,3.5,3.5,3.5,3.052,3.5,3.5,3.5,3.5,3.5,3.5,3.147,3.5,3.5,3.5,3.5,3.5,3.5,3.5,3.5,3.5,3.5,3.5,3.5,3.5,3.5,3.5,3.5,3.5,3.5,3.5,3.5,3.5,3.5,3.5,3.5,3.5,3.5,3.5,3.5,3.5,3.5,3.5,3.5,3.5,3.5,3.5,3.5,3.5,3.5,3.5,3.5,3.5,3.5,3.5,3.489,3.289,3.5,3.264,3.449,2.886,2.726,2.6,2.523,2.445,2.362,2.3,2.24,2.165,2.108,2.058,1.99,1.954,1.902,1.859,1.81,1.767,1.724,1.673,1.646,1.6,1.57,1.538,1.509,1.485,1.458,1.429,1.405,1.382,1.366,1.347,1.329,1.312,1.294,1.275,1.26,1.248,1.228,1.206,1.194,1.184,1.174,1.156,1.136,1.126,1.115,1.103,1.092,1.084,1.071,1.057,1.049,1.038,1.029,1.024,1.015,1.003,0.993,0.986,0.979,0.97,0.961,0.953,0.945,0.937,0.929,0.921,0.912,0.906,0.903,0.896,0.891,0.887,0.88,0.873,0.868,0.866,0.856,0.85,0.849,0.847,0.84,0.837,0.833,0.828,0.824,0.822,0.815,0.81,0.805,0.802,0.797,0.79,0.783,0.78,0.778,0.774,0.772,0.769,0.767,0.764,0.763,0.76,0.758,0.755,0.751,0.749,0.751,0.748,0.742,0.738,0.738,0.737,0.734,0.73,0.728,0.724,0.724,0.723,0.72,0.716,0.713,0.711,0.708,0.704,0.702,0.701,0.703,0.699,0.694,0.693,0.694,0.693,0.692,0.691,0.688,0.688,0.684,0.682,0.68,0.68,0.68,0.678,0.677,0.678,0.677,0.672,0.672,0.672,0.67,0.668,0.668,0.667,0.667,0.665,0.666,0.665,0.665,0.66,0.666,0.669,0.656,0.656,0.657,0.657,0.655,0.655,0.656,0.656,0.654,0.653,0.653,0.656,0.653,0.648,0.65,0.652,0.65
Vijaya,2.032,2.077,2.904,3.5,3.5,3.5,3.5,3.5,3.5,3.295,3.003,3.5,3.5,3.5,3.402,3.5,3.5,3.5,3.5,3.5,3.5,3.5,3.5,3.5,3.5,3.5,3.5,3.5,3.5,3.394,3.33,3.5,3.5,3.441,3.5,3.5,3.5,3.5,3.159,3.217,3.5,3.5,3.5,3.017,3.5,3.252,3.5,3.5,3.5,3.5,3.091,2.828,3.5,3.5,3.08,2.665,2.519,2.85,3.132,3.5,3.198,3.5,3.061,2.998,3.5,3.5,2.943,3.5,3.5,3.445,3.306,2.747,3.125,3.5,3.331,3.322,3.5,3.022,3.5,3.5,3.5,3.5,3.5,3.338,2.885,3.112,3.5,3.5,3.5,3.5,3.5,3.5,3.415,3.5,3.089,3.146,3.5,3.5,3.5,3.276,3.5,3.5,3.5,3.5,3.5,3.5,3.5,3.309,3.233,3.5,3.254,3.108,3.244,2.992,2.838,2.842,2.649,2.563,2.469,2.399,2.257,2.149,2.095,2.053,1.954,1.882,1.842,1.778,1.714,1.658,1.606,1.53,1.491,1.449,1.409,1.367,1.323,1.284,1.243,1.205,1.171,1.14,1.11,1.078,1.046,1.012,0.988,0.962,0.938,0.914,0.891,0.865,0.844,0.823,0.803,0.787,0.766,0.748,0.731,0.716,0.699,0.681,0.668,0.653,0.64,0.624,0.612,0.6,0.587,0.572,0.56,0.55,0.538,0.525,0.516,0.504,0.494,0.483,0.474,0.466,0.455,0.447,0.438,0.429,0.42,0.413,0.405,0.397,0.389,0.382,0.375,0.367,0.361,0.355,0.348,0.341,0.336,0.33,0.323,0.317,0.31,0.303,0.299,0.293,0.288,0.282,0.276,0.272,0.267,0.262,0.258,0.253,0.249,0.244,0.24,0.236,0.233,0.23,0.225,0.221,0.217,0.214,0.211,0.207,0.204,0.201,0.197,0.194,0.19,0.186,0.183,0.181,0.178,0.175,0.171,0.169,0.166,0.163,0.16,0.157,0.157,0.154,0.151,0.148,0.147,0.146,0.144,0.142,0.14,0.138,0.136,0.134,0.133,0.132,0.132,0.129,0.127,0.126,0.124,0.124,0.122,0.12,0.118,0.117,0.116,0.116,0.115,0.115,0.113,0.111,0.11,0.108,0.107,0.107,0.104,0.103,0.103,0.102,0.102,0.101,0.099,0.099,0.097,0.097,0.097,0.096,0.095,0.094,0.093,0.093,0.091
Chetaki,2.352,3.5,3.419,2.598,3.137,3.5,3.166,3.383,3.252,3.388,3.405,3.479,3.5,3.5,3.483,3.5,3.5,3.356,3.5,3.5,3.5,3.5,3.5,3.472,3.5,3.429,3.448,3.5,3.5,3.339,3.417,3.367,3.433,3.335,3.331,3.277,3.5,3.5,3.5,3.5,3.342,3.188,3.5,3.5,3.5,3.5,3.361,3.5,3.5,3.5,3.5,3.5,3.041,3.35,3.325,3.5,3.5,3.4,3.5,3.356,3.16,3.212,3.5,3.184,3.233,3.276,3.093,3.5,3.5,3.5,3.037,3.178,3.107,3.308,3.249,2.868,3.5,3.331,3.35,3.309,3.252,3.294,3.259,3.5,3.5,3.5,3.489,3.5,3.312,3.022,3.327,3.5,3.388,3.481,3.5,3.5,3.5,3.432,3.5,3.5,3.5,3.5,3.5,3.5,3.5,3.5,3.392,3.408,3.428,3.5,3.5,3.479,3.5,3.38,3.379,3.338,3.089,3.2,3.256,3.163,3.232,2.938,2.915,2.933,2.794,2.944,2.751,2.726,2.671,2.708,2.714,2.717,2.689,2.61,2.618,2.578,2.578,2.551,2.502,2.497,2.507,2.504,2.471,2.42,2.375,2.446,2.425,2.417,2.38,2.358,2.345,2.326,2.335,2.308,2.296,2.336,2.311,2.269,2.286,2.274,2.277,2.285,2.258,2.255,2.218,2.232,2.266,2.264,2.243,2.218,2.205,2.197,2.222,2.202,2.197,2.178,2.179,2.183,2.152,2.149,2.146,2.159,2.161,2.181,2.148,2.121,2.108,2.129,2.114,2.1,2.085,2.076,2.071,2.099,2.07,2.082,2.093,2.069,2.062,2.06,2.055,2.07,2.067,2.047,2.045,2.047,2.006,2.024,2.034,2.007,2.004,2,2.007,2.018,2.016,1.998,1.997,1.997,2.008,2.003,1.989,1.985,1.994,1.978,1.964,1.981,1.973,1.946,1.96,1.961,1.962,1.95,1.932,1.936,1.931,1.933,1.912,1.915,1.914,1.926,1.924,1.92,1.922,1.919,1.913,1.887,1.899,1.901,1.891,1.884,1.905,1.887,1.878,1.887,1.885,1.898,1.885,1.867,1.856,1.845,1.87,1.865,1.835,1.854,1.854,1.845,1.82,1.846,1.85,1.836,1.824,1.833,1.83,1.842,1.836,1.834,1.818,1.815,1.793,1.802,1.823,1.802,1.827,1.808,1.793,1.793,1.81,1.784,1.778,1.79,1.791
Chetaki,2.744,3.5,3.449,3.091,3.5,3.5,3.225,3.329,3.5,3.5,3.431,3.5,3.5,3.5,3.5,3.409,3.5,3.358,3.5,3.5,3.5,3.434,3.5,3.5,3.5,3.421,3.464,3.5,3.5,3.456,3.348,3.336,3.5,3.5,3.372,3.433,3.5,3.5,3.5,3.5,3.5,3.5,3.5,3.5,3.5,3.5,3.5,3.5,3.5,3.5,3.5,3.5,3.321,3.324,3.5,3.5,3.5,3.5,3.5,3.451,3.265,3.5,3.465,3.5,3.402,3.389,3.5,3.5,3.374,3.5,3.382,3.32,3.5,3.5,3.232,2.995,3.5,3.434,3.5,3.411,3.409,3.365,3.5,3.5,3.5,3.5,3.5,3.5,3.007,3.187,3.5,3.49,3.5,3.445,3.5,3.5,3.389,3.5,3.5,3.5,3.5,3.5,3.5,3.478,3.5,3.247,3.24,3.138,3.131,3.135,3.036,3.052,2.992,2.951,2.949,2.9,2.813,2.853,2.855,2.827,2.81,2.769,2.756,2.741,2.723,2.713,2.638,2.676,2.61,2.499,2.626,2.492,2.579,2.421,2.42,2.319,2.29,2.287,2.208,2.179,2.16,2.187,2.125,2.106,2.061,2.065,2.045,2.015,1.996,1.979,1.966,1.956,1.929,1.904,1.897,1.906,1.873,1.863,1.859,1.843,1.841,1.839,1.827,1.808,1.791,1.79,1.788,1.789,1.781,1.769,1.754,1.745,1.743,1.733,1.731,1.722,1.716,1.71,1.699,1.698,1.692,1.692,1.682,1.679,1.671,1.663,1.662,1.66,1.654,1.652,1.641,1.639,1.636,1.645,1.628,1.632,1.633,1.621,1.614,1.616,1.617,1.619,1.607,1.603,1.606,1.593,1.577,1.584,1.581,1.572,1.57,1.572,1.574,1.573,1.573,1.57,1.564,1.565,1.563,1.567,1.564,1.564,1.558,1.553,1.55,1.554,1.547,1.537,1.544,1.542,1.538,1.535,1.533,1.53,1.523,1.524,1.522,1.52,1.516,1.525,1.523,1.518,1.516,1.51,1.515,1.508,1.507,1.51,1.511,1.506,1.503,1.503,1.504,1.501,1.494,1.505,1.496,1.496,1.492,1.49,1.496,1.494,1.484,1.484,1.488,1.486,1.477,1.488,1.486,1.486,1.479,1.478,1.481,1.493,1.479,1.472,1.466,1.469,1.46,1.465,1.472,1.471,1.478,1.466,1.457,1.458,1.464,1.454,1.458,1.462,1.459
Chetaki,3.5,3.5,3.5,3.5,3.5,3.5,3.5,3.5,3.5,3.5,3.5,3.5,3.5,3.5,3.5,3.5,3.5,3.5,3.5,3.5,3.5,3.5,3.5,3.5,3.5,3.5,3.5,3.5,3.5,3.5,3.5,3.5,3.5,3.5,3.5,3.5,3.5,3.5,3.5,3.5,3.5,3.5,3.5,3.5,3.5,3.5,3.5,3.5,3.5,3.5,3.39,3.5,3.5,3.5,3.5,3.5,3.5,3.38,3.12,3.5,3.5,3.5,3.5,3.5,3.5,3.5,3.5,3.5,3.5,3.5,3.5,3.5,3.5,3.5,3.5,3.5,3.5,3.5,3.5,3.5,3.5,3.5,3.5,3.5,3.5,3.5,3.5,3.5,3.5,3.5,3.5,3.5,3.5,3.5,3.5,3.5,3.5,3.5,3.5,3.5,3.5,3.5,3.5,3.5,3.5,3.5,3.5,3.5,3.5,3.5,3.5,3.5,3.5,3.179,3.073,2.835,2.728,2.737,2.685,2.586,2.503,2.492,2.398,2.405,2.375,2.318,2.263,2.22,2.181,2.135,2.121,2.074,2.041,1.989,1.97,1.955,1.931,1.908,1.887,1.878,1.85,1.817,1.808,1.787,1.786,1.768,1.754,1.729,1.711,1.714,1.692,1.673,1.669,1.649,1.636,1.628,1.611,1.604,1.594,1.58,1.569,1.564,1.553,1.543,1.534,1.526,1.52,1.514,1.511,1.5,1.492,1.484,1.471,1.466,1.46,1.452,1.444,1.435,1.432,1.421,1.409,1.408,1.405,1.395,1.389,1.385,1.375,1.371,1.363,1.36,1.35,1.345,1.343,1.343,1.334,1.331,1.325,1.323,1.315,1.313,1.303,1.298,1.289,1.286,1.281,1.274,1.267,1.265,1.26,1.254,1.25,1.248,1.248,1.242,1.238,1.235,1.232,1.229,1.226,1.218,1.218,1.218,1.212,1.205,1.203,1.2,1.194,1.189,1.185,1.179,1.172,1.173,1.167,1.16,1.155,1.151,1.144,1.144,1.14,1.136,1.132,1.129,1.125,1.122,1.119,1.113,1.11,1.11,1.107,1.105,1.097,1.093,1.092,1.089,1.089,1.084,1.083,1.079,1.075,1.07,1.067,1.063,1.06,1.059,1.057,1.054,1.05,1.045,1.043,1.044,1.038,1.033,1.034,1.032,1.026,1.024,1.02,1.018,1.018,1.013,1.01,1.007,1.005,1,0.998,0.995,0.994,0.989,0.986,0.986,0.982
Chetaki,2.44,2.44,2.44,2.44,2.44,2.44,2.44,2.44,2.44,2.44,2.44,2.44,2.44,2.44,2.44,2.44,2.44,2.44,2.44,2.44,2.44,2.44,2.44,2.44,2.44,2.44,2.44,2.44,2.44,2.44,2.44,2.44,2.44,2.44,2.44,2.44,2.44,2.44,2.44,2.44,2.44,2.44,2.44,2.44,2.44,2.44,2.44,2.44,2.44,2.44,2.44,2.44,2.44,2.44,2.44,2.44,2.44,2.44,2.44,2.44,2.44,2.44,2.44,2.44,2.44,2.44,2.44,2.44,2.44,2.44,2.44,2.44,2.44,2.44,2.44,2.44,2.44,2.44,2.44,2.44,2.44,2.44,2.44,2.44,2.44,2.44,2.44,2.44,2.44,2.44,2.44,2.44,2.44,2.44,2.44,2.44,2.44,2.44,2.44,2.44,2.44,2.44,2.44,2.44,2.44,2.44,2.44,2.44,2.44,2.44,2.44,2.44,2.44,2.44,2.44,2.44,2.44,2.44,2.44,2.44,2.44,2.44,2.44,2.44,2.44,2.44,2.44,2.44,2.44,2.44,2.44,2.44,2.44,2.44,2.44,2.44,2.44,2.44,2.44,2.44,2.44,2.44,2.44,2.44,2.44,2.44,2.44,2.44,2.44,2.44,2.44,2.44,2.44,2.44,2.44,2.44,2.44,2.44,2.44,2.44,2.44,2.44,2.44,2.44,2.44,2.44,2.44,2.44,2.44,2.44,2.44,2.44,2.44,2.44,2.44,2.44,2.44,2.44,2.44,2.44,2.44,2.44,2.44,2.44,2.44,2.44,2.44,2.44,2.44,2.44,2.44,2.44,2.44,2.44,2.44,2.44,2.44,2.44,2.44,2.44,2.44,2.44,2.44,2.44,2.44,2.44,2.44,2.44,2.44,2.44,2.44,2.44,2.44,2.44,2.44,2.44,2.44,2.44,2.44,2.44,2.44,2.44,2.44,2.44,2.44,2.44,2.44,2.44,2.44,2.44,2.44,2.44,2.44,2.44,2.44,2.44,2.44,2.44,2.44,2.44,2.44,2.44,2.44,2.44,2.44,2.44,2.44,2.44,2.44,2.44,2.44,2.44,2.44,2.44,2.44,2.44,2.44,2.44,2.44,2.44,2.44,2.44,2.44,2.44,2.44,2.44,2.44,2.44,2.44,2.44,2.44,2.44,2.44,2.44,2.44,2.44,2.44,2.44,2.44,2.44,2.44,2.44,2.44,2.44,2.44,2.44,2.44,2.44,2.44,2.44,2.44
Chetaki,2.425,2.425,2.425,2.425,2.425,2.425,2.425,2.425,2.425,2.425,2.425,2.425,2.425,2.425,2.425,2.425,2.425,2.425,2.425,2.425,2.425,2.425,2.425,2.425,2.425,2.425,2.425,2.425,2.425,2.425,2.425,2.425,2.425,2.425,2.425,2.425,2.425,2.425,2.425,2.425,2.425,2.425,2.425,2.425,2.425,2.425,2.425,2.425,2.425,2.425,2.425,2.425,2.425,2.425,2.425,2.425,2.425,2.425,2.425,2.425,2.425,2.425,2.425,2.425,2.425,2.425,2.425,2.425,2.425,2.425,2.425,2.425,2.425,2.425,2.425,2.425,2.425,2.425,2.425,2.425,2.425,2.425,2.425,2.425,2.425,2.425,2.425,2.425,2.425,2.425,2.425,2.425,2.425,2.425,2.425,2.425,2.425,2.425,2.425,2.425,2.425,2.425,2.425,2.425,2.425,2.425,2.425,2.425,2.425,2.425,2.425,2.425,2.425,2.425,2.425,2.425,2.425,2.425,2.425,2.425,2.425,2.425,2.425,2.425,2.425,2.425,2.425,2.425,2.425,2.425,2.425,2.425,2.425,2.425,2.425,2.425,2.425,2.425,2.425,2.425,2.425,2.425,2.425,2.425,2.425,2.425,2.425,2.425,2.425,2.425,2.425,2.425,2.425,2.425,2.425,2.425,2.425,2.425,2.425,2.425,2.425,2.425,2.425,2.425,2.425,2.425,2.425,2.425,2.425,2.425,2.425,2.425,2.425,2.425,2.425,2.425,2.425,2.425,2.425,2.425,2.425,2.425,2.425,2.425,2.425,2.425,2.425,2.425,2.425,2.425,2.425,2.425,2.425,2.425,2.425,2.425,2.425,2.425,2.425,2.425,2.425,2.425,2.425,2.425,2.425,2.425,2.425,2.425,2.425,2.425,2.425,2.425,2.425,2.425,2.425,2.425,2.425,2.425,2.425,2.425,2.425,2.425,2.425,2.425,2.425,2.425,2.425,2.425,2.425,2.425,2.425,2.425,2.425,2.425,2.425,2.425,2.425,2.425,2.425,2.425,2.425,2.425,2.425,2.425,2.425,2.425,2.425,2.425,2.425,2.425,2.425,2.425,2.425,2.425,2.425,2.425,2.425,2.425,2.425,2.425,2.425,2.425,2.425,2.425,2.425,2.425,2.425,2.425,2.425,2.425,2.425,2.425,2.425,2.425,2.425,2.425,2.425,2.425,2.425,2.425,2.425,2.425,2.425,2.425,2.425,2.425,2.425,2.425,2.425,2.425,2.425
Chetaki,2.372,2.372,2.372,2.372,2.372,2.372,2.372,2.372,2.372,2.372,2.372,2.372,2.372,2.372,2.372,2.372,2.372,2.372,2.372,2.372,2.372,2.372,2.372,2.372,2.372,2.372,2.372,2.372,2.372,2.372,2.372,2.372,2.372,2.372,2.372,2.372,2.372,2.372,2.372,2.372,2.372,2.372,2.372,2.372,2.372,2.372,2.372,2.372,2.372,2.372,2.372,2.372,2.372,2.372,2.372,2.372,2.372,2.372,2.372,2.372,2.372,2.372,2.372,2.372,2.372,2.372,2.372,2.372,2.372,2.372,2.372,2.372,2.372,2.372,2.372,2.372,2.372,2.372,2.372,2.372,2.372,2.372,2.372,2.372,2.372,2.372,2.372,2.372,2.372,2.372,2.372,2.372,2.372,2.372,2.372,2.372,2.372,2.372,2.372,2.372,2.372,2.372,2.372,2.372,2.372,2.372,2.372,2.372,2.372,2.372,2.372,2.372,2.372,2.372,2.372,2.372,2.372,2.372,2.372,2.372,2.372,2.372,2.372,2.372,2.372,2.372,2.372,2.372,2.372,2.372,2.372,2.372,2.372,2.372,2.372,2.372,2.372,2.372,2.372,2.372,2.372,2.372,2.372,2.372,2.372,2.372,2.372,2.372,2.372,2.372,2.372,2.372,2.372,2.372,2.372,2.372,2.372,2.372,2.372,2.372,2.372,2.372,2.372,2.372,2.372,2.372,2.372,2.372,2.372,2.372,2.372,2.372,2.372,2.372,2.372,2.372,2.372,2.372,2.372,2.372,2.372,2.372,2.372,2.372,2.372,2.372,2.372,2.372,2.372,2.372,2.372,2.372,2.372,2.372,2.372,2.372,2.372,2.372,2.372,2.372,2.372,2.372,2.372,2.372,2.372,2.372,2.372,2.372,2.372,2.372,2.372,2.372,2.372,2.372,2.372,2.372,2.372,2.372,2.372,2.372,2.372,2.372,2.372,2.372,2.372,2.372,2.372,2.372,2.372,2.372,2.372,2.372,2.372,2.372,2.372,2.372,2.372,2.372,2.372,2.372,2.372,2.372,2.372,2.372,2.372,2.372,2.372,2.372,2.372,2.372,2.372,2.372,2.372,2.372,2.372,2.372,2.372,2.372,2.372,2.372,2.372,2.372,2.372,2.372,2.372,2.372,2.372,2.372,2.372,2.372,2.372,2.372,2.372,2.372,2.372,2.372,2.372,2.372,2.372,2.372,2.372,2.372,2.372,2.372,2.372,2.372,2.372,2.372,2.372,2.372,2.372
Chetaki,2.375,2.375,2.375,2.375,2.375,2.375,2.375,2.375,2.375,2.375,2.375,2.375,2.375,2.375,2.375,2.375,2.375,2.375,2.375,2.375,2.375,2.375,2.375,2.375,2.375,2.375,2.375,2.375,2.375,2.375,2.375,2.375,2.375,2.375,2.375,2.375,2.375,2.375,2.375,2.375,2.375,2.375,2.375,2.375,2.375,2.375,2.375,2.375,2.375,2.375,2.375,2.375,2.375,2.375,2.375,2.375,2.375,2.375,2.375,2.375,2.375,2.375,2.375,2.375,2.375,2.375,2.375,2.375,2.375,2.375,2.375,2.375,2.375,2.375,2.375,2.375,2.375,2.375,2.375,2.375,2.375,2.375,2.375,2.375,2.375,2.375,2.375,2.375,2.375,2.375,2.375,2.375,2.375,2.375,2.375,2.375,2.375,2.375,2.375,2.375,2.375,2.375,2.375,2.375,2.375,2.375,2.375,2.375,2.375,2.375,2.375,2.375,2.375,2.375,2.375,2.375,2.375,2.375,2.375,2.375,2.375,2.375,2.375,2.375,2.375,2.375,2.375,2.375,2.375,2.375,2.375,2.375,2.375,2.375,2.375,2.375,2.375,2.375,2.375,2.375,2.375,2.375,2.375,2.375,2.375,2.375,2.375,2.375,2.375,2.375,2.375,2.375,2.375,2.375,2.375,2.375,2.375,2.375,2.375,2.375,2.375,2.375,2.375,2.375,2.375,2.375,2.375,2.375,2.375,2.375,2.375,2.375,2.375,2.375,2.375,2.375,2.375,2.375,2.375,2.375,2.375,2.375,2.375,2.375,2.375,2.375,2.375,2.375,2.375,2.375,2.375,2.375,2.375,2.375,2.375,2.375,2.375,2.375,2.375,2.375,2.375,2.375,2.375,2.375,2.375,2.375,2.375,2.375,2.375,2.375,2.375,2.375,2.375,2.375,2.375,2.375,2.375,2.375,2.375,2.375,2.375,2.375,2.375,2.375,2.375,2.375,2.375,2.375,2.375,2.375,2.375,2.375,2.375,2.375,2.375,2.375,2.375,2.375,2.375,2.375,2.375,2.375,2.375,2.375,2.375,2.375,2.375,2.375,2.375,2.375,2.375,2.375,2.375,2.375,2.375,2.375,2.375,2.375,2.375,2.375,2.375,2.375,2.375,2.375,2.375,2.375,2.375,2.375,2.375,2.375,2.375,2.375,2.375,2.375,2.375,2.375,2.375,2.375,2.375,2.375,2.375,2.375,2.375,2.375,2.375,2.375,2.375,2.375,2.375,2.375,2.375
Chetaki,2.491,2.491,2.491,2.491,2.491,2.491,2.491,2.491,2.491,2.491,2.491,2.491,2.491,2.491,2.491,2.491,2.491,2.491,2.491,2.491,2.491,2.491,2.491,2.491,2.491,2.491,2.491,2.491,2.491,2.491,2.491,2.491,2.491,2.491,2.491,2.491,2.491,2.491,2.491,2.491,2.491,2.491,2.491,2.491,2.491,2.491,2.491,2.491,2.491,2.491,2.491,2.491,2.491,2.491,2.491,2.491,2.491,2.491,2.491,2.491,2.491,2.491,2.491,2.491,2.491,2.491,2.491,2.491,2.491,2.491,2.491,2.491,2.491,2.491,2.491,2.491,2.491,2.491,2.491,2.491,2.491,2.491,2.491,2.491,2.491,2.491,2.491,2.491,2.491,2.491,2.491,2.491,2.491,2.491,2.491,2.491,2.491,2.491,2.491,2.491,2.491,2.491,2.491,2.491,2.491,2.491,2.491,2.491,2.491,2.491,2.491,2.491,2.491,2.491,2.491,2.491,2.491,2.491,2.491,2.491,2.491,2.491,2.491,2.491,2.491,2.491,2.491,2.491,2.491,2.491,2.491,2.491,2.491,2.491,2.491,2.491,2.491,2.491,2.491,2.491,2.491,2.491,2.491,2.491,2.491,2.491,2.491,2.491,2.491,2.491,2.491,2.491,2.491,2.491,2.491,2.491,2.491,2.491,2.491,2.491,2.491,2.491,2.491,2.491,2.491,2.491,2.491,2.491,2.491,2.491,2.491,2.491,2.491,2.491,2.491,2.491,2.491,2.491,2.491,2.491,2.491,2.491,2.491,2.491,2.491,2.491,2.491,2.491,2.491,2.491,2.491,2.491,2.491,2.491,2.491,2.491,2.491,2.491,2.491,2.491,2.491,2.491,2.491,2.491,2.491,2.491,2.491,2.491,2.491,2.491,2.491,2.491,2.491,2.491,2.491,2.491,2.491,2.491,2.491,2.491,2.491,2.491,2.491,2.491,2.491,2.491,2.491,2.491,2.491,2.491,2.491,2.491,2.491,2.491,2.491,2.491,2.491,2.491,2.491,2.491,2.491,2.491,2.491,2.491,2.491,2.491,2.491,2.491,2.491,2.491,2.491,2.491,2.491,2.491,2.491,2.491,2.491,2.491,2.491,2.491,2.491,2.491,2.491,2.491,2.491,2.491,2.491,2.491,2.491,2.491,2.491,2.491,2.491,2.491,2.491,2.491,2.491,2.491,2.491,2.491,2.491,2.491,2.491,2.491,2.491,2.491,2.491,2.491,2.491,2.491,2.491
Chetaki,3.543,3.603,3.624,3.602,3.529,3.625,3.518,3.522,3.507,3.636,3.633,3.545,3.581,3.575,3.651,3.632,3.619,3.619,3.608,3.522,3.556,3.611,3.548,3.553,3.516,3.535,3.526,3.546,3.647,3.509,3.544,3.598,3.551,3.521,3.602,3.563,3.559,3.591,3.541,3.512,3.634,3.568,3.56,3.634,3.532,3.629,3.651,3.569,3.574,3.547,3.544,3.576,3.596,3.55,3.544,3.628,3.528,3.509,3.131,3.545,3.62,3.627,3.545,3.597,3.591,3.636,3.611,3.646,3.513,3.531,3.605,3.619,3.508,3.611,3.6,3.624,3.557,3.619,3.602,3.608,3.577,3.621,3.641,3.538,3.526,3.538,3.598,3.628,3.64,3.573,3.569,3.611,3.647,3.589,3.603,3.539,3.561,3.536,3.606,3.528,3.547,3.636,3.544,3.601,3.563,3.651,3.649,3.582,3.633,3.509,3.653,3.538,3.651,3.233,3.156,2.979,2.739,2.823,2.718,2.681,2.578,2.5,2.51,2.432,2.513,2.389,2.396,2.306,2.311,2.211,2.275,2.106,2.1,2.045,2.095,2.009,2.062,1.962,2.012,1.911,1.88,1.919,1.884,1.856,1.843,1.774,1.87,1.815,1.836,1.769,1.755,1.688,1.733,1.74,1.675,1.778,1.759,1.751,1.621,1.67,1.717,1.661,1.585,1.619,1.563,1.657,1.529,1.558,1.58,1.625,1.53,1.565,1.622,1.536,1.589,1.561,1.538,1.47,1.52,1.564,1.421,1.418,1.561,1.466,1.466,1.516,1.513,1.507,1.42,1.501,1.376,1.381,1.357,1.488,1.366,1.43,1.367,1.343,1.461,1.343,1.442,1.436,1.438,1.387,1.437,1.326,1.385,1.39,1.384,1.357,1.393,1.356,1.281,1.278,1.326,1.236,1.325,1.244,1.332,1.32,1.334,1.364,1.263,1.346,1.261,1.23,1.299,1.342,1.213,1.26,1.216,1.217,1.207,1.168,1.235,1.306,1.197,1.255,1.235,1.139,1.228,1.137,1.234,1.275,1.223,1.124,1.246,1.252,1.248,1.183,1.116,1.2,1.198,1.154,1.104,1.147,1.222,1.138,1.232,1.179,1.125,1.077,1.106,1.188,1.189,1.168,1.164,1.144,1.083,1.183,1.124,1.119,1.15,1.098,1.114,1.127,1.079,1.054,1.074,1.142,1.109,1.058,1.096,1.121,1.082,1.056,1.055,1.022,1.046,1.13,0.991
Chetaki,3.647,3.656,3.504,3.588,3.606,3.595,3.516,3.551,3.615,3.649,3.622,3.559,3.623,3.504,3.639,3.593,3.635,3.603,3.558,3.614,3.516,3.56,3.599,3.594,3.519,3.543,3.57,3.599,3.564,3.525,3.522,3.531,3.547,3.58,3.599,3.656,3.624,3.536,3.589,3.616,3.529,3.616,3.594,3.531,3.585,3.634,3.537,3.544,3.565,3.593,3.476,3.505,3.64,3.554,3.638,3.638,3.511,3.465,3.157,3.529,3.568,3.534,3.651,3.615,3.544,3.593,3.527,3.636,3.601,3.639,3.628,3.598,3.54,3.555,3.554,3.521,3.651,3.523,3.546,3.629,3.524,3.581,3.589,3.629,3.611,3.587,3.565,3.606,3.554,3.638,3.521,3.635,3.558,3.596,3.548,3.563,3.523,3.583,3.591,3.574,3.651,3.649,3.519,3.559,3.654,3.578,3.522,3.639,3.653,3.657,3.619,3.514,3.524,3.265,3.118,2.863,2.866,2.786,2.72,2.658,2.599,2.593,2.548,2.558,2.516,2.396,2.371,2.226,2.316,2.161,2.213,2.087,2.136,2.143,1.971,1.969,1.947,2.054,1.929,1.962,1.868,1.885,1.836,1.915,1.8,1.791,1.897,1.835,1.822,1.837,1.795,1.691,1.675,1.778,1.789,1.711,1.662,1.707,1.742,1.707,1.57,1.704,1.564,1.594,1.563,1.679,1.523,1.671,1.659,1.562,1.551,1.602,1.571,1.571,1.484,1.498,1.48,1.484,1.492,1.509,1.417,1.438,1.409,1.404,1.543,1.467,1.438,1.446,1.478,1.363,1.426,1.381,1.371,1.489,1.352,1.418,1.411,1.464,1.333,1.461,1.345,1.305,1.315,1.332,1.436,1.315,1.303,1.3,1.324,1.28,1.376,1.39,1.381,1.27,1.27,1.354,1.311,1.272,1.336,1.349,1.286,1.286,1.24,1.219,1.23,1.308,1.265,1.291,1.261,1.317,1.305,1.179,1.261,1.192,1.196,1.211,1.22,1.258,1.292,1.21,1.248,1.146,1.133,1.168,1.177,1.21,1.198,1.226,1.178,1.161,1.108,1.131,1.225,1.172,1.147,1.145,1.157,1.129,1.202,1.216,1.2,1.124,1.128,1.121,1.098,1.167,1.175,1.18,1.057,1.153,1.076,1.165,1.058,1.135,1.147,1.153,1.13,1.111,1.062,1.1,1.166,1.126,1.11,1.073,1.022,1.104,1.085,1.089,1.048,1.085,1.012
Chetaki,3.56,3.551,3.504,3.538,3.574,3.652,3.501,3.647,3.583,3.613,3.601,3.621,3.63,3.568,3.654,3.581,3.634,3.626,3.645,3.566,3.615,3.608,3.573,3.526,3.512,3.519,3.612,3.566,3.578,3.516,3.646,3.533,3.626,3.632,3.646,3.576,3.644,3.655,3.536,3.656,3.629,3.594,3.591,3.546,3.641,3.654,3.638,3.536,3.527,3.603,3.476,3.599,3.609,3.593,3.604,3.524,3.654,3.405,3.274,3.558,3.614,3.617,3.509,3.517,3.627,3.643,3.619,3.621,3.528,3.636,3.525,3.569,3.531,3.58,3.538,3.629,3.613,3.584,3.614,3.632,3.501,3.588,3.603,3.63,3.616,3.653,3.546,3.569,3.506,3.598,3.563,3.634,3.513,3.578,3.588,3.649,3.636,3.561,3.623,3.507,3.65,3.544,3.522,3.591,3.55,3.557,3.616,3.549,3.611,3.581,3.601,3.646,3.574,3.218,3.094,2.951,2.731,2.84,2.796,2.705,2.617,2.565,2.495,2.436,2.429,2.468,2.274,2.329,2.323,2.261,2.257,2.108,2.142,1.996,2.034,2.053,2.057,1.964,1.905,1.949,1.888,1.936,1.849,1.895,1.882,1.88,1.9,1.847,1.735,1.72,1.74,1.697,1.738,1.772,1.764,1.636,1.737,1.628,1.742,1.599,1.607,1.627,1.554,1.639,1.62,1.624,1.558,1.52,1.527,1.576,1.62,1.505,1.484,1.475,1.476,1.453,1.549,1.484,1.451,1.515,1.45,1.528,1.536,1.423,1.501,1.407,1.465,1.442,1.472,1.384,1.476,1.374,1.366,1.445,1.417,1.384,1.464,1.467,1.349,1.414,1.401,1.452,1.366,1.29,1.402,1.295,1.344,1.294,1.324,1.308,1.376,1.398,1.252,1.361,1.337,1.349,1.305,1.289,1.309,1.336,1.268,1.267,1.263,1.283,1.287,1.351,1.213,1.317,1.256,1.223,1.173,1.304,1.223,1.259,1.181,1.194,1.285,1.289,1.141,1.23,1.249,1.201,1.149,1.152,1.196,1.119,1.143,1.261,1.208,1.222,1.123,1.186,1.199,1.15,1.205,1.225,1.239,1.21,1.136,1.107,1.112,1.161,1.071,1.06,1.107,1.142,1.151,1.141,1.061,1.123,1.079,1.071,1.187,1.097,1.11,1.088,1.032,1.02,1.104,1.155,1.031,1.058,1.118,1.063,1.052,1.136,1.075,1.087,1.058,1.064,1.131
Chetaki,3.613,3.523,3.504,3.573,3.591,3.538,3.564,3.534,3.514,3.534,3.503,3.605,3.655,3.598,3.6,3.549,3.506,3.504,3.506,3.501,3.565,3.557,3.629,3.516,3.624,3.501,3.551,3.611,3.638,3.626,3.576,3.601,3.604,3.56,3.576,3.579,3.618,3.651,3.631,3.608,3.606,3.538,3.625,3.555,3.554,3.561,3.563,3.504,3.548,3.598,3.431,3.595,3.569,3.572,3.606,3.553,3.619,3.524,3.271,3.551,3.528,3.655,3.556,3.651,3.629,3.524,3.636,3.53,3.518,3.551,3.543,3.606,3.6,3.561,3.58,3.516,3.583,3.619,3.629,3.552,3.611,3.609,3.651,3.606,3.574,3.536,3.572,3.543,3.596,3.573,3.593,3.513,3.607,3.636,3.557,3.645,3.648,3.511,3.595,3.629,3.559,3.621,3.524,3.527,3.595,3.656,3.518,3.553,3.627,3.546,3.637,3.519,3.606,3.207,3.227,2.913,2.879,2.891,2.721,2.688,2.609,2.622,2.499,2.469,2.444,2.346,2.346,2.238,2.279,2.195,2.177,2.142,2.169,2.055,1.984,2.054,1.952,2.046,1.956,2.017,1.936,1.882,1.854,1.826,1.885,1.867,1.755,1.775,1.797,1.725,1.712,1.736,1.747,1.735,1.652,1.671,1.748,1.625,1.627,1.607,1.612,1.603,1.704,1.619,1.638,1.676,1.601,1.603,1.606,1.508,1.575,1.562,1.562,1.555,1.49,1.572,1.475,1.459,1.446,1.452,1.439,1.553,1.515,1.532,1.393,1.494,1.451,1.426,1.394,1.507,1.389,1.419,1.498,1.386,1.482,1.474,1.334,1.459,1.341,1.376,1.371,1.372,1.405,1.365,1.308,1.285,1.418,1.409,1.403,1.272,1.313,1.278,1.336,1.313,1.354,1.334,1.341,1.265,1.347,1.284,1.326,1.273,1.233,1.321,1.357,1.343,1.227,1.302,1.218,1.193,1.203,1.211,1.235,1.179,1.256,1.222,1.254,1.212,1.18,1.175,1.186,1.238,1.13,1.197,1.198,1.187,1.267,1.198,1.15,1.248,1.15,1.1,1.121,1.195,1.107,1.096,1.104,1.14,1.15,1.201,1.133,1.185,1.121,1.096,1.19,1.086,1.053,1.104,1.051,1.088,1.088,1.047,1.167,1.137,1.127,1.146,1.156,1.112,1.165,1.092,1.031,1.12,1.098,1.036,1.033,1.069,1.07,0.993,1.014,0.996,1.059
Chetaki,3.502,3.524,3.546,3.589,3.555,3.533,3.529,3.505,3.624,3.633,3.588,3.584,3.526,3.558,3.6,3.636,3.611,3.542,3.571,3.548,3.523,3.567,3.548,3.626,3.566,3.596,3.556,3.557,3.628,3.517,3.506,3.604,3.503,3.582,3.574,3.59,3.65,3.534,3.62,3.629,3.564,3.532,3.614,3.651,3.54,3.529,3.506,3.572,3.506,3.574,3.492,3.521,3.568,3.578,3.538,3.588,3.508,3.431,3.206,3.52,3.607,3.576,3.599,3.589,3.625,3.519,3.575,3.649,3.506,3.631,3.549,3.535,3.64,3.617,3.503,3.633,3.521,3.504,3.579,3.613,3.588,3.504,3.616,3.588,3.618,3.651,3.576,3.537,3.531,3.547,3.644,3.641,3.604,3.527,3.506,3.536,3.573,3.645,3.509,3.588,3.584,3.608,3.607,3.599,3.616,3.528,3.557,3.641,3.61,3.613,3.606,3.596,3.577,3.188,3.103,2.977,2.875,2.855,2.696,2.599,2.636,2.589,2.417,2.484,2.529,2.364,2.331,2.332,2.316,2.172,2.215,2.157,2.128,2.057,1.978,1.973,1.937,1.956,2.024,2.012,1.961,1.879,1.814,1.822,1.897,1.881,1.8,1.805,1.775,1.828,1.731,1.819,1.686,1.732,1.683,1.706,1.614,1.658,1.63,1.637,1.643,1.598,1.659,1.661,1.69,1.628,1.589,1.518,1.619,1.533,1.556,1.553,1.502,1.525,1.528,1.578,1.578,1.539,1.466,1.452,1.442,1.554,1.528,1.538,1.468,1.399,1.424,1.432,1.386,1.411,1.446,1.473,1.414,1.379,1.486,1.437,1.408,1.347,1.398,1.325,1.379,1.38,1.385,1.321,1.392,1.285,1.388,1.275,1.286,1.4,1.4,1.377,1.307,1.334,1.36,1.283,1.248,1.371,1.264,1.332,1.244,1.302,1.355,1.228,1.291,1.304,1.22,1.228,1.214,1.207,1.223,1.289,1.237,1.215,1.159,1.225,1.228,1.158,1.213,1.173,1.245,1.188,1.264,1.209,1.12,1.127,1.131,1.183,1.128,1.221,1.205,1.239,1.232,1.212,1.144,1.225,1.174,1.217,1.194,1.106,1.21,1.215,1.146,1.207,1.113,1.065,1.147,1.114,1.152,1.198,1.117,1.167,1.079,1.18,1.105,1.07,1.093,1.039,1.096,1.037,1.126,1.052,1.126,1.053,1.106,1.006,1.105,1.045,1.109,1.039,1.006
Chetaki,2.38,3.504,3.475,2.693,3.256,3.539,3.285,3.406,3.355,3.392,3.409,3.585,3.578,3.593,3.511,3.598,3.501,3.417,3.536,3.57,3.579,3.564,3.598,3.498,3.571,3.545,3.575,3.519,3.574,3.45,3.545,3.472,3.442,3.347,3.4,3.344,3.617,3.618,3.631,3.577,3.461,3.209,3.62,3.621,3.589,3.635,3.387,3.634,3.519,3.608,3.514,3.548,3.05,3.389,3.361,3.558,3.529,3.446,3.523,3.455,3.189,3.35,3.596,3.251,3.367,3.359,3.186,3.527,3.615,3.588,3.116,3.276,3.123,3.361,3.265,2.901,3.527,3.432,3.387,3.353,3.338,3.38,3.262,3.61,3.638,3.613,3.539,3.595,3.355,3.109,3.418,3.599,3.482,3.584,3.541,3.584,3.593,3.469,3.615,3.571,3.546,3.623,3.619,3.522,3.538,3.528,3.458,3.499,3.456,3.615,3.562,3.596,3.575,3.479,3.433,3.427,3.21,3.266,3.258,3.194,3.285,2.997,2.974,2.997,2.927,3.005,2.777,2.782,2.714,2.764,2.813,2.726,2.732,2.669,2.681,2.667,2.583,2.594,2.544,2.524,2.526,2.62,2.51,2.551,2.394,2.546,2.535,2.433,2.441,2.375,2.469,2.429,2.392,2.391,2.42,2.425,2.408,2.405,2.421,2.387,2.284,2.331,2.307,2.299,2.219,2.295,2.369,2.36,2.334,2.22,2.249,2.256,2.241,2.274,2.335,2.21,2.18,2.289,2.218,2.267,2.222,2.279,2.29,2.3,2.252,2.229,2.124,2.163,2.122,2.108,2.202,2.087,2.185,2.187,2.087,2.161,2.118,2.173,2.065,2.167,2.144,2.129,2.087,2.056,2.081,2.071,2.11,2.107,2.164,2.138,2.118,2.007,2.113,2.032,2.042,2.002,2.022,2.109,2.13,2.078,2.048,2.031,2.033,2.036,2.053,2.035,1.975,1.956,2.095,2.071,1.964,2.001,1.939,2.067,1.994,2.06,1.928,2.014,1.987,1.957,1.941,1.94,2.053,2.054,1.983,1.928,2.029,1.934,1.992,2.017,1.939,1.972,1.88,1.931,1.886,1.922,1.991,1.916,1.984,1.923,1.966,1.924,1.913,1.884,1.88,1.909,1.936,1.903,1.923,1.868,1.96,1.882,1.936,1.858,1.852,1.85,1.956,1.843,1.848,1.851,1.959,1.936,1.844,1.915,1.802,1.841,1.948,1.908,1.822,1.899,1.882
Chetaki,2.462,3.625,3.512,2.675,3.208,3.536,3.201,3.498,3.31,3.431,3.41,3.496,3.604,3.529,3.535,3.528,3.602,3.447,3.629,3.61,3.506,3.569,3.539,3.528,3.637,3.54,3.468,3.576,3.574,3.402,3.425,3.468,3.571,3.472,3.386,3.41,3.591,3.507,3.525,3.629,3.412,3.239,3.533,3.546,3.515,3.529,3.497,3.528,3.538,3.618,3.508,3.571,3.068,3.401,3.354,3.573,3.508,3.428,3.501,3.425,3.234,3.222,3.569,3.193,3.356,3.383,3.096,3.567,3.572,3.509,3.118,3.19,3.175,3.446,3.38,2.982,3.562,3.37,3.438,3.312,3.287,3.421,3.342,3.628,3.581,3.589,3.53,3.506,3.338,3.073,3.384,3.533,3.474,3.502,3.531,3.614,3.581,3.548,3.551,3.56,3.635,3.505,3.568,3.552,3.615,3.579,3.49,3.477,3.516,3.61,3.518,3.612,3.634,3.474,3.47,3.387,3.153,3.329,3.303,3.276,3.312,3.07,2.953,3.037,2.813,2.994,2.811,2.809,2.745,2.721,2.822,2.847,2.773,2.686,2.743,2.676,2.698,2.609,2.53,2.563,2.535,2.571,2.571,2.495,2.424,2.526,2.523,2.493,2.496,2.494,2.431,2.361,2.396,2.337,2.4,2.397,2.425,2.292,2.422,2.388,2.368,2.317,2.354,2.393,2.256,2.243,2.319,2.273,2.286,2.266,2.216,2.293,2.328,2.312,2.22,2.206,2.221,2.286,2.186,2.194,2.235,2.197,2.175,2.31,2.244,2.238,2.171,2.138,2.16,2.141,2.121,2.122,2.107,2.19,2.138,2.086,2.212,2.121,2.116,2.076,2.068,2.127,2.134,2.083,2.066,2.11,2.099,2.028,2.063,2.12,2.084,2.07,2.02,2.049,2.057,2.129,2.031,2.028,2.098,2.108,2.037,2.063,2.09,2.097,2.001,2.067,2.107,1.972,1.995,2.085,1.997,2.01,1.977,2.015,2.007,2.031,2.038,1.98,1.95,1.98,2.035,1.925,2.025,1.966,1.941,1.948,2.018,1.966,1.925,1.921,1.994,1.985,1.972,1.892,1.928,1.961,1.953,1.907,1.911,1.945,1.993,1.894,1.937,1.86,1.857,1.916,1.869,1.87,1.923,1.871,1.838,1.923,1.838,1.855,1.968,1.949,1.829,1.917,1.888,1.866,1.951,1.814,1.934,1.818,1.87,1.926,1.819,1.906,1.861,1.801,1.877
Chetaki,2.401,3.607,3.5,2.651,3.193,3.567,3.209,3.5,3.376,3.526,3.454,3.57,3.598,3.586,3.609,3.503,3.571,3.412,3.571,3.609,3.565,3.588,3.514,3.53,3.563,3.443,3.565,3.554,3.578,3.389,3.545,3.494,3.523,3.348,3.459,3.339,3.518,3.524,3.501,3.599,3.368,3.277,3.562,3.519,3.609,3.511,3.403,3.543,3.598,3.551,3.564,3.574,3.119,3.427,3.354,3.59,3.629,3.522,3.518,3.45,3.253,3.256,3.574,3.238,3.363,3.328,3.128,3.507,3.541,3.634,3.172,3.23,3.204,3.443,3.273,2.963,3.509,3.35,3.443,3.375,3.296,3.384,3.267,3.539,3.584,3.633,3.503,3.543,3.321,3.153,3.435,3.634,3.443,3.564,3.62,3.541,3.529,3.546,3.519,3.516,3.558,3.631,3.511,3.59,3.609,3.568,3.401,3.479,3.446,3.626,3.638,3.543,3.622,3.479,3.472,3.407,3.16,3.221,3.305,3.174,3.334,3.051,3.053,3.032,2.864,2.953,2.854,2.85,2.71,2.806,2.76,2.845,2.71,2.615,2.63,2.637,2.645,2.555,2.608,2.512,2.531,2.613,2.474,2.491,2.416,2.459,2.54,2.511,2.393,2.462,2.481,2.397,2.371,2.417,2.429,2.419,2.334,2.373,2.323,2.328,2.315,2.326,2.284,2.257,2.278,2.24,2.29,2.402,2.315,2.33,2.306,2.208,2.358,2.236,2.316,2.242,2.271,2.267,2.204,2.277,2.197,2.168,2.162,2.216,2.263,2.157,2.237,2.14,2.215,2.208,2.144,2.11,2.154,2.222,2.164,2.208,2.229,2.133,2.18,2.133,2.193,2.149,2.117,2.108,2.183,2.153,2.03,2.097,2.14,2.051,2.023,2.106,2.125,2.142,2.038,2.043,2.131,2.046,2.021,2.067,2.003,2.003,2.082,2.054,1.99,2.077,1.993,1.95,2.081,2.042,2.02,2.038,1.941,2.07,1.961,2.009,1.928,1.969,2.047,2.028,2.061,1.976,2.032,1.945,1.977,1.973,1.989,1.93,2.014,1.98,1.952,1.977,2.011,1.901,1.912,2.012,1.92,1.913,1.964,1.893,1.872,1.961,1.893,1.968,1.87,1.968,1.878,1.913,1.956,1.939,1.899,1.963,1.949,1.863,1.972,1.909,1.839,1.93,1.92,1.917,1.95,1.815,1.886,1.889,1.897,1.889,1.894,1.793,1.807,1.924,1.839
Chetaki,2.414,3.579,3.53,2.727,3.274,3.604,3.169,3.441,3.388,3.402,3.479,3.532,3.618,3.618,3.616,3.558,3.503,3.381,3.515,3.531,3.621,3.574,3.578,3.597,3.629,3.551,3.491,3.513,3.554,3.477,3.541,3.39,3.512,3.448,3.397,3.406,3.527,3.608,3.528,3.561,3.35,3.199,3.617,3.562,3.57,3.586,3.476,3.501,3.572,3.563,3.571,3.515,3.175,3.358,3.362,3.53,3.511,3.468,3.522,3.432,3.248,3.32,3.638,3.238,3.347,3.316,3.109,3.535,3.637,3.503,3.098,3.26,3.143,3.413,3.337,2.888,3.514,3.386,3.357,3.445,3.269,3.418,3.332,3.617,3.634,3.591,3.521,3.555,3.35,3.083,3.432,3.504,3.462,3.537,3.535,3.503,3.564,3.545,3.515,3.591,3.583,3.586,3.545,3.574,3.603,3.599,3.477,3.445,3.447,3.589,3.606,3.5,3.576,3.511,3.407,3.437,3.106,3.209,3.296,3.199,3.275,2.965,2.994,3.052,2.82,3.063,2.812,2.744,2.698,2.839,2.792,2.726,2.789,2.681,2.676,2.581,2.671,2.583,2.515,2.565,2.598,2.626,2.547,2.549,2.512,2.506,2.476,2.458,2.409,2.387,2.431,2.411,2.376,2.402,2.387,2.447,2.415,2.398,2.369,2.321,2.283,2.404,2.384,2.344,2.232,2.353,2.276,2.313,2.376,2.263,2.251,2.244,2.249,2.246,2.288,2.27,2.26,2.234,2.241,2.172,2.246,2.233,2.244,2.229,2.243,2.182,2.231,2.143,2.129,2.214,2.173,2.208,2.167,2.205,2.172,2.193,2.156,2.104,2.118,2.159,2.16,2.076,2.146,2.051,2.125,2.067,2.013,2.097,2.1,2.075,2.035,2.02,2.043,2.097,2.127,2.097,2.071,2.002,2.037,2.012,2.053,2.028,2.007,2.109,2.069,2.11,2.098,1.987,2.006,2.021,2.083,2.048,1.993,1.959,2.017,1.999,1.916,1.923,2.027,2.016,1.957,1.986,2.042,1.949,2.003,2.018,2.013,1.979,1.971,1.902,2.029,1.978,1.934,1.906,1.886,1.931,2.003,1.997,1.863,1.874,1.888,1.926,1.964,1.96,1.952,1.903,1.908,1.947,1.947,1.857,1.957,1.871,1.844,1.895,1.942,1.867,1.892,1.88,1.867,1.885,1.869,1.845,1.871,1.889,1.915,1.901,1.938,1.882,1.803,1.853,1.917
Chetaki,2.472,3.536,3.46,2.661,3.153,3.604,3.278,3.451,3.34,3.402,3.421,3.548,3.555,3.571,3.546,3.62,3.554,3.359,3.564,3.583,3.58,3.51,3.627,3.539,3.571,3.535,3.456,3.55,3.506,3.444,3.543,3.455,3.476,3.449,3.362,3.348,3.586,3.579,3.589,3.581,3.367,3.219,3.557,3.518,3.515,3.508,3.43,3.539,3.584,3.556,3.631,3.563,3.071,3.457,3.454,3.529,3.516,3.422,3.554,3.436,3.164,3.23,3.513,3.305,3.351,3.374,3.177,3.508,3.579,3.583,3.153,3.28,3.232,3.406,3.335,2.91,3.619,3.375,3.441,3.395,3.325,3.351,3.38,3.633,3.527,3.528,3.547,3.557,3.367,3.095,3.372,3.584,3.416,3.571,3.558,3.511,3.537,3.453,3.629,3.528,3.506,3.571,3.563,3.581,3.623,3.509,3.481,3.44,3.519,3.589,3.553,3.614,3.626,3.489,3.38,3.444,3.116,3.259,3.322,3.256,3.241,3.039,3.021,2.996,2.922,3.025,2.776,2.784,2.685,2.738,2.787,2.806,2.706,2.723,2.699,2.658,2.636,2.607,2.589,2.514,2.621,2.541,2.586,2.526,2.431,2.495,2.429,2.523,2.422,2.491,2.357,2.36,2.337,2.407,2.364,2.345,2.331,2.329,2.304,2.401,2.385,2.411,2.324,2.346,2.277,2.337,2.294,2.38,2.301,2.332,2.308,2.206,2.279,2.321,2.202,2.252,2.234,2.209,2.22,2.174,2.263,2.294,2.289,2.24,2.154,2.22,2.169,2.208,2.17,2.204,2.159,2.141,2.177,2.14,2.194,2.103,2.096,2.176,2.18,2.062,2.065,2.081,2.101,2.095,2.046,2.107,2.032,2.087,2.068,2.058,2.104,2.069,2.095,2.055,2.093,2.03,2.027,2.001,2.135,2.006,2.04,1.993,2.051,2.031,1.998,2.053,1.997,2.017,2.063,2.012,2.054,2.025,1.993,2.039,2.011,2.056,2.05,2.008,1.933,1.928,2.022,1.977,2.03,2.011,1.962,2,1.966,2,1.927,2.006,1.917,1.978,1.96,1.99,1.998,1.947,1.944,1.922,1.896,1.953,1.884,1.866,1.93,1.86,1.918,1.914,1.902,1.892,1.86,1.84,1.923,1.897,1.889,1.903,1.925,1.909,1.921,1.827,1.857,1.82,1.888,1.81,1.904,1.82,1.863,1.909,1.917,1.882,1.915,1.847,1.817
Chetaki,2.772,3.504,3.505,3.186,3.619,3.539,3.344,3.352,3.603,3.504,3.435,3.606,3.578,3.593,3.528,3.507,3.501,3.419,3.536,3.57,3.579,3.498,3.598,3.526,3.571,3.537,3.591,3.519,3.574,3.567,3.476,3.441,3.509,3.512,3.441,3.5,3.617,3.618,3.631,3.577,3.619,3.521,3.62,3.621,3.589,3.635,3.526,3.634,3.519,3.608,3.514,3.548,3.33,3.363,3.536,3.558,3.529,3.546,3.523,3.55,3.294,3.638,3.561,3.567,3.536,3.472,3.593,3.527,3.489,3.588,3.461,3.418,3.516,3.553,3.248,3.028,3.527,3.535,3.537,3.455,3.495,3.451,3.503,3.61,3.638,3.613,3.55,3.595,3.05,3.274,3.591,3.589,3.594,3.548,3.541,3.584,3.482,3.537,3.615,3.571,3.546,3.623,3.619,3.5,3.538,3.275,3.306,3.229,3.159,3.25,3.098,3.169,3.067,3.05,3.003,2.989,2.934,2.919,2.857,2.858,2.863,2.828,2.815,2.805,2.856,2.774,2.664,2.732,2.653,2.555,2.725,2.501,2.622,2.48,2.483,2.408,2.295,2.33,2.25,2.206,2.179,2.303,2.164,2.237,2.08,2.165,2.155,2.031,2.057,1.996,2.09,2.059,1.986,1.987,2.021,1.995,1.97,1.999,1.994,1.956,1.848,1.885,1.876,1.852,1.792,1.853,1.891,1.885,1.872,1.771,1.798,1.804,1.762,1.805,1.869,1.754,1.717,1.816,1.765,1.816,1.768,1.812,1.811,1.798,1.775,1.771,1.678,1.694,1.662,1.66,1.758,1.65,1.75,1.733,1.645,1.711,1.658,1.725,1.617,1.723,1.706,1.678,1.627,1.612,1.642,1.617,1.681,1.667,1.711,1.703,1.684,1.579,1.68,1.587,1.599,1.574,1.589,1.677,1.685,1.642,1.623,1.61,1.597,1.611,1.639,1.608,1.549,1.547,1.679,1.652,1.54,1.586,1.54,1.661,1.586,1.651,1.538,1.619,1.589,1.556,1.54,1.538,1.647,1.645,1.585,1.549,1.637,1.543,1.612,1.639,1.537,1.588,1.506,1.545,1.495,1.529,1.602,1.545,1.62,1.568,1.592,1.553,1.562,1.514,1.514,1.55,1.593,1.545,1.559,1.518,1.615,1.527,1.587,1.509,1.495,1.488,1.604,1.497,1.515,1.514,1.608,1.605,1.495,1.573,1.466,1.506,1.602,1.578,1.502,1.571,1.55
Chetaki,2.854,3.625,3.542,3.168,3.571,3.536,3.26,3.444,3.558,3.543,3.436,3.517,3.604,3.529,3.552,3.437,3.602,3.449,3.629,3.61,3.506,3.503,3.539,3.556,3.637,3.532,3.484,3.576,3.574,3.519,3.356,3.437,3.638,3.637,3.427,3.566,3.591,3.507,3.525,3.629,3.57,3.551,3.533,3.546,3.515,3.529,3.636,3.528,3.538,3.618,3.508,3.571,3.348,3.375,3.529,3.573,3.508,3.528,3.501,3.52,3.339,3.51,3.534,3.509,3.525,3.496,3.503,3.567,3.446,3.509,3.463,3.332,3.568,3.638,3.363,3.109,3.562,3.473,3.588,3.414,3.444,3.492,3.583,3.628,3.581,3.589,3.541,3.506,3.033,3.238,3.557,3.523,3.586,3.466,3.531,3.614,3.47,3.616,3.551,3.56,3.635,3.505,3.568,3.53,3.615,3.326,3.338,3.207,3.219,3.245,3.054,3.185,3.126,3.045,3.04,2.949,2.877,2.982,2.902,2.94,2.89,2.901,2.794,2.845,2.742,2.763,2.698,2.759,2.684,2.512,2.734,2.622,2.663,2.497,2.545,2.417,2.41,2.345,2.236,2.245,2.188,2.254,2.225,2.181,2.11,2.145,2.143,2.091,2.112,2.115,2.052,1.991,1.99,1.933,2.001,1.967,1.987,1.886,1.995,1.957,1.932,1.871,1.923,1.946,1.829,1.801,1.841,1.798,1.824,1.817,1.765,1.841,1.849,1.843,1.754,1.75,1.758,1.813,1.733,1.743,1.781,1.73,1.696,1.808,1.767,1.78,1.725,1.669,1.7,1.693,1.677,1.685,1.672,1.736,1.696,1.636,1.752,1.673,1.668,1.632,1.63,1.676,1.674,1.639,1.627,1.656,1.67,1.588,1.61,1.685,1.65,1.642,1.587,1.604,1.614,1.701,1.598,1.596,1.653,1.672,1.612,1.642,1.654,1.672,1.587,1.64,1.681,1.563,1.579,1.666,1.573,1.595,1.578,1.609,1.599,1.622,1.648,1.585,1.552,1.579,1.634,1.523,1.619,1.557,1.543,1.569,1.626,1.575,1.545,1.543,1.592,1.601,1.598,1.506,1.537,1.568,1.564,1.536,1.547,1.59,1.619,1.523,1.586,1.49,1.491,1.557,1.526,1.512,1.559,1.521,1.493,1.568,1.489,1.506,1.611,1.587,1.477,1.571,1.555,1.529,1.6,1.483,1.585,1.476,1.534,1.591,1.473,1.576,1.541,1.473,1.545
Chetaki,2.793,3.607,3.53,3.144,3.556,3.567,3.268,3.446,3.624,3.638,3.48,3.591,3.598,3.586,3.626,3.412,3.571,3.414,3.571,3.609,3.565,3.522,3.514,3.558,3.563,3.435,3.581,3.554,3.578,3.506,3.476,3.463,3.59,3.513,3.5,3.495,3.518,3.524,3.501,3.599,3.526,3.589,3.562,3.519,3.609,3.511,3.542,3.543,3.598,3.551,3.564,3.574,3.399,3.401,3.529,3.59,3.629,3.622,3.518,3.545,3.358,3.544,3.539,3.554,3.532,3.441,3.535,3.507,3.415,3.634,3.517,3.372,3.597,3.635,3.256,3.09,3.509,3.453,3.593,3.477,3.453,3.455,3.508,3.539,3.584,3.633,3.514,3.543,3.016,3.318,3.608,3.624,3.555,3.528,3.62,3.541,3.418,3.614,3.519,3.516,3.558,3.631,3.511,3.568,3.609,3.315,3.249,3.209,3.149,3.261,3.174,3.116,3.114,3.05,3.042,2.969,2.884,2.874,2.904,2.838,2.912,2.882,2.894,2.84,2.793,2.722,2.741,2.8,2.649,2.597,2.672,2.62,2.6,2.426,2.432,2.378,2.357,2.291,2.314,2.194,2.184,2.296,2.128,2.177,2.102,2.078,2.16,2.109,2.009,2.083,2.102,2.027,1.965,2.013,2.03,1.989,1.896,1.967,1.896,1.897,1.879,1.88,1.853,1.81,1.851,1.798,1.812,1.927,1.853,1.881,1.855,1.756,1.879,1.767,1.85,1.786,1.808,1.794,1.751,1.826,1.743,1.701,1.683,1.714,1.786,1.699,1.791,1.671,1.755,1.76,1.7,1.673,1.719,1.768,1.722,1.758,1.769,1.685,1.732,1.689,1.755,1.698,1.657,1.664,1.744,1.699,1.601,1.657,1.687,1.616,1.589,1.678,1.692,1.697,1.595,1.615,1.698,1.614,1.576,1.631,1.578,1.582,1.646,1.629,1.576,1.65,1.567,1.541,1.665,1.623,1.596,1.623,1.542,1.664,1.553,1.6,1.538,1.574,1.649,1.627,1.66,1.574,1.626,1.536,1.579,1.594,1.597,1.539,1.634,1.602,1.55,1.593,1.637,1.515,1.521,1.619,1.531,1.542,1.6,1.538,1.498,1.59,1.542,1.598,1.504,1.609,1.535,1.555,1.592,1.589,1.554,1.608,1.6,1.514,1.615,1.547,1.487,1.584,1.587,1.58,1.599,1.484,1.537,1.547,1.561,1.554,1.548,1.463,1.487,1.596,1.507
Chetaki,2.806,3.579,3.56,3.22,3.637,3.604,3.228,3.387,3.636,3.514,3.505,3.553,3.618,3.618,3.633,3.467,3.503,3.383,3.515,3.531,3.621,3.508,3.578,3.625,3.629,3.543,3.507,3.513,3.554,3.594,3.472,3.359,3.579,3.613,3.438,3.562,3.527,3.608,3.528,3.561,3.508,3.511,3.617,3.562,3.57,3.586,3.615,3.501,3.572,3.563,3.571,3.515,3.455,3.332,3.537,3.53,3.511,3.568,3.522,3.527,3.353,3.608,3.603,3.554,3.516,3.429,3.516,3.535,3.511,3.503,3.443,3.402,3.536,3.605,3.32,3.015,3.514,3.489,3.507,3.547,3.426,3.489,3.573,3.617,3.634,3.591,3.532,3.555,3.045,3.248,3.605,3.494,3.574,3.501,3.535,3.503,3.453,3.613,3.515,3.591,3.583,3.586,3.545,3.552,3.603,3.346,3.325,3.175,3.15,3.224,3.142,3.073,3.068,3.082,2.977,2.999,2.83,2.862,2.895,2.863,2.853,2.796,2.835,2.86,2.749,2.832,2.699,2.694,2.637,2.63,2.704,2.501,2.679,2.492,2.478,2.322,2.383,2.319,2.221,2.247,2.251,2.309,2.201,2.235,2.198,2.125,2.096,2.056,2.025,2.008,2.052,2.041,1.97,1.998,1.988,2.017,1.977,1.992,1.942,1.89,1.847,1.958,1.953,1.897,1.805,1.911,1.798,1.838,1.914,1.814,1.8,1.792,1.77,1.777,1.822,1.814,1.797,1.761,1.788,1.721,1.792,1.766,1.765,1.727,1.766,1.724,1.785,1.674,1.669,1.766,1.729,1.771,1.732,1.751,1.73,1.743,1.696,1.656,1.67,1.715,1.722,1.625,1.686,1.607,1.686,1.613,1.584,1.657,1.647,1.64,1.601,1.592,1.61,1.652,1.684,1.669,1.638,1.57,1.592,1.576,1.628,1.607,1.571,1.684,1.655,1.683,1.672,1.578,1.59,1.602,1.659,1.633,1.594,1.553,1.609,1.59,1.526,1.528,1.629,1.615,1.556,1.584,1.636,1.54,1.605,1.639,1.621,1.588,1.591,1.524,1.627,1.594,1.56,1.52,1.495,1.538,1.614,1.626,1.499,1.519,1.514,1.555,1.613,1.59,1.586,1.544,1.565,1.589,1.583,1.507,1.612,1.516,1.495,1.546,1.585,1.505,1.54,1.534,1.534,1.548,1.518,1.514,1.522,1.547,1.579,1.566,1.592,1.552,1.483,1.525,1.585
Chetaki,2.864,3.536,3.49,3.154,3.516,3.604,3.337,3.397,3.588,3.514,3.447,3.569,3.555,3.571,3.563,3.529,3.554,3.361,3.564,3.583,3.58,3.444,3.627,3.567,3.571,3.527,3.472,3.55,3.506,3.561,3.474,3.424,3.543,3.614,3.403,3.504,3.586,3.579,3.589,3.581,3.525,3.531,3.557,3.518,3.515,3.508,3.569,3.539,3.584,3.556,3.631,3.563,3.351,3.431,3.629,3.529,3.516,3.522,3.554,3.531,3.269,3.518,3.478,3.621,3.52,3.487,3.584,3.508,3.453,3.583,3.498,3.422,3.625,3.598,3.318,3.037,3.619,3.478,3.591,3.497,3.482,3.422,3.621,3.633,3.527,3.528,3.558,3.557,3.062,3.26,3.545,3.574,3.528,3.535,3.558,3.511,3.426,3.521,3.629,3.528,3.506,3.571,3.563,3.559,3.623,3.256,3.329,3.17,3.222,3.224,3.089,3.187,3.118,3.06,2.95,3.006,2.84,2.912,2.921,2.92,2.819,2.87,2.862,2.804,2.851,2.794,2.663,2.734,2.624,2.529,2.699,2.581,2.596,2.534,2.501,2.399,2.348,2.343,2.295,2.196,2.274,2.224,2.24,2.212,2.117,2.114,2.049,2.121,2.038,2.112,1.978,1.99,1.931,2.003,1.965,1.915,1.893,1.923,1.877,1.97,1.949,1.965,1.893,1.899,1.85,1.895,1.816,1.905,1.839,1.883,1.857,1.754,1.8,1.852,1.736,1.796,1.771,1.736,1.767,1.723,1.809,1.827,1.81,1.738,1.677,1.762,1.723,1.739,1.71,1.756,1.715,1.704,1.742,1.686,1.752,1.653,1.636,1.728,1.732,1.618,1.627,1.63,1.641,1.651,1.607,1.653,1.603,1.647,1.615,1.623,1.67,1.641,1.662,1.61,1.65,1.602,1.594,1.569,1.69,1.57,1.615,1.572,1.615,1.606,1.584,1.626,1.571,1.608,1.647,1.593,1.63,1.61,1.594,1.633,1.603,1.647,1.66,1.613,1.535,1.527,1.621,1.575,1.624,1.602,1.564,1.621,1.574,1.609,1.547,1.628,1.515,1.594,1.586,1.604,1.607,1.554,1.555,1.551,1.532,1.598,1.51,1.495,1.579,1.49,1.552,1.555,1.559,1.534,1.496,1.49,1.578,1.542,1.54,1.554,1.568,1.547,1.569,1.481,1.524,1.483,1.537,1.479,1.555,1.478,1.527,1.574,1.571,1.552,1.595,1.519,1.485
Putana,2.341,2.775,3.563,3.622,3.621,3.632,3.555,3.577,3.559,3.513,3.559,3.58,3.541,3.216,3.396,3.483,3.513,3.521,3.442,3.512,3.582,3.526,3.63,3.613,3.586,3.568,3.579,3.529,3.59,3.593,3.521,3.627,3.385,3.629,3.584,3.509,3.613,3.566,3.621,3.575,3.591,3.54,3.521,3.561,3.549,3.327,3.007,3.517,3.548,3.613,3.544,3.597,3.21,3.593,3.504,3.633,3.044,3.116,2.903,3.469,3.514,3.564,3.512,3.624,3.52,3.638,3.466,3.571,3.538,3.529,3.606,3.596,3.636,3.525,3.438,3.52,3.601,3.588,3.593,3.506,3.083,3.544,3.318,3.615,3.514,3.611,3.51,3.609,3.468,3.018,3.638,3.466,3.354,3.07,2.738,2.982,2.745,2.366,2.091,1.836,1.69,1.506,1.28,1.124,1.027,0.975,0.943,0.858,0.771,0.713,0.771,0.662,0.722,0.634,0.572,0.555,0.505,0.565,0.565,0.501,0.46,0.487,0.425,0.496,0.481,0.451,0.39,0.381,0.398,0.409,0.372,0.355,0.295,0.295,0.289,0.37,0.341,0.309,0.283,0.386,0.32,0.265,0.305,0.329,0.326,0.324,0.297,0.252,0.289,0.332,0.261,0.32,0.257,0.205,0.307,0.254,0.276,0.324,0.228,0.28,0.194,0.186,0.253,0.274,0.193,0.195,0.265,0.174,0.281,0.246,0.205,0.295,0.263,0.293,0.295,0.252,0.269,0.154,0.21,0.183,0.201,0.22,0.191,0.195,0.151,0.218,0.156,0.245,0.147,0.215,0.159,0.14,0.148,0.162,0.206,0.141,0.208,0.261,0.142,0.209,0.211,0.244,0.25,0.156,0.182,0.126,0.204,0.127,0.187,0.173,0.218,0.166,0.181,0.193,0.175,0.182,0.206,0.206,0.24,0.208,0.149,0.216,0.131,0.212,0.144,0.202,0.153,0.14,0.181,0.151,0.106,0.208,0.107,0.194,0.136,0.137,0.115,0.215,0.129,0.207,0.123,0.188,0.216,0.218,0.119,0.224,0.103,0.194,0.105,0.173,0.221,0.155,0.182,0.163,0.217,0.197,0.109,0.113,0.093,0.153,0.158,0.195,0.177,0.127,0.147,0.178,0.213,0.199,0.165,0.16,0.105,0.091,0.163,0.144,0.206,0.155,0.133,0.089,0.108,0.222,0.147,0.2,0.169,0.18,0.185,0.178,0.216,0.18,0.21,0.106,0.109
Putana,2.258,2.836,3.508,3.631,3.586,3.552,3.538,3.596,3.511,3.579,3.525,3.521,3.538,3.153,3.358,3.422,3.518,3.574,3.401,3.561,3.631,3.611,3.537,3.57,3.617,3.628,3.595,3.622,3.572,3.515,3.591,3.634,3.263,3.628,3.551,3.595,3.632,3.577,3.586,3.524,3.529,3.588,3.506,3.6,3.621,3.325,2.97,3.559,3.546,3.504,3.514,3.556,3.206,3.576,3.622,3.524,3.059,3.095,2.917,3.475,3.543,3.517,3.596,3.551,3.518,3.549,3.466,3.546,3.584,3.557,3.599,3.578,3.63,3.544,3.431,3.638,3.614,3.613,3.62,3.626,3.026,3.609,3.409,3.591,3.531,3.604,3.52,3.623,3.502,3,3.587,3.543,3.378,3.038,2.847,2.924,2.86,2.466,2.107,1.839,1.675,1.504,1.269,1.112,1.077,1.033,0.904,0.921,0.825,0.73,0.733,0.664,0.732,0.639,0.57,0.589,0.603,0.535,0.58,0.496,0.483,0.53,0.457,0.438,0.399,0.443,0.398,0.465,0.351,0.328,0.433,0.405,0.292,0.385,0.393,0.32,0.4,0.288,0.317,0.276,0.293,0.286,0.267,0.308,0.359,0.234,0.275,0.295,0.226,0.298,0.228,0.29,0.255,0.276,0.263,0.31,0.256,0.197,0.242,0.294,0.227,0.218,0.229,0.244,0.279,0.251,0.241,0.213,0.292,0.283,0.267,0.292,0.165,0.263,0.176,0.244,0.237,0.183,0.282,0.161,0.199,0.205,0.233,0.205,0.246,0.23,0.157,0.166,0.183,0.173,0.201,0.162,0.23,0.142,0.167,0.234,0.237,0.267,0.133,0.151,0.161,0.153,0.205,0.225,0.137,0.169,0.199,0.156,0.176,0.121,0.207,0.221,0.225,0.185,0.134,0.216,0.116,0.238,0.143,0.173,0.139,0.11,0.243,0.219,0.131,0.144,0.191,0.129,0.107,0.226,0.151,0.227,0.229,0.215,0.18,0.114,0.134,0.217,0.16,0.213,0.188,0.156,0.113,0.218,0.197,0.13,0.172,0.145,0.093,0.115,0.109,0.124,0.174,0.114,0.164,0.134,0.222,0.192,0.163,0.117,0.178,0.109,0.158,0.159,0.201,0.097,0.154,0.152,0.226,0.104,0.121,0.138,0.107,0.113,0.135,0.117,0.204,0.137,0.098,0.109,0.21,0.111,0.165,0.109,0.108,0.126,0.187,0.102,0.126,0.118,0.151
Putana,2.289,2.805,3.588,3.634,3.599,3.563,3.524,3.538,3.537,3.588,3.502,3.609,3.548,3.213,3.447,3.51,3.559,3.561,3.429,3.516,3.591,3.535,3.621,3.571,3.504,3.552,3.578,3.634,3.539,3.548,3.518,3.598,3.283,3.544,3.598,3.574,3.56,3.538,3.6,3.538,3.614,3.525,3.592,3.54,3.636,3.369,2.989,3.584,3.523,3.566,3.63,3.529,3.196,3.636,3.614,3.63,3.012,3.145,2.826,3.481,3.569,3.573,3.608,3.626,3.527,3.501,3.517,3.548,3.508,3.538,3.586,3.515,3.594,3.58,3.418,3.524,3.638,3.631,3.589,3.619,3.038,3.548,3.33,3.632,3.574,3.631,3.582,3.571,3.479,2.977,3.631,3.507,3.297,3.101,2.781,2.984,2.743,2.42,2.135,1.919,1.658,1.472,1.241,1.207,1.008,0.933,0.991,0.827,0.8,0.759,0.723,0.725,0.63,0.585,0.599,0.572,0.577,0.489,0.572,0.557,0.502,0.452,0.452,0.457,0.363,0.416,0.42,0.42,0.402,0.429,0.341,0.366,0.295,0.396,0.328,0.306,0.309,0.353,0.373,0.259,0.255,0.263,0.281,0.288,0.363,0.277,0.297,0.252,0.314,0.285,0.301,0.341,0.34,0.328,0.293,0.235,0.2,0.258,0.208,0.214,0.238,0.199,0.21,0.271,0.274,0.3,0.293,0.253,0.212,0.273,0.288,0.215,0.189,0.277,0.251,0.205,0.17,0.207,0.281,0.157,0.207,0.182,0.263,0.242,0.261,0.275,0.212,0.272,0.149,0.175,0.191,0.163,0.157,0.255,0.197,0.203,0.225,0.215,0.226,0.179,0.151,0.208,0.248,0.149,0.151,0.185,0.129,0.156,0.124,0.2,0.132,0.224,0.238,0.239,0.218,0.143,0.236,0.137,0.176,0.241,0.203,0.244,0.172,0.121,0.184,0.151,0.148,0.225,0.164,0.168,0.208,0.12,0.187,0.118,0.202,0.158,0.214,0.104,0.229,0.199,0.218,0.159,0.17,0.206,0.108,0.157,0.229,0.199,0.205,0.138,0.225,0.107,0.105,0.106,0.201,0.199,0.123,0.136,0.225,0.152,0.176,0.195,0.145,0.218,0.167,0.136,0.152,0.172,0.223,0.219,0.208,0.225,0.183,0.188,0.183,0.144,0.157,0.1,0.134,0.159,0.209,0.168,0.208,0.202,0.214,0.131,0.162,0.146,0.085,0.161,0.208
Putana,2.222,2.749,3.608,3.604,3.505,3.497,3.513,3.561,3.503,3.551,3.528,3.543,3.543,3.178,3.353,3.434,3.613,3.537,3.419,3.513,3.592,3.556,3.502,3.579,3.607,3.578,3.557,3.576,3.608,3.545,3.554,3.544,3.3,3.515,3.621,3.506,3.542,3.604,3.536,3.588,3.545,3.564,3.634,3.618,3.564,3.315,2.992,3.566,3.626,3.504,3.52,3.608,3.229,3.576,3.6,3.626,3.044,3.09,2.904,3.465,3.526,3.562,3.592,3.629,3.583,3.613,3.541,3.591,3.614,3.545,3.579,3.631,3.554,3.596,3.358,3.62,3.628,3.536,3.518,3.607,3.011,3.509,3.43,3.616,3.564,3.545,3.514,3.519,3.455,2.944,3.59,3.501,3.309,3.138,2.79,2.879,2.756,2.386,2.158,1.823,1.597,1.386,1.242,1.212,1.11,0.954,0.859,0.915,0.818,0.796,0.765,0.75,0.664,0.682,0.635,0.557,0.521,0.51,0.49,0.509,0.426,0.479,0.463,0.462,0.394,0.438,0.434,0.328,0.337,0.441,0.37,0.412,0.399,0.392,0.394,0.384,0.348,0.345,0.256,0.386,0.257,0.363,0.339,0.275,0.264,0.317,0.225,0.311,0.227,0.243,0.238,0.26,0.284,0.228,0.249,0.3,0.214,0.212,0.253,0.227,0.206,0.242,0.31,0.255,0.245,0.297,0.283,0.192,0.291,0.193,0.271,0.22,0.28,0.17,0.266,0.175,0.193,0.255,0.282,0.167,0.164,0.247,0.227,0.178,0.204,0.27,0.184,0.223,0.247,0.146,0.261,0.271,0.167,0.22,0.136,0.151,0.25,0.165,0.248,0.218,0.193,0.249,0.155,0.226,0.15,0.144,0.197,0.19,0.186,0.117,0.174,0.196,0.161,0.196,0.214,0.222,0.199,0.21,0.11,0.149,0.228,0.15,0.214,0.237,0.241,0.165,0.233,0.115,0.215,0.215,0.151,0.139,0.2,0.109,0.117,0.192,0.195,0.212,0.157,0.146,0.149,0.107,0.216,0.177,0.112,0.164,0.114,0.176,0.101,0.18,0.112,0.147,0.139,0.215,0.203,0.12,0.143,0.183,0.17,0.128,0.102,0.131,0.097,0.162,0.147,0.146,0.193,0.157,0.213,0.182,0.102,0.211,0.212,0.219,0.104,0.1,0.215,0.165,0.218,0.16,0.16,0.189,0.143,0.085,0.152,0.097,0.116,0.085,0.186,0.184,0.095
Putana,2.221,2.76,3.536,3.628,3.609,3.598,3.578,3.543,3.638,3.526,3.553,3.574,3.509,3.207,3.435,3.432,3.606,3.599,3.423,3.628,3.525,3.532,3.513,3.548,3.631,3.532,3.52,3.624,3.561,3.596,3.521,3.553,3.317,3.531,3.543,3.549,3.623,3.53,3.508,3.519,3.551,3.597,3.628,3.523,3.599,3.343,3.011,3.569,3.575,3.557,3.519,3.612,3.247,3.532,3.611,3.566,2.984,3.177,2.876,3.426,3.518,3.544,3.531,3.569,3.507,3.574,3.458,3.543,3.538,3.508,3.619,3.614,3.624,3.524,3.404,3.527,3.583,3.538,3.621,3.574,3.001,3.506,3.394,3.613,3.515,3.631,3.597,3.577,3.518,2.99,3.587,3.516,3.382,3.114,2.84,2.902,2.743,2.467,2.121,1.857,1.568,1.399,1.362,1.202,1.035,1.013,0.955,0.817,0.784,0.742,0.732,0.734,0.618,0.665,0.579,0.594,0.519,0.586,0.455,0.504,0.479,0.469,0.447,0.401,0.437,0.43,0.435,0.356,0.379,0.352,0.353,0.356,0.327,0.417,0.346,0.298,0.349,0.329,0.297,0.35,0.362,0.298,0.338,0.32,0.363,0.359,0.356,0.283,0.329,0.223,0.279,0.293,0.208,0.328,0.239,0.215,0.266,0.293,0.199,0.304,0.239,0.283,0.31,0.182,0.177,0.308,0.174,0.206,0.289,0.231,0.178,0.281,0.296,0.203,0.27,0.18,0.292,0.242,0.252,0.252,0.264,0.18,0.2,0.177,0.251,0.243,0.265,0.246,0.242,0.242,0.153,0.208,0.265,0.231,0.199,0.16,0.263,0.231,0.216,0.181,0.166,0.133,0.163,0.253,0.143,0.138,0.212,0.163,0.163,0.232,0.131,0.114,0.158,0.116,0.205,0.133,0.206,0.133,0.13,0.24,0.196,0.14,0.214,0.212,0.218,0.131,0.235,0.15,0.224,0.205,0.221,0.198,0.21,0.137,0.2,0.102,0.219,0.187,0.135,0.161,0.164,0.166,0.185,0.149,0.107,0.107,0.221,0.156,0.148,0.093,0.22,0.097,0.122,0.22,0.205,0.198,0.163,0.108,0.179,0.173,0.093,0.092,0.205,0.211,0.111,0.124,0.146,0.176,0.108,0.107,0.139,0.213,0.166,0.152,0.202,0.135,0.094,0.106,0.134,0.094,0.19,0.095,0.105,0.163,0.213,0.173,0.113,0.208,0.201,0.093,0.112
Putana,3.362,2.648,3.593,3.549,3.657,3.157,3.591,3.578,3.549,3.606,3.579,3.568,3.509,3.542,3.549,3.567,3.564,3.541,3.557,3.646,3.53,3.625,3.556,3.578,3.605,3.631,3.621,3.551,3.564,3.561,3.609,3.604,3.604,3.534,3.526,3.541,3.654,3.645,3.589,3.559,3.503,3.646,3.583,3.533,3.632,3.487,3.421,3.574,3.53,3.578,3.526,3.604,3.531,3.609,3.521,3.526,3.591,3.306,2.791,3.571,3.508,3.511,3.607,3.501,3.628,3.611,3.508,3.515,3.546,3.574,3.508,3.572,3.568,3.537,3.093,3.639,3.594,3.653,3.638,3.591,3.397,3.575,3.542,3.634,3.533,3.64,3.523,3.598,3.57,3.643,3.624,3.212,3.119,3.624,3.564,3.566,3.514,3.581,3.103,2.594,2.337,2.233,1.936,1.791,1.649,1.669,1.527,1.425,1.441,1.221,1.214,1.208,1.079,1.16,1.006,1.008,0.965,0.909,0.931,0.907,0.739,0.704,0.72,0.721,0.737,0.61,0.688,0.589,0.662,0.55,0.572,0.478,0.537,0.481,0.423,0.425,0.461,0.431,0.432,0.492,0.47,0.362,0.416,0.447,0.382,0.384,0.438,0.424,0.42,0.275,0.412,0.286,0.395,0.383,0.374,0.381,0.285,0.332,0.373,0.255,0.37,0.354,0.311,0.34,0.328,0.303,0.283,0.298,0.346,0.197,0.224,0.198,0.304,0.312,0.2,0.275,0.223,0.306,0.28,0.234,0.208,0.166,0.298,0.29,0.269,0.244,0.176,0.255,0.295,0.259,0.152,0.18,0.208,0.169,0.16,0.251,0.226,0.214,0.261,0.263,0.146,0.176,0.244,0.164,0.182,0.148,0.16,0.178,0.126,0.2,0.212,0.181,0.161,0.231,0.198,0.138,0.136,0.265,0.224,0.176,0.255,0.151,0.113,0.116,0.256,0.142,0.224,0.203,0.113,0.117,0.123,0.182,0.163,0.19,0.124,0.1,0.162,0.183,0.099,0.131,0.247,0.14,0.103,0.176,0.193,0.22,0.218,0.189,0.158,0.175,0.136,0.181,0.166,0.116,0.13,0.226,0.155,0.221,0.23,0.201,0.238,0.181,0.136,0.227,0.174,0.152,0.146,0.137,0.181,0.133,0.201,0.086,0.084,0.159,0.188,0.218,0.159,0.171,0.179,0.174,0.208,0.092,0.159,0.212,0.105,0.085,0.166,0.115,0.175,0.186,0.13
Putana,3.343,2.728,3.593,3.583,3.525,3.149,3.644,3.612,3.545,3.511,3.646,3.568,3.631,3.601,3.624,3.631,3.632,3.553,3.584,3.563,3.58,3.646,3.629,3.551,3.523,3.528,3.614,3.603,3.639,3.525,3.606,3.521,3.619,3.505,3.605,3.523,3.573,3.516,3.545,3.63,3.638,3.545,3.583,3.567,3.612,3.378,3.43,3.621,3.611,3.506,3.597,3.576,3.546,3.532,3.591,3.61,3.643,3.276,2.817,3.552,3.516,3.559,3.588,3.518,3.603,3.592,3.623,3.581,3.549,3.615,3.603,3.559,3.634,3.524,3.165,3.624,3.624,3.652,3.588,3.596,3.476,3.632,3.636,3.538,3.579,3.63,3.563,3.584,3.587,3.506,3.618,3.212,3.114,3.501,3.628,3.514,3.641,3.519,3.054,2.619,2.385,2.132,1.948,1.916,1.663,1.589,1.567,1.378,1.297,1.322,1.198,1.166,1.131,1.076,1.046,1.03,0.927,0.853,0.958,0.774,0.797,0.802,0.713,0.672,0.647,0.736,0.598,0.586,0.669,0.578,0.525,0.491,0.573,0.562,0.548,0.412,0.481,0.434,0.489,0.498,0.372,0.39,0.477,0.419,0.35,0.327,0.442,0.431,0.386,0.386,0.379,0.318,0.41,0.388,0.25,0.347,0.305,0.296,0.342,0.302,0.243,0.329,0.283,0.237,0.213,0.212,0.305,0.276,0.241,0.23,0.192,0.262,0.288,0.311,0.272,0.184,0.219,0.196,0.172,0.288,0.292,0.239,0.173,0.177,0.197,0.284,0.243,0.171,0.193,0.235,0.18,0.299,0.289,0.183,0.245,0.186,0.16,0.139,0.23,0.271,0.161,0.19,0.255,0.151,0.163,0.184,0.168,0.161,0.173,0.235,0.129,0.22,0.263,0.119,0.233,0.193,0.209,0.127,0.172,0.212,0.226,0.238,0.211,0.161,0.121,0.123,0.237,0.143,0.16,0.225,0.124,0.247,0.165,0.108,0.098,0.22,0.233,0.213,0.116,0.217,0.237,0.185,0.208,0.204,0.166,0.155,0.243,0.164,0.174,0.188,0.107,0.161,0.218,0.176,0.216,0.22,0.176,0.209,0.152,0.223,0.128,0.208,0.174,0.165,0.189,0.148,0.124,0.223,0.176,0.174,0.207,0.175,0.181,0.166,0.088,0.144,0.11,0.088,0.195,0.092,0.135,0.204,0.192,0.134,0.163,0.175,0.187,0.146,0.151,0.194,0.102
Putana,3.306,2.666,3.618,3.517,3.504,3.074,3.517,3.618,3.548,3.546,3.534,3.563,3.529,3.566,3.549,3.554,3.606,3.536,3.634,3.528,3.571,3.649,3.622,3.578,3.553,3.604,3.542,3.543,3.547,3.641,3.54,3.636,3.603,3.519,3.646,3.553,3.524,3.584,3.616,3.518,3.58,3.657,3.523,3.521,3.555,3.426,3.368,3.501,3.514,3.506,3.549,3.568,3.514,3.522,3.574,3.529,3.513,3.189,2.791,3.506,3.541,3.569,3.649,3.595,3.604,3.524,3.508,3.579,3.599,3.609,3.569,3.619,3.649,3.626,3.136,3.581,3.578,3.623,3.548,3.519,3.425,3.508,3.554,3.542,3.564,3.595,3.531,3.538,3.646,3.593,3.504,3.191,3.175,3.609,3.507,3.622,3.583,3.532,3.124,2.668,2.272,2.173,1.955,1.849,1.752,1.619,1.585,1.475,1.414,1.358,1.304,1.2,1.147,1.1,1.111,1.033,1.012,0.985,0.912,0.856,0.743,0.789,0.696,0.638,0.737,0.667,0.651,0.642,0.639,0.57,0.605,0.571,0.578,0.531,0.533,0.444,0.451,0.496,0.414,0.413,0.37,0.46,0.394,0.363,0.439,0.434,0.356,0.356,0.292,0.277,0.298,0.277,0.389,0.314,0.33,0.32,0.379,0.295,0.343,0.225,0.281,0.263,0.231,0.343,0.333,0.281,0.305,0.257,0.286,0.212,0.291,0.216,0.224,0.222,0.26,0.314,0.307,0.211,0.176,0.187,0.295,0.29,0.204,0.304,0.26,0.209,0.303,0.161,0.202,0.21,0.229,0.249,0.301,0.268,0.246,0.232,0.262,0.163,0.197,0.181,0.159,0.278,0.147,0.207,0.238,0.277,0.15,0.192,0.126,0.172,0.216,0.177,0.242,0.159,0.254,0.172,0.147,0.156,0.167,0.14,0.204,0.121,0.196,0.263,0.127,0.255,0.241,0.149,0.178,0.247,0.148,0.11,0.154,0.202,0.144,0.106,0.203,0.134,0.236,0.188,0.191,0.135,0.137,0.222,0.23,0.191,0.205,0.181,0.224,0.175,0.171,0.185,0.148,0.109,0.162,0.166,0.151,0.21,0.133,0.1,0.095,0.154,0.102,0.105,0.119,0.142,0.131,0.118,0.174,0.12,0.164,0.175,0.11,0.144,0.178,0.131,0.165,0.236,0.12,0.226,0.098,0.12,0.177,0.2,0.205,0.216,0.151,0.177,0.107,0.228,0.199
Putana,3.286,2.71,3.531,3.579,3.604,3.116,3.541,3.527,3.609,3.615,3.656,3.628,3.569,3.598,3.587,3.536,3.654,3.516,3.626,3.656,3.596,3.614,3.59,3.582,3.519,3.569,3.531,3.649,3.565,3.631,3.656,3.612,3.536,3.628,3.501,3.546,3.629,3.534,3.573,3.626,3.655,3.575,3.633,3.657,3.563,3.409,3.375,3.518,3.594,3.535,3.511,3.563,3.558,3.602,3.613,3.603,3.504,3.274,2.838,3.602,3.599,3.538,3.571,3.513,3.573,3.633,3.615,3.505,3.572,3.594,3.616,3.654,3.549,3.561,3.084,3.589,3.631,3.645,3.619,3.562,3.377,3.635,3.508,3.618,3.62,3.627,3.535,3.588,3.639,3.621,3.633,3.289,3.197,3.579,3.512,3.534,3.586,3.581,3.18,2.643,2.338,2.152,1.997,1.834,1.667,1.678,1.506,1.423,1.319,1.333,1.204,1.184,1.086,1.154,1.063,0.978,0.887,0.856,0.853,0.851,0.751,0.74,0.786,0.667,0.689,0.613,0.635,0.597,0.631,0.584,0.619,0.485,0.561,0.518,0.411,0.416,0.525,0.487,0.465,0.467,0.442,0.405,0.357,0.424,0.338,0.378,0.396,0.328,0.349,0.388,0.297,0.364,0.402,0.253,0.39,0.306,0.269,0.235,0.363,0.297,0.292,0.349,0.231,0.28,0.225,0.291,0.233,0.243,0.264,0.283,0.255,0.294,0.186,0.326,0.309,0.247,0.291,0.209,0.204,0.22,0.174,0.234,0.177,0.192,0.173,0.181,0.168,0.229,0.263,0.268,0.195,0.285,0.274,0.145,0.216,0.216,0.25,0.201,0.197,0.265,0.284,0.171,0.211,0.193,0.233,0.204,0.231,0.135,0.142,0.188,0.148,0.125,0.158,0.171,0.241,0.248,0.197,0.221,0.244,0.147,0.236,0.184,0.224,0.174,0.115,0.177,0.242,0.139,0.216,0.168,0.147,0.197,0.223,0.181,0.102,0.209,0.241,0.246,0.119,0.137,0.246,0.229,0.211,0.195,0.169,0.134,0.222,0.183,0.152,0.165,0.149,0.183,0.088,0.177,0.183,0.199,0.16,0.213,0.195,0.182,0.207,0.158,0.238,0.111,0.109,0.089,0.174,0.093,0.222,0.179,0.162,0.111,0.103,0.19,0.091,0.201,0.141,0.104,0.228,0.144,0.178,0.23,0.105,0.172,0.222,0.215,0.124,0.137,0.158,0.231,0.201
Putana,3.231,2.698,3.598,3.534,3.645,3.092,3.556,3.516,3.527,3.598,3.624,3.578,3.572,3.64,3.598,3.61,3.56,3.512,3.559,3.612,3.602,3.523,3.509,3.534,3.509,3.562,3.508,3.566,3.633,3.607,3.647,3.605,3.545,3.594,3.561,3.645,3.646,3.646,3.622,3.578,3.61,3.643,3.621,3.514,3.518,3.411,3.375,3.525,3.506,3.649,3.588,3.593,3.607,3.559,3.631,3.585,3.615,3.291,2.837,3.541,3.513,3.52,3.601,3.53,3.627,3.536,3.567,3.505,3.58,3.636,3.507,3.569,3.573,3.628,3.153,3.601,3.509,3.512,3.6,3.537,3.363,3.513,3.603,3.539,3.503,3.538,3.508,3.539,3.509,3.611,3.574,3.243,3.145,3.558,3.644,3.524,3.632,3.564,3.197,2.587,2.392,2.2,1.996,1.913,1.656,1.649,1.51,1.507,1.377,1.319,1.301,1.199,1.174,1.085,1.121,1.048,0.929,0.977,0.935,0.864,0.747,0.839,0.74,0.662,0.614,0.675,0.664,0.665,0.636,0.521,0.519,0.598,0.476,0.43,0.537,0.46,0.496,0.463,0.4,0.463,0.46,0.373,0.374,0.449,0.375,0.313,0.298,0.398,0.373,0.282,0.407,0.353,0.33,0.346,0.323,0.264,0.392,0.29,0.287,0.354,0.238,0.29,0.23,0.331,0.338,0.206,0.226,0.332,0.3,0.31,0.311,0.229,0.219,0.299,0.288,0.264,0.239,0.316,0.186,0.23,0.229,0.247,0.164,0.198,0.211,0.201,0.284,0.177,0.274,0.193,0.277,0.282,0.169,0.271,0.265,0.191,0.243,0.221,0.161,0.262,0.176,0.136,0.241,0.129,0.2,0.128,0.254,0.207,0.15,0.211,0.246,0.235,0.218,0.161,0.134,0.187,0.224,0.26,0.116,0.25,0.137,0.114,0.173,0.207,0.233,0.259,0.166,0.236,0.206,0.255,0.155,0.153,0.186,0.106,0.162,0.247,0.247,0.195,0.109,0.126,0.134,0.196,0.21,0.108,0.229,0.224,0.205,0.184,0.13,0.246,0.242,0.118,0.14,0.105,0.188,0.159,0.225,0.115,0.087,0.214,0.179,0.213,0.128,0.157,0.126,0.241,0.144,0.183,0.157,0.098,0.148,0.12,0.165,0.187,0.204,0.177,0.235,0.092,0.183,0.084,0.129,0.161,0.104,0.131,0.21,0.196,0.196,0.185,0.123,0.16,0.233
Putana,3.07,3.674,3.661,3.666,3.573,2.879,3.275,3.582,3.675,3.55,3.569,3.398,3.695,3.364,3.598,3.55,3.521,3.52,3.554,3.12,3.533,3.65,3.645,3.501,3.535,3.656,3.691,3.638,3.547,3.564,3.547,3.671,3.436,3.551,3.605,3.629,3.603,3.636,3.572,3.588,3.524,3.508,3.677,3.564,3.528,3.588,3.666,3.604,3.581,3.518,3.663,3.656,3.571,3.567,3.698,3.535,3.553,3.571,2.905,3.57,3.511,3.32,3.596,3.675,3.597,3.62,3.665,3.618,3.54,3.652,3.574,3.55,3.628,3.622,3.366,2.841,3.107,3.688,3.289,3.345,3.512,3.662,3.632,3.173,3.575,3.512,3.615,3.531,3.273,3.678,3.665,3.584,3.559,3.574,3.613,3.697,3.536,3.56,3.084,2.828,2.397,2.234,2.025,1.767,1.721,1.636,1.524,1.37,1.171,1.236,1.042,1.086,1.031,0.988,0.918,0.785,0.853,0.841,0.832,0.841,0.734,0.646,0.718,0.565,0.535,0.66,0.6,0.493,0.484,0.437,0.562,0.532,0.549,0.468,0.485,0.478,0.359,0.438,0.346,0.313,0.306,0.449,0.472,0.457,0.311,0.308,0.385,0.312,0.346,0.449,0.38,0.441,0.34,0.272,0.272,0.374,0.386,0.266,0.371,0.236,0.278,0.312,0.204,0.383,0.299,0.383,0.351,0.239,0.331,0.324,0.244,0.28,0.362,0.315,0.361,0.318,0.278,0.169,0.201,0.29,0.359,0.257,0.247,0.186,0.323,0.255,0.325,0.177,0.174,0.282,0.174,0.225,0.266,0.252,0.293,0.176,0.175,0.252,0.293,0.238,0.205,0.314,0.275,0.168,0.281,0.148,0.286,0.151,0.267,0.25,0.139,0.305,0.248,0.184,0.23,0.202,0.251,0.124,0.209,0.213,0.185,0.124,0.231,0.232,0.213,0.216,0.285,0.157,0.168,0.179,0.263,0.137,0.221,0.142,0.246,0.106,0.229,0.179,0.12,0.114,0.195,0.29,0.199,0.162,0.274,0.278,0.233,0.117,0.092,0.125,0.17,0.255,0.11,0.109,0.284,0.205,0.274,0.264,0.196,0.197,0.102,0.14,0.161,0.247,0.108,0.138,0.203,0.237,0.162,0.091,0.147,0.152,0.218,0.214,0.197,0.174,0.267,0.101,0.276,0.084,0.112,0.232,0.243,0.184,0.102,0.241,0.086,0.194,0.201,0.1,0.211
Putana,3.253,3.582,3.599,3.618,3.657,2.793,3.316,3.697,3.683,3.613,3.539,3.526,3.64,3.326,3.588,3.548,3.635,3.7,3.643,3.209,3.552,3.534,3.615,3.631,3.562,3.522,3.564,3.534,3.637,3.683,3.684,3.682,3.365,3.535,3.545,3.674,3.699,3.672,3.615,3.584,3.521,3.627,3.653,3.692,3.675,3.681,3.586,3.584,3.628,3.558,3.699,3.574,3.602,3.606,3.573,3.517,3.621,3.547,3.055,3.599,3.51,3.333,3.605,3.669,3.611,3.561,3.55,3.507,3.591,3.585,3.644,3.566,3.556,3.517,3.321,2.787,2.942,3.627,3.289,3.287,3.627,3.557,3.697,3.255,3.527,3.622,3.674,3.524,3.226,3.647,3.591,3.603,3.526,3.688,3.668,3.632,3.51,3.517,3.152,2.702,2.457,2.248,2.098,1.771,1.57,1.505,1.433,1.248,1.34,1.248,1.146,1.02,1.113,1.036,0.881,0.887,0.925,0.86,0.72,0.748,0.764,0.768,0.649,0.678,0.684,0.507,0.559,0.515,0.511,0.466,0.415,0.47,0.514,0.384,0.541,0.377,0.342,0.517,0.441,0.407,0.474,0.431,0.472,0.372,0.408,0.452,0.46,0.454,0.372,0.45,0.314,0.417,0.257,0.384,0.24,0.241,0.288,0.358,0.31,0.228,0.343,0.383,0.216,0.245,0.364,0.313,0.219,0.197,0.212,0.243,0.201,0.22,0.241,0.282,0.242,0.326,0.168,0.287,0.293,0.179,0.294,0.33,0.235,0.267,0.302,0.158,0.26,0.317,0.23,0.253,0.238,0.195,0.329,0.294,0.265,0.239,0.285,0.188,0.324,0.203,0.211,0.166,0.144,0.193,0.298,0.194,0.232,0.207,0.267,0.251,0.283,0.127,0.168,0.133,0.262,0.271,0.128,0.121,0.184,0.152,0.173,0.29,0.144,0.141,0.215,0.132,0.296,0.125,0.285,0.293,0.21,0.218,0.213,0.26,0.124,0.097,0.104,0.198,0.161,0.177,0.159,0.255,0.212,0.231,0.21,0.268,0.185,0.272,0.114,0.251,0.113,0.192,0.257,0.116,0.139,0.166,0.206,0.203,0.248,0.176,0.103,0.276,0.088,0.175,0.188,0.257,0.165,0.279,0.115,0.164,0.207,0.193,0.265,0.209,0.083,0.207,0.127,0.226,0.104,0.133,0.165,0.18,0.232,0.247,0.182,0.149,0.123,0.175,0.081,0.081,0.173
Putana,3.152,3.541,3.52,3.595,3.678,2.743,3.266,3.612,3.625,3.54,3.54,3.442,3.549,3.248,3.69,3.696,3.635,3.559,3.698,3.238,3.612,3.579,3.655,3.621,3.539,3.61,3.619,3.538,3.531,3.597,3.655,3.563,3.394,3.662,3.584,3.682,3.666,3.503,3.637,3.502,3.535,3.622,3.664,3.679,3.571,3.634,3.681,3.627,3.616,3.657,3.638,3.624,3.686,3.629,3.523,3.631,3.648,3.543,2.878,3.692,3.53,3.376,3.57,3.698,3.547,3.58,3.667,3.57,3.628,3.547,3.684,3.537,3.596,3.676,3.273,2.959,3.095,3.592,3.428,3.429,3.659,3.508,3.588,3.287,3.612,3.624,3.648,3.581,3.202,3.596,3.638,3.545,3.586,3.634,3.571,3.655,3.557,3.551,3.093,2.712,2.425,2.235,2.087,1.913,1.584,1.478,1.4,1.27,1.339,1.144,1.178,0.99,1,0.882,0.841,0.848,0.769,0.825,0.679,0.671,0.617,0.745,0.68,0.554,0.647,0.573,0.567,0.47,0.458,0.454,0.533,0.435,0.571,0.503,0.455,0.409,0.523,0.461,0.513,0.506,0.307,0.408,0.478,0.347,0.302,0.381,0.458,0.328,0.423,0.446,0.327,0.254,0.254,0.37,0.373,0.336,0.224,0.358,0.313,0.398,0.324,0.289,0.252,0.238,0.256,0.277,0.383,0.273,0.338,0.29,0.323,0.223,0.226,0.27,0.297,0.231,0.342,0.167,0.198,0.33,0.279,0.16,0.252,0.285,0.343,0.21,0.161,0.16,0.265,0.186,0.341,0.291,0.274,0.18,0.29,0.326,0.304,0.311,0.216,0.24,0.319,0.245,0.241,0.184,0.269,0.145,0.264,0.311,0.166,0.173,0.182,0.151,0.221,0.278,0.255,0.261,0.146,0.196,0.109,0.303,0.247,0.151,0.187,0.147,0.237,0.195,0.21,0.119,0.243,0.141,0.207,0.233,0.194,0.19,0.143,0.251,0.236,0.094,0.248,0.28,0.231,0.288,0.269,0.135,0.126,0.173,0.244,0.253,0.226,0.087,0.239,0.272,0.147,0.195,0.124,0.163,0.28,0.134,0.186,0.263,0.267,0.136,0.282,0.182,0.213,0.261,0.189,0.233,0.178,0.14,0.092,0.116,0.237,0.225,0.13,0.093,0.238,0.1,0.259,0.109,0.275,0.234,0.17,0.166,0.257,0.13,0.25,0.16,0.235,0.096,0.218
Putana,3.085,3.635,3.514,3.522,3.524,2.899,3.312,3.574,3.63,3.693,3.69,3.454,3.543,3.385,3.544,3.606,3.581,3.557,3.621,3.217,3.626,3.657,3.558,3.558,3.689,3.645,3.652,3.561,3.602,3.538,3.501,3.678,3.339,3.654,3.54,3.568,3.529,3.596,3.547,3.576,3.502,3.609,3.693,3.67,3.53,3.605,3.581,3.524,3.661,3.521,3.675,3.66,3.597,3.674,3.653,3.583,3.56,3.681,3.061,3.7,3.532,3.24,3.538,3.538,3.648,3.65,3.586,3.683,3.509,3.573,3.552,3.643,3.64,3.565,3.396,2.799,3.038,3.681,3.401,3.305,3.623,3.596,3.606,3.263,3.614,3.599,3.552,3.693,3.228,3.685,3.619,3.604,3.681,3.66,3.684,3.663,3.633,3.641,3.016,2.795,2.523,2.25,1.998,1.9,1.699,1.492,1.491,1.272,1.268,1.132,1.031,1.042,0.957,0.894,0.899,0.91,0.782,0.886,0.676,0.693,0.667,0.655,0.575,0.607,0.671,0.585,0.618,0.488,0.632,0.566,0.506,0.587,0.413,0.37,0.366,0.499,0.344,0.438,0.413,0.328,0.502,0.345,0.413,0.364,0.35,0.438,0.269,0.288,0.27,0.276,0.372,0.332,0.269,0.266,0.377,0.33,0.356,0.358,0.384,0.23,0.364,0.27,0.277,0.229,0.261,0.207,0.337,0.273,0.195,0.21,0.308,0.292,0.343,0.281,0.339,0.321,0.19,0.272,0.225,0.281,0.254,0.217,0.33,0.207,0.276,0.285,0.277,0.222,0.147,0.166,0.282,0.153,0.148,0.196,0.17,0.199,0.174,0.271,0.132,0.178,0.144,0.238,0.13,0.277,0.125,0.269,0.164,0.217,0.306,0.313,0.298,0.241,0.233,0.219,0.213,0.211,0.187,0.134,0.302,0.289,0.286,0.156,0.243,0.138,0.174,0.279,0.216,0.253,0.216,0.263,0.211,0.25,0.14,0.283,0.123,0.258,0.097,0.179,0.105,0.142,0.284,0.26,0.253,0.142,0.26,0.288,0.234,0.143,0.211,0.237,0.199,0.213,0.141,0.164,0.15,0.139,0.118,0.17,0.103,0.217,0.189,0.208,0.247,0.268,0.104,0.269,0.09,0.18,0.194,0.099,0.189,0.267,0.232,0.143,0.179,0.108,0.126,0.209,0.163,0.251,0.237,0.245,0.212,0.102,0.22,0.242,0.19,0.216,0.196,0.236,0.266
Putana,3.194,3.674,3.617,3.673,3.633,2.805,3.365,3.696,3.678,3.535,3.55,3.361,3.522,3.256,3.652,3.601,3.596,3.676,3.528,3.06,3.549,3.523,3.549,3.592,3.698,3.645,3.629,3.585,3.665,3.628,3.615,3.568,3.272,3.696,3.543,3.555,3.506,3.501,3.564,3.676,3.684,3.645,3.51,3.639,3.642,3.631,3.53,3.516,3.585,3.584,3.511,3.535,3.677,3.616,3.673,3.585,3.654,3.564,2.975,3.648,3.626,3.351,3.6,3.562,3.671,3.545,3.609,3.696,3.524,3.675,3.557,3.579,3.573,3.619,3.304,2.909,3.074,3.671,3.29,3.384,3.581,3.583,3.674,3.143,3.556,3.513,3.648,3.592,3.239,3.631,3.619,3.676,3.541,3.67,3.583,3.572,3.631,3.536,3.127,2.731,2.478,2.231,2.047,1.895,1.573,1.54,1.474,1.318,1.262,1.109,1.085,1.046,1.115,1.056,0.886,0.795,0.918,0.738,0.834,0.791,0.627,0.677,0.677,0.607,0.562,0.491,0.65,0.559,0.576,0.496,0.582,0.558,0.513,0.423,0.457,0.505,0.38,0.357,0.494,0.39,0.464,0.411,0.378,0.375,0.331,0.337,0.354,0.373,0.412,0.418,0.288,0.401,0.31,0.356,0.234,0.273,0.285,0.292,0.352,0.292,0.32,0.314,0.218,0.224,0.318,0.362,0.304,0.215,0.225,0.217,0.207,0.325,0.355,0.229,0.297,0.33,0.232,0.365,0.311,0.177,0.161,0.262,0.303,0.239,0.242,0.276,0.264,0.322,0.163,0.146,0.224,0.178,0.241,0.199,0.189,0.172,0.217,0.259,0.144,0.313,0.198,0.246,0.323,0.302,0.141,0.229,0.296,0.292,0.308,0.148,0.267,0.235,0.156,0.278,0.196,0.27,0.296,0.115,0.113,0.257,0.132,0.24,0.167,0.291,0.156,0.21,0.273,0.23,0.236,0.22,0.228,0.17,0.288,0.131,0.215,0.282,0.148,0.181,0.115,0.159,0.149,0.235,0.092,0.159,0.198,0.105,0.202,0.219,0.212,0.26,0.164,0.238,0.202,0.179,0.09,0.209,0.2,0.085,0.14,0.094,0.201,0.251,0.176,0.169,0.16,0.109,0.123,0.241,0.116,0.12,0.099,0.087,0.214,0.255,0.16,0.109,0.131,0.196,0.161,0.208,0.263,0.114,0.101,0.191,0.241,0.232,0.275,0.198,0.142,0.178,0.229
Putana,2.228,2.228,2.228,2.228,2.228,2.228,2.228,2.228,2.228,2.228,2.228,2.228,2.228,2.228,2.228,2.228,2.228,2.228,2.228,2.228,2.228,2.228,2.228,2.228,2.228,2.228,2.228,2.228,2.228,2.228,2.228,2.228,2.228,2.228,2.228,2.228,2.228,2.228,2.228,2.228,2.228,2.228,2.228,2.228,2.228,2.228,2.228,2.228,2.228,2.228,2.228,2.228,2.228,2.228,2.228,2.228,2.228,2.228,2.228,2.228,2.228,2.228,2.228,2.228,2.228,2.228,2.228,2.228,2.228,2.228,2.228,2.228,2.228,2.228,2.228,2.228,2.228,2.228,2.228,2.228,2.228,2.228,2.228,2.228,2.228,2.228,2.228,2.228,2.228,2.228,2.228,2.228,2.228,2.228,2.228,2.228,2.228,2.228,2.228,2.228,2.228,2.228,2.228,2.228,2.228,2.228,2.228,2.228,2.228,2.228,2.228,2.228,2.228,2.228,2.228,2.228,2.228,2.228,2.228,2.228,2.228,2.228,2.228,2.228,2.228,2.228,2.228,2.228,2.228,2.228,2.228,2.228,2.228,2.228,2.228,2.228,2.228,2.228,2.228,2.228,2.228,2.228,2.228,2.228,2.228,2.228,2.228,2.228,2.228,2.228,2.228,2.228,2.228,2.228,2.228,2.228,2.228,2.228,2.228,2.228,2.228,2.228,2.228,2.228,2.228,2.228,2.228,2.228,2.228,2.228,2.228,2.228,2.228,2.228,2.228,2.228,2.228,2.228,2.228,2.228,2.228,2.228,2.228,2.228,2.228,2.228,2.228,2.228,2.228,2.228,2.228,2.228,2.228,2.228,2.228,2.228,2.228,2.228,2.228,2.228,2.228,2.228,2.228,2.228,2.228,2.228,2.228,2.228,2.228,2.228,2.228,2.228,2.228,2.228,2.228,2.228,2.228,2.228,2.228,2.228,2.228,2.228,2.228,2.228,2.228,2.228,2.228,2.228,2.228,2.228,2.228,2.228,2.228,2.228,2.228,2.228,2.228,2.228,2.228,2.228,2.228,2.228,2.228,2.228,2.228,2.228,2.228,2.228,2.228,2.228,2.228,2.228,2.228,2.228,2.228,2.228,2.228,2.228,2.228,2.228,2.228,2.228,2.228,2.228,2.228,2.228,2.228,2.228,2.228,2.228,2.228,2.228,2.228,2.228,2.228,2.228,2.228,2.228,2.228,2.228,2.228,2.228,2.228,2.228,2.228,2.228,2.228,2.228,2.228,2.228,2.228
Putana,2.411,2.411,2.411,2.411,2.411,2.411,2.411,2.411,2.411,2.411,2.411,2.411,2.411,2.411,2.411,2.411,2.411,2.411,2.411,2.411,2.411,2.411,2.411,2.411,2.411,2.411,2.411,2.411,2.411,2.411,2.411,2.411,2.411,2.411,2.411,2.411,2.411,2.411,2.411,2.411,2.411,2.411,2.411,2.411,2.411,2.411,2.411,2.411,2.411,2.411,2.411,2.411,2.411,2.411,2.411,2.411,2.411,2.411,2.411,2.411,2.411,2.411,2.411,2.411,2.411,2.411,2.411,2.411,2.411,2.411,2.411,2.411,2.411,2.411,2.411,2.411,2.411,2.411,2.411,2.411,2.411,2.411,2.411,2.411,2.411,2.411,2.411,2.411,2.411,2.411,2.411,2.411,2.411,2.411,2.411,2.411,2.411,2.411,2.411,2.411,2.411,2.411,2.411,2.411,2.411,2.411,2.411,2.411,2.411,2.411,2.411,2.411,2.411,2.411,2.411,2.411,2.411,2.411,2.411,2.411,2.411,2.411,2.411,2.411,2.411,2.411,2.411,2.411,2.411,2.411,2.411,2.411,2.411,2.411,2.411,2.411,2.411,2.411,2.411,2.411,2.411,2.411,2.411,2.411,2.411,2.411,2.411,2.411,2.411,2.411,2.411,2.411,2.411,2.411,2.411,2.411,2.411,2.411,2.411,2.411,2.411,2.411,2.411,2.411,2.411,2.411,2.411,2.411,2.411,2.411,2.411,2.411,2.411,2.411,2.411,2.411,2.411,2.411,2.411,2.411,2.411,2.411,2.411,2.411,2.411,2.411,2.411,2.411,2.411,2.411,2.411,2.411,2.411,2.411,2.411,2.411,2.411,2.411,2.411,2.411,2.411,2.411,2.411,2.411,2.411,2.411,2.411,2.411,2.411,2.411,2.411,2.411,2.411,2.411,2.411,2.411,2.411,2.411,2.411,2.411,2.411,2.411,2.411,2.411,2.411,2.411,2.411,2.411,2.411,2.411,2.411,2.411,2.411,2.411,2.411,2.411,2.411,2.411,2.411,2.411,2.411,2.411,2.411,2.411,2.411,2.411,2.411,2.411,2.411,2.411,2.411,2.411,2.411,2.411,2.411,2.411,2.411,2.411,2.411,2.411,2.411,2.411,2.411,2.411,2.411,2.411,2.411,2.411,2.411,2.411,2.411,2.411,2.411,2.411,2.411,2.411,2.411,2.411,2.411,2.411,2.411,2.411,2.411,2.411,2.411,2.411,2.411,2.411,2.411,2.411,2.411
Putana,2.31,2.31,2.31,2.31,2.31,2.31,2.31,2.31,2.31,2.31,2.31,2.31,2.31,2.31,2.31,2.31,2.31,2.31,2.31,2.31,2.31,2.31,2.31,2.31,2.31,2.31,2.31,2.31,2.31,2.31,2.31,2.31,2.31,2.31,2.31,2.31,2.31,2.31,2.31,2.31,2.31,2.31,2.31,2.31,2.31,2.31,2.31,2.31,2.31,2.31,2.31,2.31,2.31,2.31,2.31,2.31,2.31,2.31,2.31,2.31,2.31,2.31,2.31,2.31,2.31,2.31,2.31,2.31,2.31,2.31,2.31,2.31,2.31,2.31,2.31,2.31,2.31,2.31,2.31,2.31,2.31,2.31,2.31,2.31,2.31,2.31,2.31,2.31,2.31,2.31,2.31,2.31,2.31,2.31,2.31,2.31,2.31,2.31,2.31,2.31,2.31,2.31,2.31,2.31,2.31,2.31,2.31,2.31,2.31,2.31,2.31,2.31,2.31,2.31,2.31,2.31,2.31,2.31,2.31,2.31,2.31,2.31,2.31,2.31,2.31,2.31,2.31,2.31,2.31,2.31,2.31,2.31,2.31,2.31,2.31,2.31,2.31,2.31,2.31,2.31,2.31,2.31,2.31,2.31,2.31,2.31,2.31,2.31,2.31,2.31,2.31,2.31,2.31,2.31,2.31,2.31,2.31,2.31,2.31,2.31,2.31,2.31,2.31,2.31,2.31,2.31,2.31,2.31,2.31,2.31,2.31,2.31,2.31,2.31,2.31,2.31,2.31,2.31,2.31,2.31,2.31,2.31,2.31,2.31,2.31,2.31,2.31,2.31,2.31,2.31,2.31,2.31,2.31,2.31,2.31,2.31,2.31,2.31,2.31,2.31,2.31,2.31,2.31,2.31,2.31,2.31,2.31,2.31,2.31,2.31,2.31,2.31,2.31,2.31,2.31,2.31,2.31,2.31,2.31,2.31,2.31,2.31,2.31,2.31,2.31,2.31,2.31,2.31,2.31,2.31,2.31,2.31,2.31,2.31,2.31,2.31,2.31,2.31,2.31,2.31,2.31,2.31,2.31,2.31,2.31,2.31,2.31,2.31,2.31,2.31,2.31,2.31,2.31,2.31,2.31,2.31,2.31,2.31,2.31,2.31,2.31,2.31,2.31,2.31,2.31,2.31,2.31,2.31,2.31,2.31,2.31,2.31,2.31,2.31,2.31,2.31,2.31,2.31,2.31,2.31,2.31,2.31,2.31,2.31,2.31,2.31,2.31,2.31,2.31,2.31,2.31
Putana,2.243,2.243,2.243,2.243,2.243,2.243,2.243,2.243,2.243,2.243,2.243,2.243,2.243,2.243,2.243,2.243,2.243,2.243,2.243,2.243,2.243,2.243,2.243,2.243,2.243,2.243,2.243,2.243,2.243,2.243,2.243,2.243,2.243,2.243,2.243,2.243,2.243,2.243,2.243,2.243,2.243,2.243,2.243,2.243,2.243,2.243,2.243,2.243,2.243,2.243,2.243,2.243,2.243,2.243,2.243,2.243,2.243,2.243,2.243,2.243,2.243,2.243,2.243,2.243,2.243,2.243,2.243,2.243,2.243,2.243,2.243,2.243,2.243,2.243,2.243,2.243,2.243,2.243,2.243,2.243,2.243,2.243,2.243,2.243,2.243,2.243,2.243,2.243,2.243,2.243,2.243,2.243,2.243,2.243,2.243,2.243,2.243,2.243,2.243,2.243,2.243,2.243,2.243,2.243,2.243,2.243,2.243,2.243,2.243,2.243,2.243,2.243,2.243,2.243,2.243,2.243,2.243,2.243,2.243,2.243,2.243,2.243,2.243,2.243,2.243,2.243,2.243,2.243,2.243,2.243,2.243,2.243,2.243,2.243,2.243,2.243,2.243,2.243,2.243,2.243,2.243,2.243,2.243,2.243,2.243,2.243,2.243,2.243,2.243,2.243,2.243,2.243,2.243,2.243,2.243,2.243,2.243,2.243,2.243,2.243,2.243,2.243,2.243,2.243,2.243,2.243,2.243,2.243,2.243,2.243,2.243,2.243,2.243,2.243,2.243,2.243,2.243,2.243,2.243,2.243,2.243,2.243,2.243,2.243,2.243,2.243,2.243,2.243,2.243,2.243,2.243,2.243,2.243,2.243,2.243,2.243,2.243,2.243,2.243,2.243,2.243,2.243,2.243,2.243,2.243,2.243,2.243,2.243,2.243,2.243,2.243,2.243,2.243,2.243,2.243,2.243,2.243,2.243,2.243,2.243,2.243,2.243,2.243,2.243,2.243,2.243,2.243,2.243,2.243,2.243,2.243,2.243,2.243,2.243,2.243,2.243,2.243,2.243,2.243,2.243,2.243,2.243,2.243,2.243,2.243,2.243,2.243,2.243,2.243,2.243,2.243,2.243,2.243,2.243,2.243,2.243,2.243,2.243,2.243,2.243,2.243,2.243,2.243,2.243,2.243,2.243,2.243,2.243,2.243,2.243,2.243,2.243,2.243,2.243,2.243,2.243,2.243,2.243,2.243,2.243,2.243,2.243,2.243,2.243,2.243,2.243,2.243,2.243,2.243,2.243,2.243
Putana,2.352,2.352,2.352,2.352,2.352,2.352,2.352,2.352,2.352,2.352,2.352,2.352,2.352,2.352,2.352,2.352,2.352,2.352,2.352,2.352,2.352,2.352,2.352,2.352,2.352,2.352,2.352,2.352,2.352,2.352,2.352,2.352,2.352,2.352,2.352,2.352,2.352,2.352,2.352,2.352,2.352,2.352,2.352,2.352,2.352,2.352,2.352,2.352,2.352,2.352,2.352,2.352,2.352,2.352,2.352,2.352,2.352,2.352,2.352,2.352,2.352,2.352,2.352,2.352,2.352,2.352,2.352,2.352,2.352,2.352,2.352,2.352,2.352,2.352,2.352,2.352,2.352,2.352,2.352,2.352,2.352,2.352,2.352,2.352,2.352,2.352,2.352,2.352,2.352,2.352,2.352,2.352,2.352,2.352,2.352,2.352,2.352,2.352,2.352,2.352,2.352,2.352,2.352,2.352,2.352,2.352,2.352,2.352,2.352,2.352,2.352,2.352,2.352,2.352,2.352,2.352,2.352,2.352,2.352,2.352,2.352,2.352,2.352,2.352,2.352,2.352,2.352,2.352,2.352,2.352,2.352,2.352,2.352,2.352,2.352,2.352,2.352,2.352,2.352,2.352,2.352,2.352,2.352,2.352,2.352,2.352,2.352,2.352,2.352,2.352,2.352,2.352,2.352,2.352,2.352,2.352,2.352,2.352,2.352,2.352,2.352,2.352,2.352,2.352,2.352,2.352,2.352,2.352,2.352,2.352,2.352,2.352,2.352,2.352,2.352,2.352,2.352,2.352,2.352,2.352,2.352,2.352,2.352,2.352,2.352,2.352,2.352,2.352,2.352,2.352,2.352,2.352,2.352,2.352,2.352,2.352,2.352,2.352,2.352,2.352,2.352,2.352,2.352,2.352,2.352,2.352,2.352,2.352,2.352,2.352,2.352,2.352,2.352,2.352,2.352,2.352,2.352,2.352,2.352,2.352,2.352,2.352,2.352,2.352,2.352,2.352,2.352,2.352,2.352,2.352,2.352,2.352,2.352,2.352,2.352,2.352,2.352,2.352,2.352,2.352,2.352,2.352,2.352,2.352,2.352,2.352,2.352,2.352,2.352,2.352,2.352,2.352,2.352,2.352,2.352,2.352,2.352,2.352,2.352,2.352,2.352,2.352,2.352,2.352,2.352,2.352,2.352,2.352,2.352,2.352,2.352,2.352,2.352,2.352,2.352,2.352,2.352,2.352,2.352,2.352,2.352,2.352,2.352,2.352,2.352,2.352,2.352,2.352,2.352,2.352,2.352
Putana,2.218,2.744,3.5,3.5,3.5,3.496,3.5,3.5,3.5,3.5,3.5,3.5,3.5,3.144,3.324,3.401,3.5,3.5,3.325,3.5,3.5,3.5,3.5,3.5,3.5,3.5,3.5,3.5,3.5,3.5,3.5,3.5,3.259,3.5,3.5,3.5,3.5,3.5,3.5,3.5,3.5,3.5,3.5,3.5,3.5,3.309,2.901,3.5,3.5,3.5,3.5,3.5,3.143,3.5,3.5,3.5,2.928,3.087,2.78,3.352,3.5,3.5,3.5,3.5,3.5,3.5,3.403,3.5,3.5,3.5,3.5,3.5,3.5,3.5,3.35,3.5,3.5,3.5,3.5,3.5,2.957,3.5,3.313,3.5,3.5,3.5,3.5,3.5,3.42,2.924,3.5,3.407,3.289,3.017,2.709,2.856,2.737,2.358,2.045,1.781,1.552,1.376,1.229,1.106,1.006,0.927,0.855,0.785,0.737,0.695,0.659,0.626,0.597,0.567,0.541,0.516,0.494,0.472,0.452,0.433,0.417,0.399,0.383,0.37,0.359,0.347,0.337,0.327,0.318,0.31,0.302,0.293,0.286,0.279,0.273,0.268,0.263,0.257,0.252,0.248,0.244,0.24,0.236,0.232,0.23,0.226,0.221,0.218,0.216,0.214,0.21,0.207,0.204,0.202,0.199,0.196,0.193,0.19,0.189,0.186,0.183,0.181,0.179,0.177,0.175,0.173,0.172,0.171,0.17,0.167,0.165,0.163,0.161,0.159,0.158,0.156,0.154,0.153,0.151,0.149,0.148,0.146,0.145,0.144,0.143,0.142,0.141,0.139,0.138,0.136,0.135,0.134,0.133,0.132,0.131,0.13,0.129,0.129,0.127,0.127,0.125,0.124,0.122,0.122,0.121,0.118,0.116,0.116,0.115,0.114,0.113,0.113,0.112,0.111,0.111,0.111,0.11,0.109,0.107,0.107,0.108,0.107,0.106,0.106,0.105,0.105,0.104,0.104,0.103,0.102,0.102,0.101,0.101,0.1,0.099,0.098,0.096,0.096,0.096,0.095,0.095,0.094,0.093,0.094,0.093,0.093,0.093,0.093,0.092,0.092,0.092,0.091,0.091,0.091,0.091,0.09,0.09,0.09,0.091,0.089,0.09,0.091,0.089,0.088,0.088,0.088,0.087,0.088,0.088,0.088,0.088,0.087,0.088,0.088,0.085,0.086,0.086,0.086,0.086,0.086,0.086,0.085,0.085,0.084,0.085,0.085,0.084,0.082,0.082,0.082,0.084
Putana,3.06,3.5,3.5,3.5,3.5,2.739,3.193,3.5,3.5,3.5,3.5,3.334,3.5,3.244,3.5,3.5,3.5,3.5,3.5,3.054,3.5,3.5,3.5,3.5,3.5,3.5,3.5,3.5,3.5,3.5,3.5,3.5,3.24,3.5,3.5,3.5,3.5,3.5,3.5,3.5,3.5,3.5,3.5,3.5,3.5,3.5,3.5,3.5,3.5,3.5,3.5,3.5,3.5,3.5,3.5,3.5,3.5,3.5,2.868,3.5,3.5,3.203,3.5,3.5,3.5,3.5,3.5,3.5,3.5,3.5,3.5,3.5,3.5,3.5,3.213,2.769,2.92,3.5,3.246,3.272,3.5,3.5,3.5,3.136,3.5,3.5,3.5,3.5,3.133,3.5,3.5,3.5,3.5,3.5,3.5,3.5,3.5,3.5,3.001,2.693,2.379,2.131,1.914,1.727,1.566,1.444,1.332,1.224,1.146,1.078,1.016,0.966,0.916,0.87,0.825,0.784,0.746,0.709,0.674,0.641,0.61,0.58,0.551,0.527,0.507,0.487,0.467,0.449,0.433,0.418,0.403,0.388,0.377,0.366,0.355,0.345,0.337,0.328,0.318,0.311,0.304,0.297,0.291,0.284,0.279,0.273,0.267,0.262,0.258,0.253,0.248,0.242,0.239,0.235,0.23,0.226,0.222,0.219,0.216,0.212,0.209,0.206,0.203,0.2,0.197,0.194,0.192,0.19,0.188,0.185,0.182,0.179,0.177,0.174,0.173,0.17,0.167,0.166,0.163,0.161,0.159,0.157,0.155,0.154,0.152,0.151,0.149,0.147,0.145,0.144,0.142,0.141,0.139,0.138,0.136,0.135,0.134,0.133,0.131,0.131,0.129,0.127,0.125,0.124,0.123,0.12,0.118,0.118,0.117,0.116,0.115,0.113,0.113,0.112,0.112,0.111,0.11,0.108,0.106,0.106,0.107,0.107,0.105,0.104,0.104,0.104,0.103,0.102,0.101,0.1,0.099,0.098,0.098,0.097,0.095,0.094,0.092,0.092,0.091,0.091,0.09,0.09,0.088,0.088,0.088,0.088,0.088,0.088,0.086,0.086,0.085,0.085,0.085,0.085,0.084,0.084,0.084,0.084,0.084,0.083,0.083,0.084,0.082,0.081,0.081,0.081,0.08,0.08,0.081,0.08,0.08,0.08,0.081,0.081,0.078,0.078,0.078,0.077,0.077,0.077,0.077,0.078,0.076,0.076,0.076,0.077,0.076,0.074,0.075,0.074,0.075
Putana,3.227,2.59,3.5,3.5,3.5,3.068,3.5,3.5,3.5,3.5,3.5,3.5,3.5,3.5,3.5,3.5,3.5,3.5,3.5,3.5,3.5,3.5,3.5,3.5,3.5,3.5,3.5,3.5,3.5,3.5,3.5,3.5,3.5,3.5,3.5,3.5,3.5,3.5,3.5,3.5,3.5,3.5,3.5,3.5,3.5,3.35,3.316,3.5,3.5,3.5,3.5,3.5,3.5,3.5,3.5,3.5,3.5,3.173,2.757,3.5,3.5,3.5,3.5,3.5,3.5,3.5,3.5,3.5,3.5,3.5,3.5,3.5,3.5,3.5,3.07,3.5,3.5,3.5,3.5,3.5,3.346,3.5,3.5,3.5,3.5,3.5,3.5,3.5,3.5,3.5,3.5,3.132,3.051,3.5,3.5,3.5,3.5,3.5,3.041,2.57,2.244,2.099,1.926,1.775,1.648,1.551,1.447,1.354,1.288,1.22,1.16,1.112,1.063,1.015,0.967,0.924,0.88,0.84,0.802,0.765,0.731,0.696,0.662,0.634,0.608,0.584,0.56,0.536,0.516,0.495,0.476,0.455,0.44,0.424,0.41,0.397,0.385,0.374,0.361,0.35,0.341,0.332,0.323,0.315,0.306,0.298,0.291,0.285,0.28,0.274,0.268,0.261,0.256,0.252,0.246,0.241,0.236,0.232,0.229,0.224,0.221,0.218,0.215,0.211,0.209,0.205,0.202,0.2,0.197,0.194,0.191,0.188,0.185,0.183,0.181,0.177,0.175,0.173,0.171,0.168,0.166,0.164,0.163,0.161,0.159,0.158,0.155,0.152,0.151,0.15,0.148,0.146,0.145,0.144,0.142,0.14,0.139,0.138,0.135,0.134,0.133,0.132,0.13,0.128,0.127,0.125,0.122,0.122,0.12,0.119,0.118,0.116,0.117,0.116,0.115,0.114,0.113,0.112,0.111,0.111,0.111,0.11,0.109,0.109,0.108,0.108,0.106,0.105,0.104,0.103,0.102,0.101,0.1,0.099,0.097,0.096,0.095,0.094,0.093,0.092,0.093,0.092,0.09,0.09,0.09,0.09,0.091,0.09,0.089,0.089,0.088,0.087,0.087,0.087,0.087,0.086,0.086,0.086,0.086,0.085,0.085,0.085,0.085,0.084,0.083,0.084,0.083,0.082,0.083,0.083,0.083,0.082,0.083,0.083,0.08,0.08,0.081,0.08,0.079,0.08,0.08,0.081,0.079,0.078,0.079,0.079,0.078,0.077,0.077,0.077,0.077
Amrita,2.291,3.413,3.161,2.61,3.014,3.199,2.754,2.878,3.133,3.586,3.338,3.381,3.593,3.406,3.408,3.243,3.264,3.236,3.281,3.369,3.201,3.313,3.436,3.505,3.581,3.364,3.199,3.515,3.51,3.088,3.469,3.452,3.579,3.517,3.266,3.389,3.606,3.513,3.531,3.5,3.424,3.586,3.603,3.629,3.511,3.545,3.34,3.289,3.558,3.546,3.25,3.364,3.134,3.327,3.481,3.134,3.523,3.282,3.23,2.89,3.078,3.091,3.088,3.128,2.716,3.238,3.168,3.54,3.346,3.102,2.755,2.982,3.096,3.364,3.116,3.03,3.414,3.353,3.209,2.88,3.261,3.157,3.438,3.498,3.591,3.595,3.507,3.628,3.341,3.351,3.329,3.185,3.567,3.541,3.629,3.626,3.437,3.324,3.275,3.114,3.049,3.028,2.785,2.68,2.639,2.585,2.517,2.379,2.175,2.224,2.056,2.014,1.922,1.899,1.945,1.819,1.738,1.778,1.715,1.674,1.629,1.583,1.539,1.512,1.471,1.547,1.45,1.415,1.417,1.437,1.353,1.341,1.317,1.308,1.356,1.259,1.226,1.231,1.28,1.277,1.185,1.21,1.259,1.189,1.129,1.192,1.224,1.159,1.109,1.185,1.091,1.151,1.093,1.091,1.087,1.147,1.059,1.112,1.037,1.072,1.099,1.129,1.026,0.992,1.043,1.056,0.985,1.052,0.985,1.065,1.049,0.96,0.97,0.926,0.945,1.022,1.038,0.976,0.952,1.013,1.01,0.944,0.911,0.947,0.95,0.967,0.902,0.864,0.898,0.961,0.925,0.902,0.885,0.891,0.916,0.964,0.954,0.837,0.928,0.836,0.882,0.847,0.898,0.844,0.872,0.87,0.815,0.805,0.796,0.867,0.852,0.882,0.786,0.828,0.832,0.796,0.812,0.776,0.807,0.838,0.745,0.75,0.844,0.762,0.857,0.828,0.725,0.767,0.838,0.813,0.712,0.742,0.791,0.701,0.789,0.706,0.812,0.773,0.772,0.79,0.711,0.76,0.739,0.787,0.744,0.687,0.775,0.73,0.771,0.737,0.74,0.728,0.724,0.668,0.727,0.708,0.649,0.717,0.678,0.679,0.738,0.674,0.631,0.654,0.691,0.739,0.7,0.661,0.73,0.729,0.677,0.727,0.67,0.655,0.704,0.648,0.584,0.67,0.668,0.591,0.673,0.592,0.688,0.652,0.608,0.655,0.586,0.644,0.57,0.627,0.615
Amrita,2.417,3.449,3.242,2.587,2.98,3.223,2.785,2.856,3.074,3.506,3.448,3.443,3.516,3.403,3.468,3.334,3.3,3.293,3.256,3.463,3.263,3.186,3.401,3.489,3.516,3.395,3.239,3.569,3.594,3.134,3.391,3.4,3.61,3.567,3.236,3.373,3.631,3.542,3.571,3.561,3.451,3.588,3.566,3.634,3.633,3.618,3.251,3.224,3.559,3.634,3.24,3.295,3.034,3.22,3.465,3.183,3.621,3.318,3.207,2.863,3.087,3.128,3.18,3.148,2.724,3.186,3.156,3.622,3.271,3.069,2.754,3.05,3.142,3.304,3.125,2.973,3.39,3.329,3.166,2.985,3.317,3.208,3.438,3.482,3.597,3.507,3.567,3.618,3.314,3.414,3.402,3.225,3.53,3.55,3.612,3.512,3.461,3.274,3.282,3.128,3.139,2.908,2.821,2.743,2.639,2.546,2.596,2.359,2.186,2.272,2.075,2.055,2.033,1.98,1.946,1.863,1.737,1.716,1.761,1.661,1.695,1.555,1.592,1.574,1.533,1.495,1.471,1.435,1.475,1.455,1.439,1.347,1.394,1.286,1.297,1.344,1.281,1.248,1.318,1.184,1.161,1.24,1.149,1.169,1.224,1.132,1.108,1.146,1.206,1.081,1.171,1.169,1.138,1.065,1.096,1.104,1.156,1.054,1.052,1.136,1.063,1.028,1.049,1.075,1.1,1.027,1.023,1,1.043,1.065,1.045,0.956,0.992,0.95,0.99,1.036,0.954,0.906,1.028,0.965,0.934,0.936,1.002,0.888,0.963,0.949,0.924,0.873,0.974,0.959,0.879,0.962,0.861,0.904,0.843,0.919,0.84,0.941,0.896,0.948,0.831,0.84,0.92,0.914,0.892,0.895,0.893,0.884,0.89,0.869,0.765,0.832,0.851,0.855,0.777,0.796,0.859,0.813,0.769,0.86,0.751,0.82,0.85,0.791,0.803,0.752,0.762,0.79,0.835,0.824,0.761,0.798,0.717,0.817,0.793,0.732,0.766,0.752,0.793,0.679,0.792,0.777,0.707,0.693,0.797,0.754,0.668,0.68,0.724,0.707,0.743,0.752,0.753,0.695,0.685,0.738,0.672,0.742,0.664,0.71,0.692,0.668,0.673,0.618,0.679,0.723,0.627,0.623,0.739,0.632,0.714,0.61,0.644,0.697,0.68,0.69,0.702,0.593,0.681,0.612,0.602,0.622,0.661,0.645,0.585,0.596,0.628,0.633,0.688,0.613,0.603
Amrita,2.41,3.404,3.236,2.606,2.949,3.273,2.857,2.813,3.083,3.593,3.344,3.341,3.541,3.47,3.387,3.263,3.315,3.268,3.261,3.459,3.256,3.243,3.363,3.503,3.619,3.359,3.241,3.535,3.521,3.067,3.427,3.413,3.566,3.515,3.328,3.468,3.546,3.573,3.564,3.551,3.415,3.589,3.628,3.554,3.584,3.52,3.251,3.182,3.527,3.571,3.29,3.304,3.098,3.301,3.514,3.208,3.582,3.372,3.289,2.817,3.091,3.025,3.207,3.165,2.692,3.206,3.141,3.516,3.361,3.139,2.802,3.042,3.098,3.306,3.098,2.976,3.406,3.343,3.193,2.958,3.274,3.172,3.421,3.415,3.585,3.621,3.617,3.608,3.357,3.38,3.352,3.127,3.559,3.497,3.571,3.511,3.382,3.232,3.285,3.137,3.061,3.008,2.819,2.793,2.661,2.593,2.607,2.334,2.205,2.243,2.025,2.1,1.97,1.946,1.948,1.869,1.738,1.714,1.742,1.694,1.652,1.595,1.618,1.556,1.557,1.473,1.484,1.419,1.436,1.407,1.406,1.376,1.375,1.358,1.372,1.323,1.272,1.219,1.312,1.237,1.248,1.163,1.206,1.131,1.204,1.232,1.199,1.128,1.173,1.208,1.173,1.146,1.184,1.111,1.141,1.156,1.042,1.138,1.056,1.1,1.101,1.071,1.043,1.038,1.101,1.039,1.027,1.043,1.075,0.996,0.963,0.943,0.972,1.046,1.025,0.946,0.977,0.99,0.957,1.021,0.977,0.891,1.001,0.924,0.891,0.867,0.901,0.955,0.947,0.965,0.848,0.96,0.944,0.851,0.911,0.931,0.928,0.867,0.95,0.881,0.855,0.842,0.915,0.814,0.892,0.794,0.901,0.798,0.783,0.869,0.806,0.814,0.838,0.77,0.851,0.877,0.759,0.845,0.801,0.768,0.813,0.8,0.769,0.739,0.752,0.861,0.829,0.786,0.833,0.717,0.708,0.825,0.752,0.829,0.719,0.787,0.693,0.81,0.788,0.81,0.688,0.804,0.801,0.69,0.764,0.715,0.718,0.739,0.704,0.655,0.761,0.678,0.648,0.678,0.691,0.7,0.744,0.729,0.657,0.687,0.638,0.705,0.645,0.655,0.7,0.651,0.694,0.733,0.667,0.707,0.68,0.616,0.608,0.711,0.724,0.585,0.585,0.641,0.639,0.684,0.703,0.599,0.621,0.567,0.623,0.68,0.569,0.677,0.691,0.686,0.672
Amrita,2.299,3.397,3.247,2.635,3.021,3.21,2.827,2.871,3.066,3.564,3.44,3.382,3.516,3.497,3.42,3.261,3.266,3.238,3.353,3.361,3.168,3.301,3.463,3.553,3.618,3.335,3.301,3.62,3.528,3.064,3.399,3.413,3.606,3.556,3.281,3.464,3.549,3.554,3.544,3.499,3.491,3.558,3.535,3.509,3.571,3.504,3.251,3.226,3.587,3.619,3.343,3.332,3.059,3.202,3.523,3.17,3.573,3.277,3.199,2.798,3.043,3.023,3.095,3.169,2.692,3.132,3.201,3.578,3.258,3.037,2.753,2.963,3.02,3.354,3.228,3.081,3.413,3.431,3.266,2.876,3.233,3.247,3.416,3.522,3.548,3.613,3.512,3.561,3.392,3.39,3.295,3.147,3.578,3.489,3.63,3.571,3.358,3.192,3.247,3.154,3.108,3.001,2.901,2.718,2.611,2.611,2.588,2.409,2.241,2.204,2.088,2.044,1.937,1.999,2.001,1.852,1.751,1.799,1.734,1.691,1.727,1.635,1.508,1.591,1.459,1.558,1.408,1.428,1.422,1.399,1.358,1.414,1.287,1.272,1.316,1.335,1.286,1.323,1.212,1.29,1.212,1.211,1.147,1.142,1.15,1.222,1.2,1.11,1.221,1.122,1.141,1.115,1.08,1.133,1.17,1.149,1.062,1.023,1.086,1.075,1.106,1.131,0.997,0.989,1.021,1.051,1.012,0.967,1,1.028,1.052,0.949,1,0.941,0.931,0.946,0.922,0.982,0.935,0.915,0.943,0.914,0.887,0.927,0.903,0.97,0.925,0.945,0.967,0.936,0.921,0.947,0.955,0.934,0.952,0.937,0.888,0.871,0.846,0.83,0.936,0.813,0.892,0.835,0.887,0.907,0.893,0.907,0.775,0.906,0.882,0.895,0.817,0.849,0.772,0.835,0.792,0.855,0.772,0.766,0.807,0.752,0.804,0.731,0.782,0.73,0.743,0.791,0.821,0.731,0.709,0.809,0.728,0.75,0.703,0.709,0.742,0.683,0.695,0.691,0.683,0.777,0.705,0.692,0.697,0.695,0.731,0.748,0.759,0.769,0.696,0.641,0.767,0.66,0.699,0.723,0.767,0.632,0.738,0.705,0.747,0.674,0.749,0.679,0.632,0.715,0.74,0.616,0.665,0.734,0.717,0.629,0.684,0.682,0.701,0.704,0.715,0.634,0.591,0.693,0.638,0.688,0.578,0.68,0.685,0.694,0.664,0.572,0.664,0.571,0.56
Amrita,2.393,3.437,3.25,2.573,3,3.241,2.861,2.847,3.165,3.551,3.388,3.415,3.538,3.494,3.341,3.298,3.222,3.183,3.333,3.466,3.292,3.273,3.391,3.535,3.634,3.33,3.31,3.515,3.624,3.023,3.428,3.375,3.508,3.583,3.351,3.466,3.529,3.569,3.54,3.614,3.523,3.563,3.629,3.571,3.612,3.581,3.276,3.267,3.631,3.517,3.269,3.345,3.052,3.321,3.471,3.145,3.566,3.239,3.319,2.872,3.051,3.112,3.207,3.09,2.682,3.184,3.155,3.623,3.303,3.031,2.839,3.003,3.059,3.301,3.163,3.085,3.405,3.316,3.193,2.968,3.307,3.259,3.346,3.438,3.622,3.627,3.523,3.592,3.332,3.442,3.355,3.099,3.528,3.561,3.605,3.634,3.403,3.247,3.36,3.153,3.128,3.011,2.892,2.712,2.701,2.583,2.545,2.421,2.268,2.228,2.159,2.092,2.025,1.991,1.884,1.914,1.731,1.818,1.697,1.755,1.761,1.604,1.54,1.526,1.58,1.524,1.474,1.462,1.405,1.359,1.343,1.411,1.3,1.394,1.279,1.24,1.308,1.279,1.233,1.246,1.16,1.207,1.207,1.203,1.125,1.116,1.222,1.224,1.187,1.147,1.066,1.069,1.069,1.069,1.155,1.164,1.146,1.082,1.104,1.078,1.008,1.064,1.09,1.072,0.982,1.099,0.986,0.972,1.038,0.996,0.963,0.956,0.979,0.983,1.025,0.978,1.024,1.032,1.01,0.935,1.006,0.965,0.919,0.892,0.969,0.885,0.875,0.959,0.896,0.921,0.97,0.976,0.944,0.85,0.867,0.861,0.929,0.884,0.94,0.924,0.833,0.809,0.918,0.931,0.796,0.837,0.866,0.851,0.877,0.821,0.811,0.867,0.815,0.803,0.852,0.75,0.754,0.845,0.772,0.754,0.847,0.758,0.735,0.842,0.795,0.764,0.825,0.813,0.821,0.712,0.813,0.706,0.829,0.739,0.753,0.812,0.816,0.723,0.742,0.775,0.679,0.8,0.754,0.717,0.765,0.734,0.728,0.737,0.714,0.68,0.664,0.733,0.729,0.751,0.689,0.698,0.705,0.762,0.639,0.624,0.656,0.698,0.735,0.745,0.711,0.619,0.665,0.689,0.673,0.69,0.683,0.633,0.727,0.613,0.619,0.715,0.716,0.585,0.614,0.637,0.699,0.595,0.649,0.638,0.615,0.58,0.623,0.586,0.661,0.62,0.553
Amrita,2.955,3.583,3.452,2.882,2.823,3.493,2.846,3.315,3.378,3.596,3.478,3.42,3.635,3.646,3.621,3.538,3.43,3.521,3.558,3.407,3.653,3.561,3.416,3.538,3.57,3.51,3.418,3.579,3.631,3.264,3.596,3.547,3.598,3.618,3.561,3.612,3.555,3.598,3.517,3.586,3.175,3.582,3.589,3.531,3.536,3.646,3.271,3.505,3.535,3.593,3.586,3.599,2.822,3.326,3.501,3.617,3.556,3.515,3.211,3.426,3.328,3.449,3.505,3.397,3.502,3.384,3.16,3.576,3.603,3.447,3.503,3.441,3.269,3.168,3.525,3.029,3.618,3.644,3.613,2.9,3.381,3.651,3.621,3.644,3.523,3.513,3.634,3.555,3.407,3.226,3.593,3.513,3.65,3.537,3.525,3.564,3.538,3.626,3.538,3.617,3.598,3.422,3.22,3.067,2.968,2.883,2.789,2.645,2.563,2.573,2.582,2.53,2.445,2.347,2.494,2.463,2.261,2.324,2.398,2.301,2.298,2.168,2.09,2.124,1.894,1.968,1.874,1.885,1.778,1.756,1.599,1.552,1.56,1.567,1.399,1.43,1.284,1.346,1.317,1.232,1.195,1.105,1.09,1.043,1.115,1.028,1.006,1.014,1.036,1.015,0.952,0.898,0.954,0.953,0.945,0.927,0.775,0.866,0.789,0.745,0.776,0.822,0.71,0.733,0.723,0.728,0.718,0.701,0.761,0.746,0.736,0.633,0.63,0.629,0.633,0.718,0.613,0.601,0.575,0.672,0.595,0.571,0.622,0.604,0.563,0.543,0.63,0.61,0.525,0.547,0.63,0.574,0.564,0.644,0.547,0.537,0.5,0.536,0.488,0.527,0.551,0.552,0.538,0.57,0.513,0.47,0.56,0.442,0.564,0.495,0.549,0.503,0.476,0.509,0.52,0.442,0.501,0.521,0.528,0.529,0.423,0.476,0.431,0.44,0.446,0.42,0.527,0.435,0.415,0.401,0.467,0.395,0.489,0.473,0.394,0.397,0.512,0.392,0.488,0.412,0.418,0.429,0.499,0.402,0.396,0.453,0.391,0.471,0.394,0.464,0.426,0.39,0.412,0.336,0.342,0.447,0.342,0.402,0.373,0.366,0.351,0.392,0.378,0.326,0.419,0.435,0.406,0.368,0.395,0.436,0.322,0.354,0.34,0.335,0.459,0.431,0.425,0.39,0.451,0.308,0.412,0.309,0.378,0.342,0.421,0.412,0.341,0.417,0.312,0.407,0.374
Amrita,2.954,3.603,3.371,2.855,2.868,3.442,2.921,3.332,3.338,3.633,3.385,3.379,3.579,3.628,3.547,3.507,3.44,3.428,3.432,3.401,3.533,3.536,3.522,3.644,3.551,3.436,3.462,3.52,3.548,3.351,3.631,3.599,3.605,3.568,3.571,3.487,3.627,3.642,3.638,3.518,3.204,3.549,3.564,3.651,3.621,3.655,3.342,3.649,3.486,3.527,3.501,3.521,2.923,3.273,3.574,3.527,3.551,3.536,3.178,3.355,3.437,3.543,3.546,3.299,3.416,3.409,3.18,3.545,3.629,3.404,3.634,3.383,3.247,3.107,3.567,3.083,3.531,3.586,3.573,2.934,3.468,3.603,3.534,3.53,3.626,3.566,3.514,3.582,3.395,3.189,3.613,3.543,3.629,3.629,3.501,3.569,3.621,3.612,3.522,3.521,3.631,3.4,3.13,2.94,2.908,2.887,2.677,2.626,2.671,2.648,2.485,2.526,2.466,2.412,2.467,2.346,2.311,2.312,2.299,2.319,2.275,2.269,2.189,2.082,1.914,2.029,1.901,1.801,1.861,1.724,1.651,1.58,1.598,1.453,1.5,1.386,1.321,1.259,1.239,1.261,1.237,1.099,1.166,1.173,1.123,1.028,0.952,1.036,1.033,1.015,1.006,0.909,0.903,0.82,0.897,0.887,0.817,0.831,0.823,0.788,0.867,0.756,0.748,0.713,0.7,0.72,0.68,0.652,0.767,0.637,0.72,0.666,0.666,0.72,0.682,0.637,0.647,0.686,0.662,0.603,0.602,0.634,0.601,0.579,0.553,0.642,0.677,0.627,0.64,0.525,0.644,0.639,0.504,0.609,0.584,0.609,0.602,0.574,0.479,0.505,0.505,0.536,0.482,0.577,0.485,0.47,0.495,0.465,0.528,0.499,0.544,0.488,0.558,0.496,0.547,0.514,0.488,0.413,0.554,0.412,0.497,0.421,0.404,0.496,0.487,0.437,0.475,0.521,0.502,0.451,0.377,0.38,0.446,0.371,0.426,0.494,0.402,0.424,0.496,0.355,0.451,0.364,0.434,0.39,0.369,0.378,0.402,0.443,0.361,0.401,0.42,0.363,0.463,0.423,0.455,0.439,0.454,0.444,0.422,0.471,0.405,0.43,0.345,0.335,0.339,0.336,0.406,0.447,0.35,0.458,0.456,0.342,0.392,0.457,0.461,0.379,0.412,0.359,0.378,0.374,0.432,0.446,0.445,0.326,0.385,0.335,0.372,0.325,0.393,0.385,0.415
Amrita,2.983,3.573,3.418,2.875,2.939,3.462,2.862,3.366,3.276,3.606,3.49,3.348,3.544,3.513,3.505,3.568,3.469,3.488,3.448,3.395,3.631,3.529,3.504,3.501,3.593,3.548,3.399,3.611,3.626,3.39,3.635,3.514,3.644,3.539,3.573,3.474,3.621,3.623,3.574,3.513,3.169,3.502,3.611,3.576,3.544,3.518,3.302,3.653,3.484,3.599,3.586,3.523,2.841,3.309,3.589,3.537,3.521,3.533,3.152,3.386,3.392,3.561,3.528,3.349,3.447,3.308,3.199,3.551,3.536,3.511,3.644,3.454,3.263,3.061,3.522,3.051,3.654,3.522,3.601,2.988,3.531,3.639,3.512,3.546,3.596,3.531,3.514,3.598,3.401,3.284,3.601,3.535,3.558,3.579,3.616,3.518,3.532,3.58,3.548,3.552,3.529,3.355,3.1,2.952,2.918,2.826,2.709,2.683,2.65,2.592,2.485,2.568,2.553,2.341,2.407,2.462,2.363,2.414,2.29,2.33,2.348,2.17,2.048,2.112,1.976,2.087,1.861,1.898,1.841,1.793,1.69,1.541,1.523,1.497,1.411,1.335,1.324,1.258,1.288,1.253,1.235,1.118,1.119,1.132,1.092,1.04,0.992,0.987,1.044,0.894,0.996,0.935,0.852,0.915,0.934,0.905,0.794,0.826,0.795,0.837,0.836,0.811,0.735,0.708,0.804,0.681,0.8,0.738,0.654,0.682,0.637,0.742,0.734,0.677,0.698,0.631,0.611,0.632,0.703,0.626,0.674,0.612,0.605,0.582,0.669,0.632,0.614,0.672,0.536,0.592,0.537,0.605,0.637,0.517,0.507,0.485,0.59,0.56,0.483,0.495,0.574,0.509,0.578,0.453,0.558,0.466,0.54,0.522,0.552,0.44,0.511,0.498,0.554,0.504,0.564,0.55,0.459,0.513,0.528,0.469,0.514,0.433,0.454,0.524,0.416,0.529,0.529,0.443,0.486,0.502,0.476,0.407,0.447,0.444,0.458,0.505,0.47,0.404,0.414,0.363,0.442,0.495,0.48,0.443,0.439,0.477,0.362,0.489,0.377,0.431,0.359,0.478,0.357,0.344,0.455,0.406,0.328,0.48,0.443,0.471,0.432,0.477,0.383,0.384,0.456,0.369,0.396,0.417,0.361,0.389,0.332,0.418,0.383,0.334,0.411,0.349,0.392,0.427,0.353,0.34,0.429,0.453,0.322,0.361,0.34,0.428,0.366,0.33,0.297,0.344,0.302
Amrita,2.95,3.619,3.435,2.889,2.857,3.473,2.776,3.333,3.412,3.533,3.41,3.418,3.598,3.54,3.536,3.552,3.441,3.475,3.501,3.466,3.594,3.586,3.471,3.63,3.554,3.496,3.389,3.501,3.558,3.359,3.54,3.544,3.621,3.559,3.496,3.6,3.528,3.543,3.611,3.589,3.172,3.549,3.569,3.621,3.594,3.608,3.211,3.565,3.461,3.627,3.652,3.614,2.856,3.303,3.594,3.531,3.613,3.56,3.224,3.336,3.313,3.56,3.556,3.324,3.508,3.371,3.151,3.617,3.606,3.521,3.644,3.483,3.289,3.05,3.53,3.165,3.508,3.52,3.516,2.984,3.382,3.627,3.601,3.623,3.521,3.534,3.539,3.513,3.321,3.193,3.585,3.57,3.611,3.613,3.553,3.608,3.643,3.648,3.515,3.512,3.603,3.417,3.118,3.071,2.954,2.757,2.702,2.744,2.563,2.591,2.554,2.537,2.526,2.441,2.358,2.444,2.257,2.32,2.378,2.255,2.272,2.187,2.128,2.075,2.015,1.982,1.912,1.877,1.783,1.797,1.663,1.536,1.483,1.519,1.449,1.343,1.374,1.342,1.313,1.184,1.217,1.119,1.137,1.18,1.04,1.128,0.962,1,0.906,0.9,0.918,0.897,0.973,0.868,0.945,0.916,0.766,0.84,0.808,0.796,0.815,0.748,0.81,0.81,0.686,0.725,0.766,0.688,0.729,0.635,0.711,0.736,0.738,0.733,0.734,0.737,0.697,0.676,0.602,0.583,0.577,0.674,0.559,0.654,0.666,0.529,0.533,0.67,0.544,0.56,0.656,0.65,0.563,0.628,0.508,0.489,0.489,0.526,0.527,0.514,0.588,0.545,0.554,0.492,0.537,0.594,0.534,0.439,0.527,0.469,0.556,0.446,0.445,0.561,0.479,0.473,0.436,0.42,0.472,0.547,0.407,0.5,0.501,0.416,0.444,0.452,0.472,0.398,0.408,0.508,0.392,0.38,0.387,0.483,0.403,0.505,0.366,0.366,0.429,0.451,0.456,0.45,0.354,0.412,0.346,0.384,0.409,0.447,0.495,0.429,0.4,0.487,0.38,0.446,0.331,0.478,0.355,0.388,0.367,0.368,0.337,0.467,0.415,0.343,0.414,0.443,0.408,0.451,0.405,0.411,0.31,0.441,0.397,0.367,0.398,0.321,0.328,0.416,0.312,0.328,0.323,0.361,0.376,0.336,0.316,0.434,0.298,0.333,0.437,0.305,0.362
Amrita,2.86,3.573,3.382,2.97,2.871,3.407,2.927,3.366,3.33,3.6,3.357,3.433,3.561,3.503,3.56,3.612,3.512,3.458,3.521,3.456,3.615,3.583,3.55,3.514,3.647,3.472,3.362,3.596,3.548,3.371,3.533,3.504,3.597,3.621,3.566,3.53,3.578,3.557,3.523,3.629,3.238,3.624,3.533,3.568,3.582,3.543,3.276,3.528,3.534,3.594,3.548,3.509,2.851,3.312,3.538,3.513,3.589,3.629,3.171,3.429,3.366,3.553,3.519,3.364,3.487,3.327,3.093,3.568,3.609,3.526,3.567,3.398,3.23,3.053,3.6,3.157,3.617,3.592,3.63,2.92,3.472,3.636,3.579,3.573,3.533,3.646,3.648,3.618,3.28,3.191,3.56,3.551,3.616,3.526,3.584,3.544,3.545,3.503,3.501,3.613,3.607,3.353,3.115,3.086,2.903,2.829,2.683,2.66,2.698,2.533,2.542,2.467,2.47,2.407,2.369,2.47,2.347,2.374,2.32,2.249,2.252,2.27,2.14,2.053,1.982,1.946,1.834,1.797,1.79,1.677,1.704,1.599,1.563,1.503,1.433,1.34,1.282,1.354,1.228,1.293,1.272,1.132,1.157,1.091,1.054,1.115,1.058,1.059,0.938,0.977,0.875,0.861,0.927,0.851,0.905,0.818,0.91,0.81,0.891,0.798,0.773,0.747,0.765,0.734,0.676,0.776,0.708,0.77,0.691,0.767,0.773,0.623,0.701,0.622,0.744,0.683,0.723,0.591,0.603,0.578,0.707,0.665,0.678,0.606,0.559,0.661,0.646,0.669,0.601,0.579,0.61,0.608,0.519,0.632,0.505,0.63,0.481,0.515,0.582,0.61,0.534,0.495,0.506,0.583,0.586,0.465,0.555,0.444,0.462,0.516,0.454,0.428,0.571,0.511,0.487,0.521,0.414,0.462,0.473,0.457,0.535,0.551,0.422,0.544,0.537,0.489,0.411,0.453,0.534,0.419,0.494,0.479,0.446,0.397,0.365,0.4,0.466,0.479,0.431,0.443,0.4,0.443,0.458,0.347,0.387,0.382,0.457,0.413,0.345,0.458,0.412,0.486,0.351,0.419,0.339,0.438,0.359,0.337,0.479,0.409,0.397,0.412,0.347,0.366,0.435,0.405,0.369,0.36,0.373,0.398,0.423,0.325,0.36,0.451,0.395,0.446,0.354,0.387,0.346,0.393,0.317,0.314,0.441,0.299,0.313,0.343,0.433,0.31,0.386,0.394,0.433
Amrita,2.895,3.544,3.547,3.6,3.608,3.301,3.523,3.603,3.579,3.596,3.513,3.512,3.593,3.31,3.577,3.526,3.25,3.569,3.554,3.27,3.536,3.638,3.586,3.536,3.581,3.598,3.516,3.533,3.51,3.584,3.611,3.585,3.579,3.517,3.536,3.544,3.606,3.513,3.531,3.519,3.519,3.586,3.603,3.629,3.511,3.545,3.53,3.625,3.558,3.546,2.947,3.598,3.608,3.634,3.546,3.517,3.523,3.216,2.778,3.608,3.558,3.572,3.504,3.554,3.603,3.633,3.579,3.54,3.599,3.599,3.324,3.37,3.579,3.584,3.519,3.558,3.61,3.543,3.549,3.042,3.049,3.532,3.628,3.169,3.491,3.33,3.432,3.168,3.036,2.944,3.563,3.589,3.567,3.558,3.202,3.189,3.596,3.633,3.536,3.553,3.534,3.636,3.522,3.516,3.328,3.251,2.842,2.672,2.466,2.343,2.249,2.178,2.107,2.027,2.017,1.914,1.837,1.871,1.751,1.69,1.636,1.643,1.587,1.551,1.509,1.575,1.495,1.445,1.429,1.452,1.366,1.359,1.33,1.32,1.361,1.271,1.232,1.243,1.287,1.292,1.201,1.228,1.276,1.204,1.149,1.203,1.234,1.169,1.121,1.209,1.109,1.167,1.105,1.111,1.106,1.161,1.07,1.128,1.051,1.092,1.115,1.146,1.042,1.009,1.066,1.078,1.003,1.073,1.009,1.087,1.073,0.983,0.99,0.951,0.968,1.046,1.066,1.003,0.978,1.042,1.038,0.974,0.942,0.977,0.981,1.005,0.939,0.899,0.936,1,0.964,0.943,0.928,0.931,0.959,1.008,0.998,0.886,0.98,0.888,0.933,0.899,0.951,0.898,0.925,0.924,0.87,0.863,0.856,0.928,0.915,0.946,0.852,0.893,0.899,0.866,0.885,0.849,0.876,0.909,0.82,0.827,0.921,0.84,0.938,0.908,0.806,0.852,0.925,0.9,0.802,0.834,0.883,0.79,0.88,0.799,0.906,0.868,0.867,0.888,0.809,0.858,0.838,0.885,0.844,0.791,0.88,0.835,0.875,0.843,0.847,0.84,0.832,0.779,0.842,0.82,0.765,0.835,0.797,0.798,0.858,0.794,0.754,0.777,0.817,0.865,0.826,0.788,0.86,0.862,0.811,0.858,0.809,0.795,0.84,0.785,0.722,0.81,0.812,0.736,0.818,0.736,0.832,0.798,0.758,0.807,0.738,0.794,0.723,0.783,0.771
Amrita,3.021,3.58,3.628,3.577,3.574,3.325,3.554,3.581,3.52,3.516,3.623,3.574,3.516,3.307,3.637,3.617,3.286,3.626,3.529,3.364,3.598,3.511,3.551,3.52,3.516,3.629,3.556,3.587,3.594,3.63,3.533,3.533,3.61,3.567,3.506,3.528,3.631,3.542,3.571,3.58,3.546,3.588,3.566,3.634,3.633,3.618,3.441,3.56,3.559,3.634,2.937,3.529,3.508,3.527,3.53,3.566,3.621,3.252,2.755,3.581,3.567,3.609,3.596,3.574,3.611,3.581,3.567,3.622,3.524,3.566,3.323,3.438,3.625,3.524,3.528,3.501,3.586,3.519,3.506,3.147,3.105,3.583,3.628,3.153,3.497,3.242,3.492,3.158,3.009,3.007,3.636,3.629,3.53,3.567,3.185,3.075,3.62,3.583,3.543,3.567,3.624,3.516,3.558,3.579,3.328,3.212,2.921,2.652,2.477,2.391,2.268,2.219,2.218,2.108,2.018,1.958,1.836,1.809,1.797,1.677,1.702,1.615,1.64,1.613,1.571,1.523,1.516,1.465,1.487,1.47,1.452,1.365,1.407,1.298,1.302,1.356,1.287,1.26,1.325,1.199,1.177,1.258,1.166,1.184,1.244,1.143,1.118,1.156,1.218,1.105,1.189,1.185,1.15,1.085,1.115,1.118,1.167,1.07,1.066,1.156,1.079,1.045,1.065,1.092,1.123,1.049,1.041,1.021,1.067,1.087,1.069,0.979,1.012,0.975,1.013,1.06,0.982,0.933,1.054,0.994,0.962,0.966,1.033,0.918,0.994,0.987,0.961,0.908,1.012,0.998,0.918,1.003,0.904,0.944,0.886,0.963,0.884,0.99,0.948,1,0.882,0.892,0.973,0.968,0.945,0.949,0.948,0.942,0.95,0.93,0.828,0.896,0.917,0.92,0.844,0.866,0.932,0.886,0.838,0.931,0.826,0.897,0.927,0.869,0.884,0.832,0.843,0.875,0.922,0.911,0.851,0.89,0.809,0.906,0.884,0.825,0.86,0.847,0.888,0.777,0.89,0.875,0.806,0.791,0.897,0.858,0.773,0.785,0.828,0.813,0.85,0.864,0.861,0.806,0.8,0.85,0.788,0.86,0.783,0.829,0.812,0.788,0.796,0.741,0.805,0.849,0.753,0.75,0.869,0.765,0.848,0.741,0.783,0.837,0.816,0.827,0.84,0.733,0.825,0.757,0.747,0.766,0.805,0.791,0.735,0.748,0.78,0.783,0.841,0.769,0.759
Amrita,3.014,3.535,3.622,3.596,3.543,3.375,3.626,3.538,3.529,3.603,3.519,3.472,3.541,3.374,3.556,3.546,3.301,3.601,3.534,3.36,3.591,3.568,3.513,3.534,3.619,3.593,3.558,3.553,3.521,3.563,3.569,3.546,3.566,3.515,3.598,3.623,3.546,3.573,3.564,3.57,3.51,3.589,3.628,3.554,3.584,3.52,3.441,3.518,3.527,3.571,2.987,3.538,3.572,3.608,3.579,3.591,3.582,3.306,2.837,3.535,3.571,3.506,3.623,3.591,3.579,3.601,3.552,3.516,3.614,3.636,3.371,3.43,3.581,3.526,3.501,3.504,3.602,3.533,3.533,3.12,3.062,3.547,3.611,3.086,3.485,3.356,3.542,3.148,3.052,2.973,3.586,3.531,3.559,3.514,3.144,3.074,3.541,3.541,3.546,3.576,3.546,3.616,3.556,3.629,3.35,3.259,2.932,2.627,2.496,2.362,2.218,2.264,2.155,2.074,2.02,1.964,1.837,1.807,1.778,1.71,1.659,1.655,1.666,1.595,1.595,1.501,1.529,1.449,1.448,1.422,1.419,1.394,1.388,1.37,1.377,1.335,1.278,1.231,1.319,1.252,1.264,1.181,1.223,1.146,1.224,1.243,1.209,1.138,1.185,1.232,1.191,1.162,1.196,1.131,1.16,1.17,1.053,1.154,1.07,1.12,1.117,1.088,1.059,1.055,1.124,1.061,1.045,1.064,1.099,1.018,0.987,0.966,0.992,1.071,1.048,0.97,1.005,1.017,0.983,1.05,1.005,0.921,1.032,0.954,0.922,0.905,0.938,0.99,0.985,1.004,0.887,1.001,0.987,0.891,0.954,0.975,0.972,0.916,1.002,0.933,0.906,0.894,0.968,0.868,0.945,0.848,0.956,0.856,0.843,0.93,0.869,0.878,0.904,0.835,0.918,0.947,0.832,0.918,0.87,0.839,0.888,0.877,0.846,0.817,0.833,0.941,0.91,0.871,0.92,0.804,0.798,0.917,0.844,0.918,0.81,0.88,0.787,0.905,0.883,0.908,0.786,0.902,0.9,0.788,0.864,0.819,0.823,0.844,0.808,0.761,0.868,0.79,0.756,0.789,0.806,0.812,0.86,0.847,0.776,0.806,0.758,0.825,0.768,0.778,0.826,0.777,0.82,0.86,0.797,0.84,0.814,0.747,0.747,0.851,0.86,0.722,0.723,0.781,0.783,0.829,0.848,0.743,0.765,0.713,0.773,0.832,0.721,0.827,0.844,0.842,0.828
Amrita,2.903,3.528,3.633,3.625,3.615,3.312,3.596,3.596,3.512,3.574,3.615,3.513,3.516,3.401,3.589,3.544,3.252,3.571,3.626,3.262,3.503,3.626,3.613,3.584,3.618,3.569,3.618,3.638,3.528,3.56,3.541,3.546,3.606,3.556,3.551,3.619,3.549,3.554,3.544,3.518,3.586,3.558,3.535,3.509,3.571,3.504,3.441,3.562,3.587,3.619,3.04,3.566,3.533,3.509,3.588,3.553,3.573,3.211,2.747,3.516,3.523,3.504,3.511,3.595,3.579,3.527,3.612,3.578,3.511,3.534,3.322,3.351,3.503,3.574,3.631,3.609,3.609,3.621,3.606,3.038,3.021,3.622,3.606,3.193,3.448,3.348,3.437,3.101,3.087,2.983,3.529,3.551,3.578,3.506,3.203,3.134,3.517,3.501,3.508,3.593,3.593,3.609,3.638,3.554,3.3,3.277,2.913,2.702,2.532,2.323,2.281,2.208,2.122,2.127,2.073,1.947,1.85,1.892,1.77,1.707,1.734,1.695,1.556,1.63,1.497,1.586,1.453,1.458,1.434,1.414,1.371,1.432,1.3,1.284,1.321,1.347,1.292,1.335,1.219,1.305,1.228,1.229,1.164,1.157,1.17,1.233,1.21,1.12,1.233,1.146,1.159,1.131,1.092,1.153,1.189,1.163,1.073,1.039,1.1,1.095,1.122,1.148,1.013,1.006,1.044,1.073,1.03,0.988,1.024,1.05,1.076,0.972,1.02,0.966,0.954,0.97,0.95,1.009,0.961,0.944,0.971,0.944,0.918,0.957,0.934,1.008,0.962,0.98,1.005,0.975,0.96,0.988,0.998,0.974,0.995,0.981,0.932,0.92,0.898,0.882,0.987,0.865,0.945,0.889,0.94,0.961,0.948,0.965,0.835,0.967,0.945,0.959,0.883,0.914,0.839,0.905,0.865,0.928,0.841,0.837,0.882,0.829,0.881,0.809,0.863,0.81,0.824,0.876,0.908,0.818,0.799,0.901,0.82,0.839,0.794,0.802,0.836,0.778,0.79,0.789,0.781,0.875,0.804,0.79,0.797,0.799,0.836,0.853,0.863,0.875,0.803,0.753,0.875,0.771,0.814,0.835,0.883,0.75,0.857,0.824,0.867,0.794,0.872,0.802,0.758,0.841,0.866,0.743,0.795,0.867,0.851,0.76,0.823,0.822,0.837,0.841,0.853,0.774,0.735,0.838,0.783,0.832,0.722,0.826,0.835,0.846,0.816,0.722,0.817,0.727,0.716
Amrita,2.997,3.568,3.636,3.563,3.594,3.343,3.63,3.572,3.611,3.561,3.563,3.546,3.538,3.398,3.51,3.581,3.208,3.516,3.606,3.367,3.627,3.598,3.541,3.566,3.634,3.564,3.627,3.533,3.624,3.519,3.57,3.508,3.508,3.583,3.621,3.621,3.529,3.569,3.54,3.633,3.618,3.563,3.629,3.571,3.612,3.581,3.466,3.603,3.631,3.517,2.966,3.579,3.526,3.628,3.536,3.528,3.566,3.173,2.867,3.59,3.531,3.593,3.623,3.516,3.569,3.579,3.566,3.623,3.556,3.528,3.408,3.391,3.542,3.521,3.566,3.613,3.601,3.506,3.533,3.13,3.095,3.634,3.536,3.109,3.522,3.362,3.448,3.132,3.027,3.035,3.589,3.503,3.528,3.578,3.178,3.197,3.562,3.556,3.621,3.592,3.613,3.619,3.629,3.548,3.39,3.249,2.87,2.714,2.559,2.347,2.352,2.256,2.21,2.119,1.956,2.009,1.83,1.911,1.733,1.771,1.768,1.664,1.588,1.565,1.618,1.552,1.519,1.492,1.417,1.374,1.356,1.429,1.313,1.406,1.284,1.252,1.314,1.291,1.24,1.261,1.176,1.225,1.224,1.218,1.145,1.127,1.232,1.234,1.199,1.171,1.084,1.085,1.081,1.089,1.174,1.178,1.157,1.098,1.118,1.098,1.024,1.081,1.106,1.089,1.005,1.121,1.004,0.993,1.062,1.018,0.987,0.979,0.999,1.008,1.048,1.002,1.052,1.059,1.036,0.964,1.034,0.995,0.95,0.922,1,0.923,0.912,0.994,0.934,0.96,1.009,1.017,0.987,0.89,0.91,0.905,0.973,0.933,0.992,0.976,0.884,0.861,0.971,0.985,0.849,0.891,0.921,0.909,0.937,0.882,0.874,0.931,0.881,0.868,0.919,0.82,0.827,0.918,0.841,0.825,0.922,0.835,0.812,0.92,0.876,0.844,0.906,0.898,0.908,0.799,0.903,0.798,0.921,0.828,0.844,0.905,0.91,0.818,0.837,0.873,0.777,0.898,0.853,0.815,0.865,0.838,0.833,0.842,0.818,0.786,0.771,0.845,0.837,0.862,0.804,0.81,0.821,0.88,0.758,0.743,0.776,0.818,0.858,0.868,0.837,0.745,0.791,0.816,0.803,0.823,0.817,0.764,0.866,0.753,0.755,0.852,0.854,0.725,0.758,0.782,0.844,0.739,0.793,0.784,0.765,0.732,0.775,0.736,0.814,0.776,0.709
Amrita,2.336,2.336,2.336,2.336,2.336,2.336,2.336,2.336,2.336,2.336,2.336,2.336,2.336,2.336,2.336,2.336,2.336,2.336,2.336,2.336,2.336,2.336,2.336,2.336,2.336,2.336,2.336,2.336,2.336,2.336,2.336,2.336,2.336,2.336,2.336,2.336,2.336,2.336,2.336,2.336,2.336,2.336,2.336,2.336,2.336,2.336,2.336,2.336,2.336,2.336,2.336,2.336,2.336,2.336,2.336,2.336,2.336,2.336,2.336,2.336,2.336,2.336,2.336,2.336,2.336,2.336,2.336,2.336,2.336,2.336,2.336,2.336,2.336,2.336,2.336,2.336,2.336,2.336,2.336,2.336,2.336,2.336,2.336,2.336,2.336,2.336,2.336,2.336,2.336,2.336,2.336,2.336,2.336,2.336,2.336,2.336,2.336,2.336,2.336,2.336,2.336,2.336,2.336,2.336,2.336,2.336,2.336,2.336,2.336,2.336,2.336,2.336,2.336,2.336,2.336,2.336,2.336,2.336,2.336,2.336,2.336,2.336,2.336,2.336,2.336,2.336,2.336,2.336,2.336,2.336,2.336,2.336,2.336,2.336,2.336,2.336,2.336,2.336,2.336,2.336,2.336,2.336,2.336,2.336,2.336,2.336,2.336,2.336,2.336,2.336,2.336,2.336,2.336,2.336,2.336,2.336,2.336,2.336,2.336,2.336,2.336,2.336,2.336,2.336,2.336,2.336,2.336,2.336,2.336,2.336,2.336,2.336,2.336,2.336,2.336,2.336,2.336,2.336,2.336,2.336,2.336,2.336,2.336,2.336,2.336,2.336,2.336,2.336,2.336,2.336,2.336,2.336,2.336,2.336,2.336,2.336,2.336,2.336,2.336,2.336,2.336,2.336,2.336,2.336,2.336,2.336,2.336,2.336,2.336,2.336,2.336,2.336,2.336,2.336,2.336,2.336,2.336,2.336,2.336,2.336,2.336,2.336,2.336,2.336,2.336,2.336,2.336,2.336,2.336,2.336,2.336,2.336,2.336,2.336,2.336,2.336,2.336,2.336,2.336,2.336,2.336,2.336,2.336,2.336,2.336,2.336,2.336,2.336,2.336,2.336,2.336,2.336,2.336,2.336,2.336,2.336,2.336,2.336,2.336,2.336,2.336,2.336,2.336,2.336,2.336,2.336,2.336,2.336,2.336,2.336,2.336,2.336,2.336,2.336,2.336,2.336,2.336,2.336,2.336,2.336,2.336,2.336,2.336,2.336,2.336,2.336,2.336,2.336,2.336,2.336,2.336
Amrita,2.425,2.425,2.425,2.425,2.425,2.425,2.425,2.425,2.425,2.425,2.425,2.425,2.425,2.425,2.425,2.425,2.425,2.425,2.425,2.425,2.425,2.425,2.425,2.425,2.425,2.425,2.425,2.425,2.425,2.425,2.425,2.425,2.425,2.425,2.425,2.425,2.425,2.425,2.425,2.425,2.425,2.425,2.425,2.425,2.425,2.425,2.425,2.425,2.425,2.425,2.425,2.425,2.425,2.425,2.425,2.425,2.425,2.425,2.425,2.425,2.425,2.425,2.425,2.425,2.425,2.425,2.425,2.425,2.425,2.425,2.425,2.425,2.425,2.425,2.425,2.425,2.425,2.425,2.425,2.425,2.425,2.425,2.425,2.425,2.425,2.425,2.425,2.425,2.425,2.425,2.425,2.425,2.425,2.425,2.425,2.425,2.425,2.425,2.425,2.425,2.425,2.425,2.425,2.425,2.425,2.425,2.425,2.425,2.425,2.425,2.425,2.425,2.425,2.425,2.425,2.425,2.425,2.425,2.425,2.425,2.425,2.425,2.425,2.425,2.425,2.425,2.425,2.425,2.425,2.425,2.425,2.425,2.425,2.425,2.425,2.425,2.425,2.425,2.425,2.425,2.425,2.425,2.425,2.425,2.425,2.425,2.425,2.425,2.425,2.425,2.425,2.425,2.425,2.425,2.425,2.425,2.425,2.425,2.425,2.425,2.425,2.425,2.425,2.425,2.425,2.425,2.425,2.425,2.425,2.425,2.425,2.425,2.425,2.425,2.425,2.425,2.425,2.425,2.425,2.425,2.425,2.425,2.425,2.425,2.425,2.425,2.425,2.425,2.425,2.425,2.425,2.425,2.425,2.425,2.425,2.425,2.425,2.425,2.425,2.425,2.425,2.425,2.425,2.425,2.425,2.425,2.425,2.425,2.425,2.425,2.425,2.425,2.425,2.425,2.425,2.425,2.425,2.425,2.425,2.425,2.425,2.425,2.425,2.425,2.425,2.425,2.425,2.425,2.425,2.425,2.425,2.425,2.425,2.425,2.425,2.425,2.425,2.425,2.425,2.425,2.425,2.425,2.425,2.425,2.425,2.425,2.425,2.425,2.425,2.425,2.425,2.425,2.425,2.425,2.425,2.425,2.425,2.425,2.425,2.425,2.425,2.425,2.425,2.425,2.425,2.425,2.425,2.425,2.425,2.425,2.425,2.425,2.425,2.425,2.425,2.425,2.425,2.425,2.425,2.425,2.425,2.425,2.425,2.425,2.425,2.425,2.425,2.425,2.425,2.425,2.425
Amrita,2.461,2.461,2.461,2.461,2.461,2.461,2.461,2.461,2.461,2.461,2.461,2.461,2.461,2.461,2.461,2.461,2.461,2.461,2.461,2.461,2.461,2.461,2.461,2.461,2.461,2.461,2.461,2.461,2.461,2.461,2.461,2.461,2.461,2.461,2.461,2.461,2.461,2.461,2.461,2.461,2.461,2.461,2.461,2.461,2.461,2.461,2.461,2.461,2.461,2.461,2.461,2.461,2.461,2.461,2.461,2.461,2.461,2.461,2.461,2.461,2.461,2.461,2.461,2.461,2.461,2.461,2.461,2.461,2.461,2.461,2.461,2.461,2.461,2.461,2.461,2.461,2.461,2.461,2.461,2.461,2.461,2.461,2.461,2.461,2.461,2.461,2.461,2.461,2.461,2.461,2.461,2.461,2.461,2.461,2.461,2.461,2.461,2.461,2.461,2.461,2.461,2.461,2.461,2.461,2.461,2.461,2.461,2.461,2.461,2.461,2.461,2.461,2.461,2.461,2.461,2.461,2.461,2.461,2.461,2.461,2.461,2.461,2.461,2.461,2.461,2.461,2.461,2.461,2.461,2.461,2.461,2.461,2.461,2.461,2.461,2.461,2.461,2.461,2.461,2.461,2.461,2.461,2.461,2.461,2.461,2.461,2.461,2.461,2.461,2.461,2.461,2.461,2.461,2.461,2.461,2.461,2.461,2.461,2.461,2.461,2.461,2.461,2.461,2.461,2.461,2.461,2.461,2.461,2.461,2.461,2.461,2.461,2.461,2.461,2.461,2.461,2.461,2.461,2.461,2.461,2.461,2.461,2.461,2.461,2.461,2.461,2.461,2.461,2.461,2.461,2.461,2.461,2.461,2.461,2.461,2.461,2.461,2.461,2.461,2.461,2.461,2.461,2.461,2.461,2.461,2.461,2.461,2.461,2.461,2.461,2.461,2.461,2.461,2.461,2.461,2.461,2.461,2.461,2.461,2.461,2.461,2.461,2.461,2.461,2.461,2.461,2.461,2.461,2.461,2.461,2.461,2.461,2.461,2.461,2.461,2.461,2.461,2.461,2.461,2.461,2.461,2.461,2.461,2.461,2.461,2.461,2.461,2.461,2.461,2.461,2.461,2.461,2.461,2.461,2.461,2.461,2.461,2.461,2.461,2.461,2.461,2.461,2.461,2.461,2.461,2.461,2.461,2.461,2.461,2.461,2.461,2.461,2.461,2.461,2.461,2.461,2.461,2.461,2.461,2.461,2.461,2.461,2.461,2.461,2.461,2.461,2.461,2.461,2.461,2.461,2.461
Amrita,2.385,2.385,2.385,2.385,2.385,2.385,2.385,2.385,2.385,2.385,2.385,2.385,2.385,2.385,2.385,2.385,2.385,2.385,2.385,2.385,2.385,2.385,2.385,2.385,2.385,2.385,2.385,2.385,2.385,2.385,2.385,2.385,2.385,2.385,2.385,2.385,2.385,2.385,2.385,2.385,2.385,2.385,2.385,2.385,2.385,2.385,2.385,2.385,2.385,2.385,2.385,2.385,2.385,2.385,2.385,2.385,2.385,2.385,2.385,2.385,2.385,2.385,2.385,2.385,2.385,2.385,2.385,2.385,2.385,2.385,2.385,2.385,2.385,2.385,2.385,2.385,2.385,2.385,2.385,2.385,2.385,2.385,2.385,2.385,2.385,2.385,2.385,2.385,2.385,2.385,2.385,2.385,2.385,2.385,2.385,2.385,2.385,2.385,2.385,2.385,2.385,2.385,2.385,2.385,2.385,2.385,2.385,2.385,2.385,2.385,2.385,2.385,2.385,2.385,2.385,2.385,2.385,2.385,2.385,2.385,2.385,2.385,2.385,2.385,2.385,2.385,2.385,2.385,2.385,2.385,2.385,2.385,2.385,2.385,2.385,2.385,2.385,2.385,2.385,2.385,2.385,2.385,2.385,2.385,2.385,2.385,2.385,2.385,2.385,2.385,2.385,2.385,2.385,2.385,2.385,2.385,2.385,2.385,2.385,2.385,2.385,2.385,2.385,2.385,2.385,2.385,2.385,2.385,2.385,2.385,2.385,2.385,2.385,2.385,2.385,2.385,2.385,2.385,2.385,2.385,2.385,2.385,2.385,2.385,2.385,2.385,2.385,2.385,2.385,2.385,2.385,2.385,2.385,2.385,2.385,2.385,2.385,2.385,2.385,2.385,2.385,2.385,2.385,2.385,2.385,2.385,2.385,2.385,2.385,2.385,2.385,2.385,2.385,2.385,2.385,2.385,2.385,2.385,2.385,2.385,2.385,2.385,2.385,2.385,2.385,2.385,2.385,2.385,2.385,2.385,2.385,2.385,2.385,2.385,2.385,2.385,2.385,2.385,2.385,2.385,2.385,2.385,2.385,2.385,2.385,2.385,2.385,2.385,2.385,2.385,2.385,2.385,2.385,2.385,2.385,2.385,2.385,2.385,2.385,2.385,2.385,2.385,2.385,2.385,2.385,2.385,2.385,2.385,2.385,2.385,2.385,2.385,2.385,2.385,2.385,2.385,2.385,2.385,2.385,2.385,2.385,2.385,2.385,2.385,2.385,2.385,2.385,2.385,2.385,2.385,2.385
Amrita,2.299,2.299,2.299,2.299,2.299,2.299,2.299,2.299,2.299,2.299,2.299,2.299,2.299,2.299,2.299,2.299,2.299,2.299,2.299,2.299,2.299,2.299,2.299,2.299,2.299,2.299,2.299,2.299,2.299,2.299,2.299,2.299,2.299,2.299,2.299,2.299,2.299,2.299,2.299,2.299,2.299,2.299,2.299,2.299,2.299,2.299,2.299,2.299,2.299,2.299,2.299,2.299,2.299,2.299,2.299,2.299,2.299,2.299,2.299,2.299,2.299,2.299,2.299,2.299,2.299,2.299,2.299,2.299,2.299,2.299,2.299,2.299,2.299,2.299,2.299,2.299,2.299,2.299,2.299,2.299,2.299,2.299,2.299,2.299,2.299,2.299,2.299,2.299,2.299,2.299,2.299,2.299,2.299,2.299,2.299,2.299,2.299,2.299,2.299,2.299,2.299,2.299,2.299,2.299,2.299,2.299,2.299,2.299,2.299,2.299,2.299,2.299,2.299,2.299,2.299,2.299,2.299,2.299,2.299,2.299,2.299,2.299,2.299,2.299,2.299,2.299,2.299,2.299,2.299,2.299,2.299,2.299,2.299,2.299,2.299,2.299,2.299,2.299,2.299,2.299,2.299,2.299,2.299,2.299,2.299,2.299,2.299,2.299,2.299,2.299,2.299,2.299,2.299,2.299,2.299,2.299,2.299,2.299,2.299,2.299,2.299,2.299,2.299,2.299,2.299,2.299,2.299,2.299,2.299,2.299,2.299,2.299,2.299,2.299,2.299,2.299,2.299,2.299,2.299,2.299,2.299,2.299,2.299,2.299,2.299,2.299,2.299,2.299,2.299,2.299,2.299,2.299,2.299,2.299,2.299,2.299,2.299,2.299,2.299,2.299,2.299,2.299,2.299,2.299,2.299,2.299,2.299,2.299,2.299,2.299,2.299,2.299,2.299,2.299,2.299,2.299,2.299,2.299,2.299,2.299,2.299,2.299,2.299,2.299,2.299,2.299,2.299,2.299,2.299,2.299,2.299,2.299,2.299,2.299,2.299,2.299,2.299,2.299,2.299,2.299,2.299,2.299,2.299,2.299,2.299,2.299,2.299,2.299,2.299,2.299,2.299,2.299,2.299,2.299,2.299,2.299,2.299,2.299,2.299,2.299,2.299,2.299,2.299,2.299,2.299,2.299,2.299,2.299,2.299,2.299,2.299,2.299,2.299,2.299,2.299,2.299,2.299,2.299,2.299,2.299,2.299,2.299,2.299,2.299,2.299,2.299,2.299,2.299,2.299,2.299,2.299
Amrita,2.29,3.369,3.114,2.51,2.906,3.16,2.731,2.775,3.054,3.49,3.325,3.324,3.5,3.369,3.331,3.217,3.207,3.167,3.227,3.328,3.165,3.175,3.35,3.469,3.5,3.266,3.183,3.482,3.5,3.004,3.358,3.367,3.5,3.5,3.23,3.345,3.5,3.5,3.5,3.481,3.405,3.5,3.5,3.5,3.5,3.5,3.222,3.164,3.5,3.5,3.216,3.266,3.026,3.193,3.435,3.117,3.5,3.238,3.191,2.764,3.02,3.019,3.084,3.074,2.613,3.105,3.089,3.5,3.247,3.003,2.75,2.954,3.017,3.28,3.097,2.972,3.304,3.31,3.16,2.865,3.203,3.125,3.31,3.404,3.5,3.5,3.5,3.5,3.313,3.33,3.266,3.096,3.5,3.483,3.5,3.5,3.341,3.191,3.239,3.061,3.015,2.892,2.763,2.664,2.6,2.537,2.475,2.29,2.135,2.176,2.023,1.991,1.916,1.89,1.872,1.79,1.728,1.68,1.681,1.652,1.628,1.534,1.504,1.48,1.448,1.431,1.387,1.376,1.372,1.341,1.32,1.296,1.286,1.259,1.251,1.226,1.218,1.2,1.187,1.168,1.154,1.144,1.133,1.125,1.115,1.115,1.105,1.096,1.083,1.07,1.065,1.057,1.054,1.042,1.036,1.033,1.021,1.013,1.01,0.999,0.996,0.993,0.987,0.976,0.968,0.962,0.962,0.959,0.952,0.947,0.939,0.936,0.932,0.925,0.922,0.915,0.908,0.903,0.899,0.891,0.888,0.882,0.878,0.876,0.872,0.863,0.862,0.859,0.853,0.85,0.844,0.839,0.836,0.838,0.831,0.828,0.825,0.818,0.812,0.81,0.807,0.804,0.799,0.795,0.793,0.786,0.78,0.776,0.772,0.768,0.763,0.761,0.758,0.757,0.754,0.749,0.746,0.743,0.743,0.741,0.739,0.736,0.731,0.728,0.724,0.724,0.72,0.714,0.71,0.708,0.704,0.701,0.698,0.694,0.69,0.688,0.682,0.679,0.676,0.674,0.674,0.669,0.664,0.664,0.661,0.656,0.655,0.654,0.653,0.649,0.645,0.64,0.641,0.637,0.635,0.635,0.631,0.628,0.624,0.621,0.62,0.62,0.615,0.614,0.609,0.608,0.606,0.605,0.601,0.598,0.596,0.593,0.591,0.593,0.586,0.582,0.581,0.581,0.575,0.573,0.573,0.571,0.57,0.566,0.561,0.561,0.56,0.558,0.555,0.554,0.551
Amrita,2.894,3.5,3.5,3.5,3.5,3.262,3.5,3.5,3.5,3.5,3.5,3.455,3.5,3.273,3.5,3.5,3.193,3.5,3.5,3.229,3.5,3.5,3.5,3.5,3.5,3.5,3.5,3.5,3.5,3.5,3.5,3.5,3.5,3.5,3.5,3.5,3.5,3.5,3.5,3.5,3.5,3.5,3.5,3.5,3.5,3.5,3.412,3.5,3.5,3.5,2.913,3.5,3.5,3.5,3.5,3.5,3.5,3.172,2.739,3.482,3.5,3.5,3.5,3.5,3.5,3.5,3.5,3.5,3.5,3.5,3.319,3.342,3.5,3.5,3.5,3.5,3.5,3.5,3.5,3.027,2.991,3.5,3.5,3.075,3.4,3.235,3.425,3.04,3.008,2.923,3.5,3.5,3.5,3.5,3.073,3.063,3.5,3.5,3.5,3.5,3.5,3.5,3.5,3.5,3.289,3.203,2.8,2.583,2.426,2.295,2.216,2.155,2.101,2.018,1.944,1.885,1.827,1.773,1.717,1.668,1.635,1.594,1.552,1.519,1.486,1.459,1.432,1.406,1.384,1.356,1.333,1.314,1.299,1.271,1.256,1.238,1.224,1.212,1.194,1.183,1.17,1.162,1.15,1.14,1.135,1.126,1.115,1.106,1.095,1.094,1.083,1.073,1.066,1.062,1.055,1.047,1.032,1.029,1.024,1.019,1.012,1.01,1.003,0.993,0.991,0.984,0.98,0.98,0.976,0.969,0.963,0.959,0.952,0.95,0.945,0.939,0.936,0.93,0.925,0.92,0.916,0.912,0.909,0.906,0.903,0.901,0.899,0.894,0.891,0.889,0.883,0.88,0.879,0.878,0.874,0.872,0.869,0.867,0.864,0.862,0.858,0.856,0.852,0.849,0.846,0.84,0.835,0.834,0.832,0.829,0.826,0.825,0.824,0.822,0.821,0.819,0.819,0.816,0.812,0.812,0.814,0.813,0.808,0.806,0.805,0.804,0.801,0.799,0.797,0.795,0.794,0.793,0.79,0.783,0.781,0.781,0.776,0.774,0.771,0.772,0.772,0.767,0.763,0.762,0.761,0.76,0.76,0.759,0.757,0.755,0.752,0.752,0.749,0.748,0.75,0.747,0.747,0.746,0.743,0.74,0.74,0.74,0.738,0.737,0.735,0.734,0.732,0.732,0.731,0.731,0.73,0.724,0.73,0.733,0.722,0.719,0.719,0.721,0.719,0.718,0.718,0.715,0.714,0.712,0.711,0.713,0.712,0.708,0.708,0.71,0.707
Amrita,2.831,3.5,3.336,2.826,2.8,3.366,2.773,3.244,3.275,3.5,3.341,3.315,3.5,3.5,3.478,3.469,3.419,3.372,3.408,3.361,3.5,3.5,3.415,3.5,3.5,3.413,3.35,3.5,3.5,3.257,3.5,3.5,3.5,3.5,3.487,3.471,3.5,3.5,3.5,3.488,3.156,3.5,3.5,3.5,3.5,3.5,3.201,3.5,3.418,3.5,3.5,3.5,2.767,3.261,3.5,3.5,3.5,3.5,3.1,3.287,3.292,3.404,3.462,3.296,3.404,3.266,3.081,3.5,3.5,3.377,3.5,3.34,3.182,3.044,3.446,3.012,3.5,3.5,3.5,2.851,3.375,3.5,3.5,3.5,3.5,3.5,3.5,3.5,3.266,3.188,3.471,3.452,3.5,3.5,3.5,3.5,3.5,3.5,3.5,3.5,3.5,3.269,3.069,2.932,2.839,2.752,2.668,2.603,2.549,2.514,2.474,2.439,2.41,2.288,2.356,2.332,2.247,2.286,2.267,2.247,2.229,2.114,2.047,2.05,1.88,1.931,1.775,1.749,1.719,1.649,1.567,1.522,1.477,1.41,1.377,1.319,1.273,1.239,1.19,1.151,1.122,1.088,1.057,1.029,1,0.972,0.948,0.926,0.903,0.884,0.864,0.841,0.824,0.809,0.793,0.779,0.76,0.749,0.737,0.723,0.713,0.702,0.692,0.679,0.671,0.661,0.652,0.645,0.638,0.628,0.619,0.612,0.605,0.597,0.591,0.584,0.577,0.57,0.563,0.557,0.551,0.546,0.542,0.536,0.53,0.525,0.52,0.516,0.512,0.508,0.501,0.497,0.493,0.49,0.485,0.481,0.478,0.473,0.469,0.466,0.462,0.458,0.453,0.45,0.447,0.442,0.436,0.433,0.429,0.426,0.423,0.42,0.417,0.415,0.413,0.41,0.408,0.404,0.402,0.401,0.399,0.397,0.393,0.39,0.388,0.386,0.383,0.38,0.378,0.375,0.373,0.371,0.368,0.365,0.362,0.361,0.358,0.355,0.353,0.352,0.352,0.348,0.345,0.344,0.343,0.341,0.341,0.34,0.338,0.336,0.333,0.332,0.331,0.33,0.329,0.328,0.326,0.326,0.323,0.322,0.321,0.321,0.319,0.317,0.316,0.316,0.315,0.314,0.312,0.31,0.309,0.308,0.309,0.311,0.305,0.303,0.303,0.303,0.302,0.301,0.301,0.3,0.298,0.296,0.295,0.297,0.295,0.294,0.293,0.293,0.292
